ISO-10303-21;
HEADER;
/* Generated by software containing ST-Developer
 * from STEP Tools, Inc. (www.steptools.com) 
 */

FILE_DESCRIPTION(
/* description */ ('KiCad electronic assembly'),
/* implementation_level */ '2;1');

FILE_NAME(
/* name */ 'Cover.step',
/* time_stamp */ '2026-09-22T19:27:21+05:30',
/* author */ (''),
/* organization */ (''),
/* preprocessor_version */ 'ST-DEVELOPER v20.2',
/* originating_system */ 'Autodesk Translation Framework v15.15.0.0',
/* authorisation */ '');

FILE_SCHEMA (('AUTOMOTIVE_DESIGN { 1 0 10303 214 3 1 1 }'));
ENDSEC;

DATA;
#10=MECHANICAL_DESIGN_GEOMETRIC_PRESENTATION_REPRESENTATION('',(#17),#2669);
#11=SHAPE_REPRESENTATION_RELATIONSHIP('SRR','None',#2679,#12);
#12=ADVANCED_BREP_SHAPE_REPRESENTATION('',(#18),#2667);
#13=ITEM_DEFINED_TRANSFORMATION($,$,#1549,#1684);
#14=(
REPRESENTATION_RELATIONSHIP($,$,#2680,#2679)
REPRESENTATION_RELATIONSHIP_WITH_TRANSFORMATION(#13)
SHAPE_REPRESENTATION_RELATIONSHIP()
);
#15=CONTEXT_DEPENDENT_SHAPE_REPRESENTATION(#14,#2678);
#16=NEXT_ASSEMBLY_USAGE_OCCURRENCE('BrushedFrame:1','BrushedFrame:1',
'BrushedFrame:1',#2682,#2683,'BrushedFrame:1');
#17=STYLED_ITEM('',(#2693),#18);
#18=MANIFOLD_SOLID_BREP('cover',#1535);
#19=FACE_BOUND('',#210,.T.);
#20=FACE_BOUND('',#217,.T.);
#21=FACE_BOUND('',#223,.T.);
#22=FACE_BOUND('',#230,.T.);
#23=FACE_BOUND('',#235,.T.);
#24=FACE_BOUND('',#268,.T.);
#25=B_SPLINE_CURVE_WITH_KNOTS('',3,(#2220,#2221,#2222,#2223,#2224,#2225,
#2226,#2227,#2228,#2229,#2230,#2231,#2232,#2233),.UNSPECIFIED.,.F.,.F.,
(4,2,2,2,2,2,4),(0.,0.0295074007273292,0.0590148014546584,0.118029602909317,
0.236059205818634,0.306297941835982,0.346498130309413),.UNSPECIFIED.);
#26=B_SPLINE_CURVE_WITH_KNOTS('',3,(#2237,#2238,#2239,#2240,#2241,#2242,
#2243,#2244,#2245,#2246,#2247,#2248,#2249,#2250),.UNSPECIFIED.,.F.,.F.,
(4,2,2,2,2,2,4),(-0.346498130309417,-0.306297941835982,-0.236059205818634,
-0.118029602909317,-0.0590148014546585,-0.0295074007273293,0.),
 .UNSPECIFIED.);
#27=B_SPLINE_CURVE_WITH_KNOTS('',3,(#2292,#2293,#2294,#2295,#2296,#2297,
#2298,#2299,#2300,#2301,#2302,#2303,#2304,#2305),.UNSPECIFIED.,.F.,.F.,
(4,2,2,2,2,2,4),(0.,0.0295074007273292,0.0590148014546584,0.118029602909317,
0.236059205818634,0.306297941835982,0.346498130309416),.UNSPECIFIED.);
#28=B_SPLINE_CURVE_WITH_KNOTS('',3,(#2309,#2310,#2311,#2312,#2313,#2314,
#2315,#2316,#2317,#2318,#2319,#2320,#2321,#2322),.UNSPECIFIED.,.F.,.F.,
(4,2,2,2,2,2,4),(-0.346498130309415,-0.306297941835982,-0.236059205818634,
-0.118029602909317,-0.0590148014546581,-0.0295074007273288,0.),
 .UNSPECIFIED.);
#29=B_SPLINE_CURVE_WITH_KNOTS('',3,(#2360,#2361,#2362,#2363,#2364,#2365,
#2366,#2367,#2368,#2369,#2370,#2371,#2372,#2373),.UNSPECIFIED.,.F.,.F.,
(4,2,2,2,2,2,4),(0.,0.0295074007273292,0.0590148014546584,0.118029602909317,
0.236059205818633,0.306297941835982,0.346498130309416),.UNSPECIFIED.);
#30=B_SPLINE_CURVE_WITH_KNOTS('',3,(#2377,#2378,#2379,#2380,#2381,#2382,
#2383,#2384,#2385,#2386,#2387,#2388,#2389,#2390),.UNSPECIFIED.,.F.,.F.,
(4,2,2,2,2,2,4),(-0.346498130309413,-0.306297941835982,-0.236059205818634,
-0.118029602909317,-0.0590148014546585,-0.0295074007273293,0.),
 .UNSPECIFIED.);
#31=B_SPLINE_CURVE_WITH_KNOTS('',3,(#2428,#2429,#2430,#2431,#2432,#2433,
#2434,#2435,#2436,#2437,#2438,#2439,#2440,#2441),.UNSPECIFIED.,.F.,.F.,
(4,2,2,2,2,2,4),(0.,0.0295074007273292,0.0590148014546584,0.118029602909317,
0.236059205818633,0.306297941835982,0.346498130309412),.UNSPECIFIED.);
#32=B_SPLINE_CURVE_WITH_KNOTS('',3,(#2445,#2446,#2447,#2448,#2449,#2450,
#2451,#2452,#2453,#2454,#2455,#2456,#2457,#2458),.UNSPECIFIED.,.F.,.F.,
(4,2,2,2,2,2,4),(-0.346498130309416,-0.306297941835982,-0.236059205818634,
-0.118029602909317,-0.0590148014546585,-0.0295074007273293,0.),
 .UNSPECIFIED.);
#33=ELLIPSE('',#1554,2.73351207573691,2.);
#34=ELLIPSE('',#1559,2.73351207573691,2.);
#35=ELLIPSE('',#1564,2.73351207573692,2.);
#36=ELLIPSE('',#1569,2.73351207573692,2.);
#37=ELLIPSE('',#1627,2.81429871651071,2.);
#38=ELLIPSE('',#1635,2.81429871651072,2.);
#39=ELLIPSE('',#1641,2.81429871651072,2.);
#40=ELLIPSE('',#1647,2.81429871651072,2.);
#41=PLANE('',#1553);
#42=PLANE('',#1558);
#43=PLANE('',#1563);
#44=PLANE('',#1568);
#45=PLANE('',#1573);
#46=PLANE('',#1577);
#47=PLANE('',#1581);
#48=PLANE('',#1585);
#49=PLANE('',#1593);
#50=PLANE('',#1594);
#51=PLANE('',#1595);
#52=PLANE('',#1596);
#53=PLANE('',#1598);
#54=PLANE('',#1603);
#55=PLANE('',#1607);
#56=PLANE('',#1612);
#57=PLANE('',#1622);
#58=PLANE('',#1623);
#59=PLANE('',#1624);
#60=PLANE('',#1625);
#61=PLANE('',#1630);
#62=PLANE('',#1631);
#63=PLANE('',#1636);
#64=PLANE('',#1638);
#65=PLANE('',#1639);
#66=PLANE('',#1643);
#67=PLANE('',#1648);
#68=PLANE('',#1649);
#69=PLANE('',#1650);
#70=PLANE('',#1651);
#71=PLANE('',#1652);
#72=PLANE('',#1653);
#73=PLANE('',#1654);
#74=PLANE('',#1655);
#75=PLANE('',#1656);
#76=PLANE('',#1657);
#77=PLANE('',#1658);
#78=PLANE('',#1659);
#79=PLANE('',#1660);
#80=PLANE('',#1661);
#81=PLANE('',#1662);
#82=PLANE('',#1663);
#83=PLANE('',#1664);
#84=PLANE('',#1665);
#85=PLANE('',#1666);
#86=PLANE('',#1667);
#87=PLANE('',#1668);
#88=PLANE('',#1669);
#89=PLANE('',#1670);
#90=PLANE('',#1671);
#91=PLANE('',#1672);
#92=PLANE('',#1673);
#93=PLANE('',#1674);
#94=PLANE('',#1675);
#95=PLANE('',#1676);
#96=PLANE('',#1677);
#97=PLANE('',#1678);
#98=PLANE('',#1679);
#99=PLANE('',#1680);
#100=PLANE('',#1681);
#101=PLANE('',#1682);
#102=PLANE('',#1683);
#103=FACE_OUTER_BOUND('',#189,.T.);
#104=FACE_OUTER_BOUND('',#190,.T.);
#105=FACE_OUTER_BOUND('',#191,.T.);
#106=FACE_OUTER_BOUND('',#192,.T.);
#107=FACE_OUTER_BOUND('',#193,.T.);
#108=FACE_OUTER_BOUND('',#194,.T.);
#109=FACE_OUTER_BOUND('',#195,.T.);
#110=FACE_OUTER_BOUND('',#196,.T.);
#111=FACE_OUTER_BOUND('',#197,.T.);
#112=FACE_OUTER_BOUND('',#198,.T.);
#113=FACE_OUTER_BOUND('',#199,.T.);
#114=FACE_OUTER_BOUND('',#200,.T.);
#115=FACE_OUTER_BOUND('',#201,.T.);
#116=FACE_OUTER_BOUND('',#202,.T.);
#117=FACE_OUTER_BOUND('',#203,.T.);
#118=FACE_OUTER_BOUND('',#204,.T.);
#119=FACE_OUTER_BOUND('',#205,.T.);
#120=FACE_OUTER_BOUND('',#206,.T.);
#121=FACE_OUTER_BOUND('',#207,.T.);
#122=FACE_OUTER_BOUND('',#208,.T.);
#123=FACE_OUTER_BOUND('',#209,.T.);
#124=FACE_OUTER_BOUND('',#211,.T.);
#125=FACE_OUTER_BOUND('',#212,.T.);
#126=FACE_OUTER_BOUND('',#213,.T.);
#127=FACE_OUTER_BOUND('',#214,.T.);
#128=FACE_OUTER_BOUND('',#215,.T.);
#129=FACE_OUTER_BOUND('',#216,.T.);
#130=FACE_OUTER_BOUND('',#218,.T.);
#131=FACE_OUTER_BOUND('',#219,.T.);
#132=FACE_OUTER_BOUND('',#220,.T.);
#133=FACE_OUTER_BOUND('',#221,.T.);
#134=FACE_OUTER_BOUND('',#222,.T.);
#135=FACE_OUTER_BOUND('',#224,.T.);
#136=FACE_OUTER_BOUND('',#225,.T.);
#137=FACE_OUTER_BOUND('',#226,.T.);
#138=FACE_OUTER_BOUND('',#227,.T.);
#139=FACE_OUTER_BOUND('',#228,.T.);
#140=FACE_OUTER_BOUND('',#229,.T.);
#141=FACE_OUTER_BOUND('',#231,.T.);
#142=FACE_OUTER_BOUND('',#232,.T.);
#143=FACE_OUTER_BOUND('',#233,.T.);
#144=FACE_OUTER_BOUND('',#234,.T.);
#145=FACE_OUTER_BOUND('',#236,.T.);
#146=FACE_OUTER_BOUND('',#237,.T.);
#147=FACE_OUTER_BOUND('',#238,.T.);
#148=FACE_OUTER_BOUND('',#239,.T.);
#149=FACE_OUTER_BOUND('',#240,.T.);
#150=FACE_OUTER_BOUND('',#241,.T.);
#151=FACE_OUTER_BOUND('',#242,.T.);
#152=FACE_OUTER_BOUND('',#243,.T.);
#153=FACE_OUTER_BOUND('',#244,.T.);
#154=FACE_OUTER_BOUND('',#245,.T.);
#155=FACE_OUTER_BOUND('',#246,.T.);
#156=FACE_OUTER_BOUND('',#247,.T.);
#157=FACE_OUTER_BOUND('',#248,.T.);
#158=FACE_OUTER_BOUND('',#249,.T.);
#159=FACE_OUTER_BOUND('',#250,.T.);
#160=FACE_OUTER_BOUND('',#251,.T.);
#161=FACE_OUTER_BOUND('',#252,.T.);
#162=FACE_OUTER_BOUND('',#253,.T.);
#163=FACE_OUTER_BOUND('',#254,.T.);
#164=FACE_OUTER_BOUND('',#255,.T.);
#165=FACE_OUTER_BOUND('',#256,.T.);
#166=FACE_OUTER_BOUND('',#257,.T.);
#167=FACE_OUTER_BOUND('',#258,.T.);
#168=FACE_OUTER_BOUND('',#259,.T.);
#169=FACE_OUTER_BOUND('',#260,.T.);
#170=FACE_OUTER_BOUND('',#261,.T.);
#171=FACE_OUTER_BOUND('',#262,.T.);
#172=FACE_OUTER_BOUND('',#263,.T.);
#173=FACE_OUTER_BOUND('',#264,.T.);
#174=FACE_OUTER_BOUND('',#265,.T.);
#175=FACE_OUTER_BOUND('',#266,.T.);
#176=FACE_OUTER_BOUND('',#267,.T.);
#177=FACE_OUTER_BOUND('',#269,.T.);
#178=FACE_OUTER_BOUND('',#270,.T.);
#179=FACE_OUTER_BOUND('',#271,.T.);
#180=FACE_OUTER_BOUND('',#272,.T.);
#181=FACE_OUTER_BOUND('',#273,.T.);
#182=FACE_OUTER_BOUND('',#274,.T.);
#183=FACE_OUTER_BOUND('',#275,.T.);
#184=FACE_OUTER_BOUND('',#276,.T.);
#185=FACE_OUTER_BOUND('',#277,.T.);
#186=FACE_OUTER_BOUND('',#278,.T.);
#187=FACE_OUTER_BOUND('',#279,.T.);
#188=FACE_OUTER_BOUND('',#280,.T.);
#189=EDGE_LOOP('',(#993,#994,#995,#996));
#190=EDGE_LOOP('',(#997,#998,#999,#1000,#1001));
#191=EDGE_LOOP('',(#1002,#1003,#1004,#1005));
#192=EDGE_LOOP('',(#1006,#1007,#1008,#1009,#1010));
#193=EDGE_LOOP('',(#1011,#1012,#1013,#1014));
#194=EDGE_LOOP('',(#1015,#1016,#1017,#1018,#1019));
#195=EDGE_LOOP('',(#1020,#1021,#1022,#1023));
#196=EDGE_LOOP('',(#1024,#1025,#1026,#1027,#1028));
#197=EDGE_LOOP('',(#1029,#1030,#1031,#1032));
#198=EDGE_LOOP('',(#1033));
#199=EDGE_LOOP('',(#1034,#1035,#1036,#1037));
#200=EDGE_LOOP('',(#1038));
#201=EDGE_LOOP('',(#1039,#1040,#1041,#1042));
#202=EDGE_LOOP('',(#1043));
#203=EDGE_LOOP('',(#1044,#1045,#1046,#1047));
#204=EDGE_LOOP('',(#1048));
#205=EDGE_LOOP('',(#1049,#1050,#1051,#1052));
#206=EDGE_LOOP('',(#1053,#1054,#1055,#1056));
#207=EDGE_LOOP('',(#1057,#1058,#1059,#1060));
#208=EDGE_LOOP('',(#1061,#1062,#1063,#1064));
#209=EDGE_LOOP('',(#1065,#1066,#1067,#1068,#1069,#1070,#1071,#1072));
#210=EDGE_LOOP('',(#1073));
#211=EDGE_LOOP('',(#1074,#1075,#1076,#1077));
#212=EDGE_LOOP('',(#1078,#1079,#1080,#1081,#1082,#1083,#1084,#1085,#1086,
#1087));
#213=EDGE_LOOP('',(#1088,#1089,#1090,#1091));
#214=EDGE_LOOP('',(#1092,#1093,#1094,#1095,#1096,#1097,#1098,#1099,#1100,
#1101));
#215=EDGE_LOOP('',(#1102,#1103,#1104,#1105));
#216=EDGE_LOOP('',(#1106,#1107,#1108,#1109,#1110,#1111,#1112,#1113));
#217=EDGE_LOOP('',(#1114));
#218=EDGE_LOOP('',(#1115,#1116,#1117,#1118));
#219=EDGE_LOOP('',(#1119,#1120,#1121,#1122));
#220=EDGE_LOOP('',(#1123,#1124,#1125,#1126,#1127,#1128,#1129,#1130,#1131,
#1132));
#221=EDGE_LOOP('',(#1133,#1134,#1135,#1136));
#222=EDGE_LOOP('',(#1137,#1138,#1139,#1140,#1141,#1142,#1143,#1144));
#223=EDGE_LOOP('',(#1145));
#224=EDGE_LOOP('',(#1146,#1147,#1148,#1149));
#225=EDGE_LOOP('',(#1150,#1151,#1152,#1153));
#226=EDGE_LOOP('',(#1154,#1155,#1156,#1157));
#227=EDGE_LOOP('',(#1158,#1159,#1160,#1161));
#228=EDGE_LOOP('',(#1162,#1163,#1164,#1165));
#229=EDGE_LOOP('',(#1166,#1167,#1168,#1169,#1170,#1171,#1172,#1173));
#230=EDGE_LOOP('',(#1174));
#231=EDGE_LOOP('',(#1175,#1176,#1177,#1178));
#232=EDGE_LOOP('',(#1179,#1180,#1181,#1182,#1183,#1184,#1185,#1186,#1187,
#1188));
#233=EDGE_LOOP('',(#1189,#1190,#1191,#1192,#1193,#1194));
#234=EDGE_LOOP('',(#1195,#1196,#1197,#1198,#1199,#1200,#1201,#1202,#1203,
#1204,#1205,#1206));
#235=EDGE_LOOP('',(#1207,#1208,#1209,#1210));
#236=EDGE_LOOP('',(#1211,#1212,#1213,#1214,#1215));
#237=EDGE_LOOP('',(#1216,#1217,#1218,#1219,#1220,#1221));
#238=EDGE_LOOP('',(#1222,#1223,#1224,#1225,#1226,#1227));
#239=EDGE_LOOP('',(#1228,#1229,#1230,#1231,#1232));
#240=EDGE_LOOP('',(#1233,#1234,#1235,#1236,#1237));
#241=EDGE_LOOP('',(#1238,#1239,#1240,#1241,#1242,#1243));
#242=EDGE_LOOP('',(#1244,#1245,#1246,#1247,#1248));
#243=EDGE_LOOP('',(#1249,#1250,#1251,#1252,#1253,#1254));
#244=EDGE_LOOP('',(#1255,#1256,#1257,#1258,#1259,#1260));
#245=EDGE_LOOP('',(#1261,#1262,#1263,#1264,#1265));
#246=EDGE_LOOP('',(#1266,#1267,#1268,#1269,#1270));
#247=EDGE_LOOP('',(#1271,#1272,#1273,#1274));
#248=EDGE_LOOP('',(#1275,#1276,#1277,#1278,#1279));
#249=EDGE_LOOP('',(#1280,#1281,#1282,#1283));
#250=EDGE_LOOP('',(#1284,#1285,#1286,#1287,#1288));
#251=EDGE_LOOP('',(#1289,#1290,#1291,#1292,#1293));
#252=EDGE_LOOP('',(#1294,#1295,#1296,#1297));
#253=EDGE_LOOP('',(#1298,#1299,#1300,#1301));
#254=EDGE_LOOP('',(#1302,#1303,#1304,#1305,#1306));
#255=EDGE_LOOP('',(#1307,#1308,#1309,#1310,#1311));
#256=EDGE_LOOP('',(#1312,#1313,#1314,#1315,#1316));
#257=EDGE_LOOP('',(#1317,#1318,#1319,#1320,#1321));
#258=EDGE_LOOP('',(#1322,#1323,#1324,#1325));
#259=EDGE_LOOP('',(#1326,#1327,#1328,#1329));
#260=EDGE_LOOP('',(#1330,#1331,#1332,#1333));
#261=EDGE_LOOP('',(#1334,#1335,#1336,#1337));
#262=EDGE_LOOP('',(#1338,#1339,#1340,#1341));
#263=EDGE_LOOP('',(#1342,#1343,#1344,#1345));
#264=EDGE_LOOP('',(#1346,#1347,#1348,#1349));
#265=EDGE_LOOP('',(#1350,#1351,#1352,#1353));
#266=EDGE_LOOP('',(#1354,#1355,#1356,#1357));
#267=EDGE_LOOP('',(#1358,#1359,#1360,#1361,#1362,#1363,#1364,#1365,#1366,
#1367,#1368,#1369));
#268=EDGE_LOOP('',(#1370,#1371,#1372,#1373));
#269=EDGE_LOOP('',(#1374,#1375,#1376,#1377));
#270=EDGE_LOOP('',(#1378,#1379,#1380,#1381));
#271=EDGE_LOOP('',(#1382,#1383,#1384,#1385));
#272=EDGE_LOOP('',(#1386,#1387,#1388,#1389));
#273=EDGE_LOOP('',(#1390,#1391,#1392,#1393));
#274=EDGE_LOOP('',(#1394,#1395,#1396,#1397));
#275=EDGE_LOOP('',(#1398,#1399,#1400,#1401));
#276=EDGE_LOOP('',(#1402,#1403,#1404,#1405,#1406));
#277=EDGE_LOOP('',(#1407,#1408,#1409,#1410,#1411));
#278=EDGE_LOOP('',(#1412,#1413,#1414,#1415));
#279=EDGE_LOOP('',(#1416,#1417,#1418,#1419));
#280=EDGE_LOOP('',(#1420,#1421,#1422,#1423,#1424));
#281=LINE('',#2126,#441);
#282=LINE('',#2129,#442);
#283=LINE('',#2132,#443);
#284=LINE('',#2134,#444);
#285=LINE('',#2137,#445);
#286=LINE('',#2143,#446);
#287=LINE('',#2146,#447);
#288=LINE('',#2149,#448);
#289=LINE('',#2153,#449);
#290=LINE('',#2154,#450);
#291=LINE('',#2160,#451);
#292=LINE('',#2163,#452);
#293=LINE('',#2166,#453);
#294=LINE('',#2170,#454);
#295=LINE('',#2171,#455);
#296=LINE('',#2177,#456);
#297=LINE('',#2180,#457);
#298=LINE('',#2183,#458);
#299=LINE('',#2185,#459);
#300=LINE('',#2188,#460);
#301=LINE('',#2193,#461);
#302=LINE('',#2200,#462);
#303=LINE('',#2207,#463);
#304=LINE('',#2214,#464);
#305=LINE('',#2235,#465);
#306=LINE('',#2251,#466);
#307=LINE('',#2256,#467);
#308=LINE('',#2262,#468);
#309=LINE('',#2266,#469);
#310=LINE('',#2268,#470);
#311=LINE('',#2269,#471);
#312=LINE('',#2272,#472);
#313=LINE('',#2274,#473);
#314=LINE('',#2276,#474);
#315=LINE('',#2277,#475);
#316=LINE('',#2280,#476);
#317=LINE('',#2281,#477);
#318=LINE('',#2284,#478);
#319=LINE('',#2285,#479);
#320=LINE('',#2287,#480);
#321=LINE('',#2288,#481);
#322=LINE('',#2307,#482);
#323=LINE('',#2323,#483);
#324=LINE('',#2326,#484);
#325=LINE('',#2328,#485);
#326=LINE('',#2330,#486);
#327=LINE('',#2335,#487);
#328=LINE('',#2337,#488);
#329=LINE('',#2338,#489);
#330=LINE('',#2342,#490);
#331=LINE('',#2347,#491);
#332=LINE('',#2349,#492);
#333=LINE('',#2351,#493);
#334=LINE('',#2353,#494);
#335=LINE('',#2354,#495);
#336=LINE('',#2356,#496);
#337=LINE('',#2375,#497);
#338=LINE('',#2391,#498);
#339=LINE('',#2394,#499);
#340=LINE('',#2396,#500);
#341=LINE('',#2398,#501);
#342=LINE('',#2403,#502);
#343=LINE('',#2405,#503);
#344=LINE('',#2406,#504);
#345=LINE('',#2410,#505);
#346=LINE('',#2415,#506);
#347=LINE('',#2417,#507);
#348=LINE('',#2419,#508);
#349=LINE('',#2421,#509);
#350=LINE('',#2422,#510);
#351=LINE('',#2424,#511);
#352=LINE('',#2443,#512);
#353=LINE('',#2459,#513);
#354=LINE('',#2464,#514);
#355=LINE('',#2470,#515);
#356=LINE('',#2474,#516);
#357=LINE('',#2476,#517);
#358=LINE('',#2477,#518);
#359=LINE('',#2480,#519);
#360=LINE('',#2482,#520);
#361=LINE('',#2484,#521);
#362=LINE('',#2485,#522);
#363=LINE('',#2488,#523);
#364=LINE('',#2489,#524);
#365=LINE('',#2492,#525);
#366=LINE('',#2493,#526);
#367=LINE('',#2495,#527);
#368=LINE('',#2496,#528);
#369=LINE('',#2501,#529);
#370=LINE('',#2505,#530);
#371=LINE('',#2509,#531);
#372=LINE('',#2511,#532);
#373=LINE('',#2513,#533);
#374=LINE('',#2515,#534);
#375=LINE('',#2517,#535);
#376=LINE('',#2519,#536);
#377=LINE('',#2521,#537);
#378=LINE('',#2523,#538);
#379=LINE('',#2525,#539);
#380=LINE('',#2527,#540);
#381=LINE('',#2528,#541);
#382=LINE('',#2531,#542);
#383=LINE('',#2533,#543);
#384=LINE('',#2535,#544);
#385=LINE('',#2536,#545);
#386=LINE('',#2539,#546);
#387=LINE('',#2540,#547);
#388=LINE('',#2546,#548);
#389=LINE('',#2550,#549);
#390=LINE('',#2552,#550);
#391=LINE('',#2554,#551);
#392=LINE('',#2557,#552);
#393=LINE('',#2558,#553);
#394=LINE('',#2559,#554);
#395=LINE('',#2564,#555);
#396=LINE('',#2568,#556);
#397=LINE('',#2569,#557);
#398=LINE('',#2575,#558);
#399=LINE('',#2579,#559);
#400=LINE('',#2581,#560);
#401=LINE('',#2582,#561);
#402=LINE('',#2584,#562);
#403=LINE('',#2585,#563);
#404=LINE('',#2586,#564);
#405=LINE('',#2589,#565);
#406=LINE('',#2590,#566);
#407=LINE('',#2591,#567);
#408=LINE('',#2593,#568);
#409=LINE('',#2594,#569);
#410=LINE('',#2596,#570);
#411=LINE('',#2597,#571);
#412=LINE('',#2599,#572);
#413=LINE('',#2601,#573);
#414=LINE('',#2603,#574);
#415=LINE('',#2604,#575);
#416=LINE('',#2606,#576);
#417=LINE('',#2607,#577);
#418=LINE('',#2608,#578);
#419=LINE('',#2610,#579);
#420=LINE('',#2611,#580);
#421=LINE('',#2614,#581);
#422=LINE('',#2616,#582);
#423=LINE('',#2618,#583);
#424=LINE('',#2620,#584);
#425=LINE('',#2627,#585);
#426=LINE('',#2628,#586);
#427=LINE('',#2631,#587);
#428=LINE('',#2633,#588);
#429=LINE('',#2634,#589);
#430=LINE('',#2637,#590);
#431=LINE('',#2638,#591);
#432=LINE('',#2641,#592);
#433=LINE('',#2642,#593);
#434=LINE('',#2643,#594);
#435=LINE('',#2645,#595);
#436=LINE('',#2646,#596);
#437=LINE('',#2648,#597);
#438=LINE('',#2651,#598);
#439=LINE('',#2653,#599);
#440=LINE('',#2655,#600);
#441=VECTOR('',#1693,10.);
#442=VECTOR('',#1696,10.);
#443=VECTOR('',#1699,10.);
#444=VECTOR('',#1700,10.);
#445=VECTOR('',#1703,10.);
#446=VECTOR('',#1708,10.);
#447=VECTOR('',#1711,10.);
#448=VECTOR('',#1714,10.);
#449=VECTOR('',#1717,10.);
#450=VECTOR('',#1718,10.);
#451=VECTOR('',#1723,10.);
#452=VECTOR('',#1726,10.);
#453=VECTOR('',#1729,10.);
#454=VECTOR('',#1732,10.);
#455=VECTOR('',#1733,10.);
#456=VECTOR('',#1738,10.);
#457=VECTOR('',#1741,10.);
#458=VECTOR('',#1744,10.);
#459=VECTOR('',#1745,10.);
#460=VECTOR('',#1748,10.);
#461=VECTOR('',#1753,1.49999999999999);
#462=VECTOR('',#1762,1.5);
#463=VECTOR('',#1771,1.50000000000002);
#464=VECTOR('',#1780,1.5);
#465=VECTOR('',#1787,2.);
#466=VECTOR('',#1788,10.);
#467=VECTOR('',#1793,10.);
#468=VECTOR('',#1800,10.);
#469=VECTOR('',#1805,10.);
#470=VECTOR('',#1806,10.);
#471=VECTOR('',#1807,10.);
#472=VECTOR('',#1810,10.);
#473=VECTOR('',#1811,10.);
#474=VECTOR('',#1812,10.);
#475=VECTOR('',#1813,10.);
#476=VECTOR('',#1816,10.);
#477=VECTOR('',#1817,10.);
#478=VECTOR('',#1820,10.);
#479=VECTOR('',#1821,10.);
#480=VECTOR('',#1822,10.);
#481=VECTOR('',#1823,10.);
#482=VECTOR('',#1826,2.);
#483=VECTOR('',#1827,10.);
#484=VECTOR('',#1830,10.);
#485=VECTOR('',#1831,10.);
#486=VECTOR('',#1832,10.);
#487=VECTOR('',#1837,10.);
#488=VECTOR('',#1838,10.);
#489=VECTOR('',#1839,10.);
#490=VECTOR('',#1844,10.);
#491=VECTOR('',#1849,10.);
#492=VECTOR('',#1850,10.);
#493=VECTOR('',#1851,10.);
#494=VECTOR('',#1852,10.);
#495=VECTOR('',#1853,10.);
#496=VECTOR('',#1856,10.);
#497=VECTOR('',#1859,2.);
#498=VECTOR('',#1860,10.);
#499=VECTOR('',#1863,10.);
#500=VECTOR('',#1864,10.);
#501=VECTOR('',#1865,10.);
#502=VECTOR('',#1870,10.);
#503=VECTOR('',#1871,10.);
#504=VECTOR('',#1872,10.);
#505=VECTOR('',#1877,10.);
#506=VECTOR('',#1882,10.);
#507=VECTOR('',#1883,10.);
#508=VECTOR('',#1884,10.);
#509=VECTOR('',#1885,10.);
#510=VECTOR('',#1886,10.);
#511=VECTOR('',#1889,10.);
#512=VECTOR('',#1892,2.);
#513=VECTOR('',#1893,10.);
#514=VECTOR('',#1898,10.);
#515=VECTOR('',#1905,10.);
#516=VECTOR('',#1910,10.);
#517=VECTOR('',#1911,10.);
#518=VECTOR('',#1912,10.);
#519=VECTOR('',#1915,10.);
#520=VECTOR('',#1916,10.);
#521=VECTOR('',#1917,10.);
#522=VECTOR('',#1918,10.);
#523=VECTOR('',#1921,10.);
#524=VECTOR('',#1922,10.);
#525=VECTOR('',#1925,10.);
#526=VECTOR('',#1926,10.);
#527=VECTOR('',#1927,10.);
#528=VECTOR('',#1928,10.);
#529=VECTOR('',#1933,10.);
#530=VECTOR('',#1936,10.);
#531=VECTOR('',#1941,10.);
#532=VECTOR('',#1942,10.);
#533=VECTOR('',#1943,10.);
#534=VECTOR('',#1944,10.);
#535=VECTOR('',#1945,10.);
#536=VECTOR('',#1946,10.);
#537=VECTOR('',#1947,10.);
#538=VECTOR('',#1948,10.);
#539=VECTOR('',#1949,10.);
#540=VECTOR('',#1950,10.);
#541=VECTOR('',#1951,10.);
#542=VECTOR('',#1952,10.);
#543=VECTOR('',#1953,10.);
#544=VECTOR('',#1954,10.);
#545=VECTOR('',#1955,10.);
#546=VECTOR('',#1958,10.);
#547=VECTOR('',#1959,10.);
#548=VECTOR('',#1966,10.);
#549=VECTOR('',#1971,10.);
#550=VECTOR('',#1972,10.);
#551=VECTOR('',#1973,10.);
#552=VECTOR('',#1978,10.);
#553=VECTOR('',#1979,10.);
#554=VECTOR('',#1980,10.);
#555=VECTOR('',#1987,10.);
#556=VECTOR('',#1992,10.);
#557=VECTOR('',#1993,10.);
#558=VECTOR('',#2000,10.);
#559=VECTOR('',#2005,10.);
#560=VECTOR('',#2006,10.);
#561=VECTOR('',#2007,10.);
#562=VECTOR('',#2010,10.);
#563=VECTOR('',#2011,10.);
#564=VECTOR('',#2012,10.);
#565=VECTOR('',#2017,10.);
#566=VECTOR('',#2018,10.);
#567=VECTOR('',#2019,10.);
#568=VECTOR('',#2022,10.);
#569=VECTOR('',#2023,10.);
#570=VECTOR('',#2026,10.);
#571=VECTOR('',#2027,10.);
#572=VECTOR('',#2030,10.);
#573=VECTOR('',#2033,10.);
#574=VECTOR('',#2036,10.);
#575=VECTOR('',#2037,10.);
#576=VECTOR('',#2040,10.);
#577=VECTOR('',#2041,10.);
#578=VECTOR('',#2042,10.);
#579=VECTOR('',#2045,10.);
#580=VECTOR('',#2046,10.);
#581=VECTOR('',#2051,10.);
#582=VECTOR('',#2054,10.);
#583=VECTOR('',#2057,10.);
#584=VECTOR('',#2060,10.);
#585=VECTOR('',#2071,10.);
#586=VECTOR('',#2072,10.);
#587=VECTOR('',#2075,10.);
#588=VECTOR('',#2076,10.);
#589=VECTOR('',#2077,10.);
#590=VECTOR('',#2080,10.);
#591=VECTOR('',#2081,10.);
#592=VECTOR('',#2084,10.);
#593=VECTOR('',#2085,10.);
#594=VECTOR('',#2086,10.);
#595=VECTOR('',#2087,10.);
#596=VECTOR('',#2088,10.);
#597=VECTOR('',#2091,10.);
#598=VECTOR('',#2096,10.);
#599=VECTOR('',#2099,10.);
#600=VECTOR('',#2102,10.);
#601=CIRCLE('',#1551,7.);
#602=CIRCLE('',#1552,7.);
#603=CIRCLE('',#1556,7.);
#604=CIRCLE('',#1557,7.);
#605=CIRCLE('',#1561,7.);
#606=CIRCLE('',#1562,7.);
#607=CIRCLE('',#1566,7.);
#608=CIRCLE('',#1567,7.);
#609=CIRCLE('',#1571,1.49999999999999);
#610=CIRCLE('',#1572,1.49999999999999);
#611=CIRCLE('',#1575,1.5);
#612=CIRCLE('',#1576,1.5);
#613=CIRCLE('',#1579,1.50000000000002);
#614=CIRCLE('',#1580,1.50000000000002);
#615=CIRCLE('',#1583,1.5);
#616=CIRCLE('',#1584,1.5);
#617=CIRCLE('',#1588,2.);
#618=CIRCLE('',#1589,2.);
#619=CIRCLE('',#1591,2.);
#620=CIRCLE('',#1592,2.);
#621=CIRCLE('',#1599,2.);
#622=CIRCLE('',#1600,2.);
#623=CIRCLE('',#1602,2.);
#624=CIRCLE('',#1604,2.);
#625=CIRCLE('',#1608,2.);
#626=CIRCLE('',#1609,2.);
#627=CIRCLE('',#1611,2.);
#628=CIRCLE('',#1613,2.);
#629=CIRCLE('',#1617,2.);
#630=CIRCLE('',#1618,2.);
#631=CIRCLE('',#1620,2.);
#632=CIRCLE('',#1621,2.);
#633=CIRCLE('',#1628,2.);
#634=CIRCLE('',#1629,2.);
#635=CIRCLE('',#1633,2.);
#636=CIRCLE('',#1634,2.);
#637=CIRCLE('',#1637,2.);
#638=CIRCLE('',#1642,2.);
#639=CIRCLE('',#1645,2.);
#640=CIRCLE('',#1646,2.);
#641=VERTEX_POINT('',#2122);
#642=VERTEX_POINT('',#2123);
#643=VERTEX_POINT('',#2125);
#644=VERTEX_POINT('',#2127);
#645=VERTEX_POINT('',#2131);
#646=VERTEX_POINT('',#2133);
#647=VERTEX_POINT('',#2135);
#648=VERTEX_POINT('',#2139);
#649=VERTEX_POINT('',#2140);
#650=VERTEX_POINT('',#2142);
#651=VERTEX_POINT('',#2144);
#652=VERTEX_POINT('',#2148);
#653=VERTEX_POINT('',#2150);
#654=VERTEX_POINT('',#2152);
#655=VERTEX_POINT('',#2156);
#656=VERTEX_POINT('',#2157);
#657=VERTEX_POINT('',#2159);
#658=VERTEX_POINT('',#2161);
#659=VERTEX_POINT('',#2165);
#660=VERTEX_POINT('',#2167);
#661=VERTEX_POINT('',#2169);
#662=VERTEX_POINT('',#2173);
#663=VERTEX_POINT('',#2174);
#664=VERTEX_POINT('',#2176);
#665=VERTEX_POINT('',#2178);
#666=VERTEX_POINT('',#2182);
#667=VERTEX_POINT('',#2184);
#668=VERTEX_POINT('',#2186);
#669=VERTEX_POINT('',#2190);
#670=VERTEX_POINT('',#2192);
#671=VERTEX_POINT('',#2197);
#672=VERTEX_POINT('',#2199);
#673=VERTEX_POINT('',#2204);
#674=VERTEX_POINT('',#2206);
#675=VERTEX_POINT('',#2211);
#676=VERTEX_POINT('',#2213);
#677=VERTEX_POINT('',#2218);
#678=VERTEX_POINT('',#2219);
#679=VERTEX_POINT('',#2234);
#680=VERTEX_POINT('',#2236);
#681=VERTEX_POINT('',#2253);
#682=VERTEX_POINT('',#2255);
#683=VERTEX_POINT('',#2259);
#684=VERTEX_POINT('',#2261);
#685=VERTEX_POINT('',#2265);
#686=VERTEX_POINT('',#2267);
#687=VERTEX_POINT('',#2271);
#688=VERTEX_POINT('',#2273);
#689=VERTEX_POINT('',#2275);
#690=VERTEX_POINT('',#2279);
#691=VERTEX_POINT('',#2283);
#692=VERTEX_POINT('',#2286);
#693=VERTEX_POINT('',#2290);
#694=VERTEX_POINT('',#2291);
#695=VERTEX_POINT('',#2306);
#696=VERTEX_POINT('',#2308);
#697=VERTEX_POINT('',#2325);
#698=VERTEX_POINT('',#2327);
#699=VERTEX_POINT('',#2329);
#700=VERTEX_POINT('',#2332);
#701=VERTEX_POINT('',#2334);
#702=VERTEX_POINT('',#2336);
#703=VERTEX_POINT('',#2340);
#704=VERTEX_POINT('',#2344);
#705=VERTEX_POINT('',#2346);
#706=VERTEX_POINT('',#2348);
#707=VERTEX_POINT('',#2350);
#708=VERTEX_POINT('',#2352);
#709=VERTEX_POINT('',#2358);
#710=VERTEX_POINT('',#2359);
#711=VERTEX_POINT('',#2374);
#712=VERTEX_POINT('',#2376);
#713=VERTEX_POINT('',#2393);
#714=VERTEX_POINT('',#2395);
#715=VERTEX_POINT('',#2397);
#716=VERTEX_POINT('',#2400);
#717=VERTEX_POINT('',#2402);
#718=VERTEX_POINT('',#2404);
#719=VERTEX_POINT('',#2408);
#720=VERTEX_POINT('',#2412);
#721=VERTEX_POINT('',#2414);
#722=VERTEX_POINT('',#2416);
#723=VERTEX_POINT('',#2418);
#724=VERTEX_POINT('',#2420);
#725=VERTEX_POINT('',#2426);
#726=VERTEX_POINT('',#2427);
#727=VERTEX_POINT('',#2442);
#728=VERTEX_POINT('',#2444);
#729=VERTEX_POINT('',#2461);
#730=VERTEX_POINT('',#2463);
#731=VERTEX_POINT('',#2467);
#732=VERTEX_POINT('',#2469);
#733=VERTEX_POINT('',#2473);
#734=VERTEX_POINT('',#2475);
#735=VERTEX_POINT('',#2479);
#736=VERTEX_POINT('',#2481);
#737=VERTEX_POINT('',#2483);
#738=VERTEX_POINT('',#2487);
#739=VERTEX_POINT('',#2491);
#740=VERTEX_POINT('',#2494);
#741=VERTEX_POINT('',#2498);
#742=VERTEX_POINT('',#2499);
#743=VERTEX_POINT('',#2502);
#744=VERTEX_POINT('',#2504);
#745=VERTEX_POINT('',#2508);
#746=VERTEX_POINT('',#2510);
#747=VERTEX_POINT('',#2512);
#748=VERTEX_POINT('',#2514);
#749=VERTEX_POINT('',#2516);
#750=VERTEX_POINT('',#2518);
#751=VERTEX_POINT('',#2520);
#752=VERTEX_POINT('',#2522);
#753=VERTEX_POINT('',#2524);
#754=VERTEX_POINT('',#2526);
#755=VERTEX_POINT('',#2529);
#756=VERTEX_POINT('',#2530);
#757=VERTEX_POINT('',#2532);
#758=VERTEX_POINT('',#2534);
#759=VERTEX_POINT('',#2538);
#760=VERTEX_POINT('',#2542);
#761=VERTEX_POINT('',#2545);
#762=VERTEX_POINT('',#2549);
#763=VERTEX_POINT('',#2551);
#764=VERTEX_POINT('',#2553);
#765=VERTEX_POINT('',#2562);
#766=VERTEX_POINT('',#2567);
#767=VERTEX_POINT('',#2571);
#768=VERTEX_POINT('',#2574);
#769=VERTEX_POINT('',#2578);
#770=VERTEX_POINT('',#2580);
#771=VERTEX_POINT('',#2626);
#772=VERTEX_POINT('',#2630);
#773=VERTEX_POINT('',#2632);
#774=VERTEX_POINT('',#2636);
#775=VERTEX_POINT('',#2640);
#776=VERTEX_POINT('',#2644);
#777=EDGE_CURVE('',#641,#642,#601,.T.);
#778=EDGE_CURVE('',#642,#643,#281,.T.);
#779=EDGE_CURVE('',#643,#644,#602,.T.);
#780=EDGE_CURVE('',#644,#641,#282,.T.);
#781=EDGE_CURVE('',#645,#642,#283,.T.);
#782=EDGE_CURVE('',#646,#645,#284,.T.);
#783=EDGE_CURVE('',#647,#646,#33,.T.);
#784=EDGE_CURVE('',#643,#647,#285,.T.);
#785=EDGE_CURVE('',#648,#649,#603,.T.);
#786=EDGE_CURVE('',#649,#650,#286,.T.);
#787=EDGE_CURVE('',#650,#651,#604,.T.);
#788=EDGE_CURVE('',#651,#648,#287,.T.);
#789=EDGE_CURVE('',#652,#649,#288,.T.);
#790=EDGE_CURVE('',#653,#652,#34,.T.);
#791=EDGE_CURVE('',#653,#654,#289,.T.);
#792=EDGE_CURVE('',#650,#654,#290,.T.);
#793=EDGE_CURVE('',#655,#656,#605,.T.);
#794=EDGE_CURVE('',#656,#657,#291,.T.);
#795=EDGE_CURVE('',#657,#658,#606,.T.);
#796=EDGE_CURVE('',#658,#655,#292,.T.);
#797=EDGE_CURVE('',#659,#656,#293,.T.);
#798=EDGE_CURVE('',#660,#659,#35,.T.);
#799=EDGE_CURVE('',#660,#661,#294,.T.);
#800=EDGE_CURVE('',#657,#661,#295,.T.);
#801=EDGE_CURVE('',#662,#663,#607,.T.);
#802=EDGE_CURVE('',#663,#664,#296,.T.);
#803=EDGE_CURVE('',#664,#665,#608,.T.);
#804=EDGE_CURVE('',#665,#662,#297,.T.);
#805=EDGE_CURVE('',#666,#663,#298,.T.);
#806=EDGE_CURVE('',#667,#666,#299,.T.);
#807=EDGE_CURVE('',#668,#667,#36,.T.);
#808=EDGE_CURVE('',#664,#668,#300,.T.);
#809=EDGE_CURVE('',#669,#669,#609,.T.);
#810=EDGE_CURVE('',#669,#670,#301,.T.);
#811=EDGE_CURVE('',#670,#670,#610,.T.);
#812=EDGE_CURVE('',#671,#671,#611,.T.);
#813=EDGE_CURVE('',#671,#672,#302,.T.);
#814=EDGE_CURVE('',#672,#672,#612,.T.);
#815=EDGE_CURVE('',#673,#673,#613,.T.);
#816=EDGE_CURVE('',#673,#674,#303,.T.);
#817=EDGE_CURVE('',#674,#674,#614,.T.);
#818=EDGE_CURVE('',#675,#675,#615,.T.);
#819=EDGE_CURVE('',#675,#676,#304,.T.);
#820=EDGE_CURVE('',#676,#676,#616,.T.);
#821=EDGE_CURVE('',#677,#678,#25,.T.);
#822=EDGE_CURVE('',#678,#679,#305,.T.);
#823=EDGE_CURVE('',#679,#680,#26,.T.);
#824=EDGE_CURVE('',#677,#680,#306,.T.);
#825=EDGE_CURVE('',#679,#681,#617,.T.);
#826=EDGE_CURVE('',#681,#682,#307,.T.);
#827=EDGE_CURVE('',#682,#680,#618,.T.);
#828=EDGE_CURVE('',#677,#683,#619,.T.);
#829=EDGE_CURVE('',#683,#684,#308,.T.);
#830=EDGE_CURVE('',#684,#678,#620,.T.);
#831=EDGE_CURVE('',#685,#683,#309,.T.);
#832=EDGE_CURVE('',#685,#686,#310,.T.);
#833=EDGE_CURVE('',#684,#686,#311,.T.);
#834=EDGE_CURVE('',#682,#687,#312,.T.);
#835=EDGE_CURVE('',#687,#688,#313,.T.);
#836=EDGE_CURVE('',#688,#689,#314,.T.);
#837=EDGE_CURVE('',#685,#689,#315,.T.);
#838=EDGE_CURVE('',#690,#681,#316,.T.);
#839=EDGE_CURVE('',#687,#690,#317,.T.);
#840=EDGE_CURVE('',#665,#691,#318,.T.);
#841=EDGE_CURVE('',#691,#690,#319,.T.);
#842=EDGE_CURVE('',#686,#692,#320,.T.);
#843=EDGE_CURVE('',#692,#662,#321,.T.);
#844=EDGE_CURVE('',#693,#694,#27,.T.);
#845=EDGE_CURVE('',#694,#695,#322,.T.);
#846=EDGE_CURVE('',#695,#696,#28,.T.);
#847=EDGE_CURVE('',#693,#696,#323,.T.);
#848=EDGE_CURVE('',#658,#697,#324,.T.);
#849=EDGE_CURVE('',#697,#698,#325,.T.);
#850=EDGE_CURVE('',#698,#699,#326,.T.);
#851=EDGE_CURVE('',#695,#699,#621,.T.);
#852=EDGE_CURVE('',#700,#694,#622,.T.);
#853=EDGE_CURVE('',#700,#701,#327,.T.);
#854=EDGE_CURVE('',#701,#702,#328,.T.);
#855=EDGE_CURVE('',#702,#655,#329,.T.);
#856=EDGE_CURVE('',#693,#703,#623,.T.);
#857=EDGE_CURVE('',#703,#700,#330,.T.);
#858=EDGE_CURVE('',#704,#696,#624,.T.);
#859=EDGE_CURVE('',#704,#705,#331,.T.);
#860=EDGE_CURVE('',#705,#706,#332,.T.);
#861=EDGE_CURVE('',#706,#707,#333,.T.);
#862=EDGE_CURVE('',#708,#707,#334,.T.);
#863=EDGE_CURVE('',#708,#703,#335,.T.);
#864=EDGE_CURVE('',#699,#704,#336,.T.);
#865=EDGE_CURVE('',#709,#710,#29,.T.);
#866=EDGE_CURVE('',#710,#711,#337,.T.);
#867=EDGE_CURVE('',#711,#712,#30,.T.);
#868=EDGE_CURVE('',#712,#709,#338,.T.);
#869=EDGE_CURVE('',#651,#713,#339,.T.);
#870=EDGE_CURVE('',#713,#714,#340,.T.);
#871=EDGE_CURVE('',#714,#715,#341,.T.);
#872=EDGE_CURVE('',#711,#715,#625,.T.);
#873=EDGE_CURVE('',#716,#710,#626,.T.);
#874=EDGE_CURVE('',#716,#717,#342,.T.);
#875=EDGE_CURVE('',#717,#718,#343,.T.);
#876=EDGE_CURVE('',#718,#648,#344,.T.);
#877=EDGE_CURVE('',#709,#719,#627,.T.);
#878=EDGE_CURVE('',#719,#716,#345,.T.);
#879=EDGE_CURVE('',#720,#712,#628,.T.);
#880=EDGE_CURVE('',#721,#720,#346,.T.);
#881=EDGE_CURVE('',#721,#722,#347,.T.);
#882=EDGE_CURVE('',#722,#723,#348,.T.);
#883=EDGE_CURVE('',#724,#723,#349,.T.);
#884=EDGE_CURVE('',#719,#724,#350,.T.);
#885=EDGE_CURVE('',#715,#720,#351,.T.);
#886=EDGE_CURVE('',#725,#726,#31,.T.);
#887=EDGE_CURVE('',#726,#727,#352,.T.);
#888=EDGE_CURVE('',#727,#728,#32,.T.);
#889=EDGE_CURVE('',#728,#725,#353,.T.);
#890=EDGE_CURVE('',#727,#729,#629,.T.);
#891=EDGE_CURVE('',#729,#730,#354,.T.);
#892=EDGE_CURVE('',#730,#728,#630,.T.);
#893=EDGE_CURVE('',#725,#731,#631,.T.);
#894=EDGE_CURVE('',#731,#732,#355,.T.);
#895=EDGE_CURVE('',#732,#726,#632,.T.);
#896=EDGE_CURVE('',#731,#733,#356,.T.);
#897=EDGE_CURVE('',#733,#734,#357,.T.);
#898=EDGE_CURVE('',#732,#734,#358,.T.);
#899=EDGE_CURVE('',#735,#730,#359,.T.);
#900=EDGE_CURVE('',#735,#736,#360,.T.);
#901=EDGE_CURVE('',#736,#737,#361,.T.);
#902=EDGE_CURVE('',#733,#737,#362,.T.);
#903=EDGE_CURVE('',#738,#729,#363,.T.);
#904=EDGE_CURVE('',#735,#738,#364,.T.);
#905=EDGE_CURVE('',#644,#739,#365,.T.);
#906=EDGE_CURVE('',#739,#738,#366,.T.);
#907=EDGE_CURVE('',#734,#740,#367,.T.);
#908=EDGE_CURVE('',#740,#641,#368,.T.);
#909=EDGE_CURVE('',#741,#742,#37,.T.);
#910=EDGE_CURVE('',#742,#647,#369,.T.);
#911=EDGE_CURVE('',#646,#743,#633,.T.);
#912=EDGE_CURVE('',#743,#744,#370,.T.);
#913=EDGE_CURVE('',#744,#741,#634,.T.);
#914=EDGE_CURVE('',#743,#745,#371,.T.);
#915=EDGE_CURVE('',#745,#746,#372,.T.);
#916=EDGE_CURVE('',#746,#747,#373,.T.);
#917=EDGE_CURVE('',#748,#747,#374,.T.);
#918=EDGE_CURVE('',#748,#749,#375,.T.);
#919=EDGE_CURVE('',#750,#749,#376,.T.);
#920=EDGE_CURVE('',#750,#751,#377,.T.);
#921=EDGE_CURVE('',#751,#752,#378,.T.);
#922=EDGE_CURVE('',#752,#753,#379,.T.);
#923=EDGE_CURVE('',#754,#753,#380,.T.);
#924=EDGE_CURVE('',#754,#744,#381,.T.);
#925=EDGE_CURVE('',#755,#756,#382,.T.);
#926=EDGE_CURVE('',#756,#757,#383,.T.);
#927=EDGE_CURVE('',#757,#758,#384,.T.);
#928=EDGE_CURVE('',#758,#755,#385,.T.);
#929=EDGE_CURVE('',#645,#759,#386,.T.);
#930=EDGE_CURVE('',#759,#745,#387,.T.);
#931=EDGE_CURVE('',#760,#748,#635,.T.);
#932=EDGE_CURVE('',#747,#653,#636,.T.);
#933=EDGE_CURVE('',#652,#761,#388,.T.);
#934=EDGE_CURVE('',#761,#760,#38,.T.);
#935=EDGE_CURVE('',#760,#762,#389,.T.);
#936=EDGE_CURVE('',#763,#762,#390,.T.);
#937=EDGE_CURVE('',#763,#764,#391,.T.);
#938=EDGE_CURVE('',#749,#764,#637,.T.);
#939=EDGE_CURVE('',#718,#761,#392,.T.);
#940=EDGE_CURVE('',#718,#713,#393,.T.);
#941=EDGE_CURVE('',#762,#713,#394,.T.);
#942=EDGE_CURVE('',#764,#765,#39,.T.);
#943=EDGE_CURVE('',#765,#668,#395,.T.);
#944=EDGE_CURVE('',#667,#750,#638,.T.);
#945=EDGE_CURVE('',#766,#666,#396,.T.);
#946=EDGE_CURVE('',#766,#751,#397,.T.);
#947=EDGE_CURVE('',#767,#754,#639,.T.);
#948=EDGE_CURVE('',#753,#660,#640,.T.);
#949=EDGE_CURVE('',#659,#768,#398,.T.);
#950=EDGE_CURVE('',#768,#767,#40,.T.);
#951=EDGE_CURVE('',#767,#769,#399,.T.);
#952=EDGE_CURVE('',#769,#770,#400,.T.);
#953=EDGE_CURVE('',#770,#741,#401,.T.);
#954=EDGE_CURVE('',#702,#768,#402,.T.);
#955=EDGE_CURVE('',#702,#697,#403,.T.);
#956=EDGE_CURVE('',#769,#697,#404,.T.);
#957=EDGE_CURVE('',#689,#692,#405,.T.);
#958=EDGE_CURVE('',#688,#691,#406,.T.);
#959=EDGE_CURVE('',#691,#692,#407,.T.);
#960=EDGE_CURVE('',#692,#763,#408,.T.);
#961=EDGE_CURVE('',#765,#691,#409,.T.);
#962=EDGE_CURVE('',#706,#697,#410,.T.);
#963=EDGE_CURVE('',#707,#702,#411,.T.);
#964=EDGE_CURVE('',#666,#763,#412,.T.);
#965=EDGE_CURVE('',#661,#769,#413,.T.);
#966=EDGE_CURVE('',#722,#713,#414,.T.);
#967=EDGE_CURVE('',#723,#718,#415,.T.);
#968=EDGE_CURVE('',#737,#740,#416,.T.);
#969=EDGE_CURVE('',#736,#739,#417,.T.);
#970=EDGE_CURVE('',#739,#740,#418,.T.);
#971=EDGE_CURVE('',#740,#770,#419,.T.);
#972=EDGE_CURVE('',#742,#739,#420,.T.);
#973=EDGE_CURVE('',#654,#762,#421,.T.);
#974=EDGE_CURVE('',#770,#645,#422,.T.);
#975=EDGE_CURVE('',#721,#714,#423,.T.);
#976=EDGE_CURVE('',#724,#717,#424,.T.);
#977=EDGE_CURVE('',#771,#766,#425,.T.);
#978=EDGE_CURVE('',#752,#771,#426,.T.);
#979=EDGE_CURVE('',#755,#772,#427,.T.);
#980=EDGE_CURVE('',#773,#758,#428,.T.);
#981=EDGE_CURVE('',#772,#773,#429,.T.);
#982=EDGE_CURVE('',#774,#772,#430,.T.);
#983=EDGE_CURVE('',#774,#756,#431,.T.);
#984=EDGE_CURVE('',#654,#775,#432,.T.);
#985=EDGE_CURVE('',#775,#759,#433,.T.);
#986=EDGE_CURVE('',#771,#661,#434,.T.);
#987=EDGE_CURVE('',#776,#773,#435,.T.);
#988=EDGE_CURVE('',#776,#774,#436,.T.);
#989=EDGE_CURVE('',#757,#776,#437,.T.);
#990=EDGE_CURVE('',#746,#775,#438,.T.);
#991=EDGE_CURVE('',#708,#701,#439,.T.);
#992=EDGE_CURVE('',#705,#698,#440,.T.);
#993=ORIENTED_EDGE('',*,*,#777,.T.);
#994=ORIENTED_EDGE('',*,*,#778,.T.);
#995=ORIENTED_EDGE('',*,*,#779,.T.);
#996=ORIENTED_EDGE('',*,*,#780,.T.);
#997=ORIENTED_EDGE('',*,*,#778,.F.);
#998=ORIENTED_EDGE('',*,*,#781,.F.);
#999=ORIENTED_EDGE('',*,*,#782,.F.);
#1000=ORIENTED_EDGE('',*,*,#783,.F.);
#1001=ORIENTED_EDGE('',*,*,#784,.F.);
#1002=ORIENTED_EDGE('',*,*,#785,.T.);
#1003=ORIENTED_EDGE('',*,*,#786,.T.);
#1004=ORIENTED_EDGE('',*,*,#787,.T.);
#1005=ORIENTED_EDGE('',*,*,#788,.T.);
#1006=ORIENTED_EDGE('',*,*,#786,.F.);
#1007=ORIENTED_EDGE('',*,*,#789,.F.);
#1008=ORIENTED_EDGE('',*,*,#790,.F.);
#1009=ORIENTED_EDGE('',*,*,#791,.T.);
#1010=ORIENTED_EDGE('',*,*,#792,.F.);
#1011=ORIENTED_EDGE('',*,*,#793,.T.);
#1012=ORIENTED_EDGE('',*,*,#794,.T.);
#1013=ORIENTED_EDGE('',*,*,#795,.T.);
#1014=ORIENTED_EDGE('',*,*,#796,.T.);
#1015=ORIENTED_EDGE('',*,*,#794,.F.);
#1016=ORIENTED_EDGE('',*,*,#797,.F.);
#1017=ORIENTED_EDGE('',*,*,#798,.F.);
#1018=ORIENTED_EDGE('',*,*,#799,.T.);
#1019=ORIENTED_EDGE('',*,*,#800,.F.);
#1020=ORIENTED_EDGE('',*,*,#801,.T.);
#1021=ORIENTED_EDGE('',*,*,#802,.T.);
#1022=ORIENTED_EDGE('',*,*,#803,.T.);
#1023=ORIENTED_EDGE('',*,*,#804,.T.);
#1024=ORIENTED_EDGE('',*,*,#802,.F.);
#1025=ORIENTED_EDGE('',*,*,#805,.F.);
#1026=ORIENTED_EDGE('',*,*,#806,.F.);
#1027=ORIENTED_EDGE('',*,*,#807,.F.);
#1028=ORIENTED_EDGE('',*,*,#808,.F.);
#1029=ORIENTED_EDGE('',*,*,#809,.F.);
#1030=ORIENTED_EDGE('',*,*,#810,.T.);
#1031=ORIENTED_EDGE('',*,*,#811,.F.);
#1032=ORIENTED_EDGE('',*,*,#810,.F.);
#1033=ORIENTED_EDGE('',*,*,#809,.T.);
#1034=ORIENTED_EDGE('',*,*,#812,.F.);
#1035=ORIENTED_EDGE('',*,*,#813,.T.);
#1036=ORIENTED_EDGE('',*,*,#814,.F.);
#1037=ORIENTED_EDGE('',*,*,#813,.F.);
#1038=ORIENTED_EDGE('',*,*,#812,.T.);
#1039=ORIENTED_EDGE('',*,*,#815,.F.);
#1040=ORIENTED_EDGE('',*,*,#816,.T.);
#1041=ORIENTED_EDGE('',*,*,#817,.F.);
#1042=ORIENTED_EDGE('',*,*,#816,.F.);
#1043=ORIENTED_EDGE('',*,*,#815,.T.);
#1044=ORIENTED_EDGE('',*,*,#818,.F.);
#1045=ORIENTED_EDGE('',*,*,#819,.T.);
#1046=ORIENTED_EDGE('',*,*,#820,.F.);
#1047=ORIENTED_EDGE('',*,*,#819,.F.);
#1048=ORIENTED_EDGE('',*,*,#818,.T.);
#1049=ORIENTED_EDGE('',*,*,#821,.T.);
#1050=ORIENTED_EDGE('',*,*,#822,.T.);
#1051=ORIENTED_EDGE('',*,*,#823,.T.);
#1052=ORIENTED_EDGE('',*,*,#824,.F.);
#1053=ORIENTED_EDGE('',*,*,#823,.F.);
#1054=ORIENTED_EDGE('',*,*,#825,.T.);
#1055=ORIENTED_EDGE('',*,*,#826,.T.);
#1056=ORIENTED_EDGE('',*,*,#827,.T.);
#1057=ORIENTED_EDGE('',*,*,#821,.F.);
#1058=ORIENTED_EDGE('',*,*,#828,.T.);
#1059=ORIENTED_EDGE('',*,*,#829,.T.);
#1060=ORIENTED_EDGE('',*,*,#830,.T.);
#1061=ORIENTED_EDGE('',*,*,#829,.F.);
#1062=ORIENTED_EDGE('',*,*,#831,.F.);
#1063=ORIENTED_EDGE('',*,*,#832,.T.);
#1064=ORIENTED_EDGE('',*,*,#833,.F.);
#1065=ORIENTED_EDGE('',*,*,#828,.F.);
#1066=ORIENTED_EDGE('',*,*,#824,.T.);
#1067=ORIENTED_EDGE('',*,*,#827,.F.);
#1068=ORIENTED_EDGE('',*,*,#834,.T.);
#1069=ORIENTED_EDGE('',*,*,#835,.T.);
#1070=ORIENTED_EDGE('',*,*,#836,.T.);
#1071=ORIENTED_EDGE('',*,*,#837,.F.);
#1072=ORIENTED_EDGE('',*,*,#831,.T.);
#1073=ORIENTED_EDGE('',*,*,#814,.T.);
#1074=ORIENTED_EDGE('',*,*,#826,.F.);
#1075=ORIENTED_EDGE('',*,*,#838,.F.);
#1076=ORIENTED_EDGE('',*,*,#839,.F.);
#1077=ORIENTED_EDGE('',*,*,#834,.F.);
#1078=ORIENTED_EDGE('',*,*,#840,.T.);
#1079=ORIENTED_EDGE('',*,*,#841,.T.);
#1080=ORIENTED_EDGE('',*,*,#838,.T.);
#1081=ORIENTED_EDGE('',*,*,#825,.F.);
#1082=ORIENTED_EDGE('',*,*,#822,.F.);
#1083=ORIENTED_EDGE('',*,*,#830,.F.);
#1084=ORIENTED_EDGE('',*,*,#833,.T.);
#1085=ORIENTED_EDGE('',*,*,#842,.T.);
#1086=ORIENTED_EDGE('',*,*,#843,.T.);
#1087=ORIENTED_EDGE('',*,*,#804,.F.);
#1088=ORIENTED_EDGE('',*,*,#844,.T.);
#1089=ORIENTED_EDGE('',*,*,#845,.T.);
#1090=ORIENTED_EDGE('',*,*,#846,.T.);
#1091=ORIENTED_EDGE('',*,*,#847,.F.);
#1092=ORIENTED_EDGE('',*,*,#848,.T.);
#1093=ORIENTED_EDGE('',*,*,#849,.T.);
#1094=ORIENTED_EDGE('',*,*,#850,.T.);
#1095=ORIENTED_EDGE('',*,*,#851,.F.);
#1096=ORIENTED_EDGE('',*,*,#845,.F.);
#1097=ORIENTED_EDGE('',*,*,#852,.F.);
#1098=ORIENTED_EDGE('',*,*,#853,.T.);
#1099=ORIENTED_EDGE('',*,*,#854,.T.);
#1100=ORIENTED_EDGE('',*,*,#855,.T.);
#1101=ORIENTED_EDGE('',*,*,#796,.F.);
#1102=ORIENTED_EDGE('',*,*,#844,.F.);
#1103=ORIENTED_EDGE('',*,*,#856,.T.);
#1104=ORIENTED_EDGE('',*,*,#857,.T.);
#1105=ORIENTED_EDGE('',*,*,#852,.T.);
#1106=ORIENTED_EDGE('',*,*,#856,.F.);
#1107=ORIENTED_EDGE('',*,*,#847,.T.);
#1108=ORIENTED_EDGE('',*,*,#858,.F.);
#1109=ORIENTED_EDGE('',*,*,#859,.T.);
#1110=ORIENTED_EDGE('',*,*,#860,.T.);
#1111=ORIENTED_EDGE('',*,*,#861,.T.);
#1112=ORIENTED_EDGE('',*,*,#862,.F.);
#1113=ORIENTED_EDGE('',*,*,#863,.T.);
#1114=ORIENTED_EDGE('',*,*,#820,.T.);
#1115=ORIENTED_EDGE('',*,*,#846,.F.);
#1116=ORIENTED_EDGE('',*,*,#851,.T.);
#1117=ORIENTED_EDGE('',*,*,#864,.T.);
#1118=ORIENTED_EDGE('',*,*,#858,.T.);
#1119=ORIENTED_EDGE('',*,*,#865,.T.);
#1120=ORIENTED_EDGE('',*,*,#866,.T.);
#1121=ORIENTED_EDGE('',*,*,#867,.T.);
#1122=ORIENTED_EDGE('',*,*,#868,.T.);
#1123=ORIENTED_EDGE('',*,*,#869,.T.);
#1124=ORIENTED_EDGE('',*,*,#870,.T.);
#1125=ORIENTED_EDGE('',*,*,#871,.T.);
#1126=ORIENTED_EDGE('',*,*,#872,.F.);
#1127=ORIENTED_EDGE('',*,*,#866,.F.);
#1128=ORIENTED_EDGE('',*,*,#873,.F.);
#1129=ORIENTED_EDGE('',*,*,#874,.T.);
#1130=ORIENTED_EDGE('',*,*,#875,.T.);
#1131=ORIENTED_EDGE('',*,*,#876,.T.);
#1132=ORIENTED_EDGE('',*,*,#788,.F.);
#1133=ORIENTED_EDGE('',*,*,#865,.F.);
#1134=ORIENTED_EDGE('',*,*,#877,.T.);
#1135=ORIENTED_EDGE('',*,*,#878,.T.);
#1136=ORIENTED_EDGE('',*,*,#873,.T.);
#1137=ORIENTED_EDGE('',*,*,#877,.F.);
#1138=ORIENTED_EDGE('',*,*,#868,.F.);
#1139=ORIENTED_EDGE('',*,*,#879,.F.);
#1140=ORIENTED_EDGE('',*,*,#880,.F.);
#1141=ORIENTED_EDGE('',*,*,#881,.T.);
#1142=ORIENTED_EDGE('',*,*,#882,.T.);
#1143=ORIENTED_EDGE('',*,*,#883,.F.);
#1144=ORIENTED_EDGE('',*,*,#884,.F.);
#1145=ORIENTED_EDGE('',*,*,#811,.T.);
#1146=ORIENTED_EDGE('',*,*,#867,.F.);
#1147=ORIENTED_EDGE('',*,*,#872,.T.);
#1148=ORIENTED_EDGE('',*,*,#885,.T.);
#1149=ORIENTED_EDGE('',*,*,#879,.T.);
#1150=ORIENTED_EDGE('',*,*,#886,.T.);
#1151=ORIENTED_EDGE('',*,*,#887,.T.);
#1152=ORIENTED_EDGE('',*,*,#888,.T.);
#1153=ORIENTED_EDGE('',*,*,#889,.T.);
#1154=ORIENTED_EDGE('',*,*,#888,.F.);
#1155=ORIENTED_EDGE('',*,*,#890,.T.);
#1156=ORIENTED_EDGE('',*,*,#891,.T.);
#1157=ORIENTED_EDGE('',*,*,#892,.T.);
#1158=ORIENTED_EDGE('',*,*,#886,.F.);
#1159=ORIENTED_EDGE('',*,*,#893,.T.);
#1160=ORIENTED_EDGE('',*,*,#894,.T.);
#1161=ORIENTED_EDGE('',*,*,#895,.T.);
#1162=ORIENTED_EDGE('',*,*,#894,.F.);
#1163=ORIENTED_EDGE('',*,*,#896,.T.);
#1164=ORIENTED_EDGE('',*,*,#897,.T.);
#1165=ORIENTED_EDGE('',*,*,#898,.F.);
#1166=ORIENTED_EDGE('',*,*,#893,.F.);
#1167=ORIENTED_EDGE('',*,*,#889,.F.);
#1168=ORIENTED_EDGE('',*,*,#892,.F.);
#1169=ORIENTED_EDGE('',*,*,#899,.F.);
#1170=ORIENTED_EDGE('',*,*,#900,.T.);
#1171=ORIENTED_EDGE('',*,*,#901,.T.);
#1172=ORIENTED_EDGE('',*,*,#902,.F.);
#1173=ORIENTED_EDGE('',*,*,#896,.F.);
#1174=ORIENTED_EDGE('',*,*,#817,.T.);
#1175=ORIENTED_EDGE('',*,*,#891,.F.);
#1176=ORIENTED_EDGE('',*,*,#903,.F.);
#1177=ORIENTED_EDGE('',*,*,#904,.F.);
#1178=ORIENTED_EDGE('',*,*,#899,.T.);
#1179=ORIENTED_EDGE('',*,*,#905,.T.);
#1180=ORIENTED_EDGE('',*,*,#906,.T.);
#1181=ORIENTED_EDGE('',*,*,#903,.T.);
#1182=ORIENTED_EDGE('',*,*,#890,.F.);
#1183=ORIENTED_EDGE('',*,*,#887,.F.);
#1184=ORIENTED_EDGE('',*,*,#895,.F.);
#1185=ORIENTED_EDGE('',*,*,#898,.T.);
#1186=ORIENTED_EDGE('',*,*,#907,.T.);
#1187=ORIENTED_EDGE('',*,*,#908,.T.);
#1188=ORIENTED_EDGE('',*,*,#780,.F.);
#1189=ORIENTED_EDGE('',*,*,#909,.T.);
#1190=ORIENTED_EDGE('',*,*,#910,.T.);
#1191=ORIENTED_EDGE('',*,*,#783,.T.);
#1192=ORIENTED_EDGE('',*,*,#911,.T.);
#1193=ORIENTED_EDGE('',*,*,#912,.T.);
#1194=ORIENTED_EDGE('',*,*,#913,.T.);
#1195=ORIENTED_EDGE('',*,*,#912,.F.);
#1196=ORIENTED_EDGE('',*,*,#914,.T.);
#1197=ORIENTED_EDGE('',*,*,#915,.T.);
#1198=ORIENTED_EDGE('',*,*,#916,.T.);
#1199=ORIENTED_EDGE('',*,*,#917,.F.);
#1200=ORIENTED_EDGE('',*,*,#918,.T.);
#1201=ORIENTED_EDGE('',*,*,#919,.F.);
#1202=ORIENTED_EDGE('',*,*,#920,.T.);
#1203=ORIENTED_EDGE('',*,*,#921,.T.);
#1204=ORIENTED_EDGE('',*,*,#922,.T.);
#1205=ORIENTED_EDGE('',*,*,#923,.F.);
#1206=ORIENTED_EDGE('',*,*,#924,.T.);
#1207=ORIENTED_EDGE('',*,*,#925,.T.);
#1208=ORIENTED_EDGE('',*,*,#926,.T.);
#1209=ORIENTED_EDGE('',*,*,#927,.T.);
#1210=ORIENTED_EDGE('',*,*,#928,.T.);
#1211=ORIENTED_EDGE('',*,*,#911,.F.);
#1212=ORIENTED_EDGE('',*,*,#782,.T.);
#1213=ORIENTED_EDGE('',*,*,#929,.T.);
#1214=ORIENTED_EDGE('',*,*,#930,.T.);
#1215=ORIENTED_EDGE('',*,*,#914,.F.);
#1216=ORIENTED_EDGE('',*,*,#931,.T.);
#1217=ORIENTED_EDGE('',*,*,#917,.T.);
#1218=ORIENTED_EDGE('',*,*,#932,.T.);
#1219=ORIENTED_EDGE('',*,*,#790,.T.);
#1220=ORIENTED_EDGE('',*,*,#933,.T.);
#1221=ORIENTED_EDGE('',*,*,#934,.T.);
#1222=ORIENTED_EDGE('',*,*,#931,.F.);
#1223=ORIENTED_EDGE('',*,*,#935,.T.);
#1224=ORIENTED_EDGE('',*,*,#936,.F.);
#1225=ORIENTED_EDGE('',*,*,#937,.T.);
#1226=ORIENTED_EDGE('',*,*,#938,.F.);
#1227=ORIENTED_EDGE('',*,*,#918,.F.);
#1228=ORIENTED_EDGE('',*,*,#934,.F.);
#1229=ORIENTED_EDGE('',*,*,#939,.F.);
#1230=ORIENTED_EDGE('',*,*,#940,.T.);
#1231=ORIENTED_EDGE('',*,*,#941,.F.);
#1232=ORIENTED_EDGE('',*,*,#935,.F.);
#1233=ORIENTED_EDGE('',*,*,#933,.F.);
#1234=ORIENTED_EDGE('',*,*,#789,.T.);
#1235=ORIENTED_EDGE('',*,*,#785,.F.);
#1236=ORIENTED_EDGE('',*,*,#876,.F.);
#1237=ORIENTED_EDGE('',*,*,#939,.T.);
#1238=ORIENTED_EDGE('',*,*,#942,.T.);
#1239=ORIENTED_EDGE('',*,*,#943,.T.);
#1240=ORIENTED_EDGE('',*,*,#807,.T.);
#1241=ORIENTED_EDGE('',*,*,#944,.T.);
#1242=ORIENTED_EDGE('',*,*,#919,.T.);
#1243=ORIENTED_EDGE('',*,*,#938,.T.);
#1244=ORIENTED_EDGE('',*,*,#944,.F.);
#1245=ORIENTED_EDGE('',*,*,#806,.T.);
#1246=ORIENTED_EDGE('',*,*,#945,.F.);
#1247=ORIENTED_EDGE('',*,*,#946,.T.);
#1248=ORIENTED_EDGE('',*,*,#920,.F.);
#1249=ORIENTED_EDGE('',*,*,#947,.T.);
#1250=ORIENTED_EDGE('',*,*,#923,.T.);
#1251=ORIENTED_EDGE('',*,*,#948,.T.);
#1252=ORIENTED_EDGE('',*,*,#798,.T.);
#1253=ORIENTED_EDGE('',*,*,#949,.T.);
#1254=ORIENTED_EDGE('',*,*,#950,.T.);
#1255=ORIENTED_EDGE('',*,*,#913,.F.);
#1256=ORIENTED_EDGE('',*,*,#924,.F.);
#1257=ORIENTED_EDGE('',*,*,#947,.F.);
#1258=ORIENTED_EDGE('',*,*,#951,.T.);
#1259=ORIENTED_EDGE('',*,*,#952,.T.);
#1260=ORIENTED_EDGE('',*,*,#953,.T.);
#1261=ORIENTED_EDGE('',*,*,#950,.F.);
#1262=ORIENTED_EDGE('',*,*,#954,.F.);
#1263=ORIENTED_EDGE('',*,*,#955,.T.);
#1264=ORIENTED_EDGE('',*,*,#956,.F.);
#1265=ORIENTED_EDGE('',*,*,#951,.F.);
#1266=ORIENTED_EDGE('',*,*,#949,.F.);
#1267=ORIENTED_EDGE('',*,*,#797,.T.);
#1268=ORIENTED_EDGE('',*,*,#793,.F.);
#1269=ORIENTED_EDGE('',*,*,#855,.F.);
#1270=ORIENTED_EDGE('',*,*,#954,.T.);
#1271=ORIENTED_EDGE('',*,*,#957,.F.);
#1272=ORIENTED_EDGE('',*,*,#836,.F.);
#1273=ORIENTED_EDGE('',*,*,#958,.T.);
#1274=ORIENTED_EDGE('',*,*,#959,.T.);
#1275=ORIENTED_EDGE('',*,*,#942,.F.);
#1276=ORIENTED_EDGE('',*,*,#937,.F.);
#1277=ORIENTED_EDGE('',*,*,#960,.F.);
#1278=ORIENTED_EDGE('',*,*,#959,.F.);
#1279=ORIENTED_EDGE('',*,*,#961,.F.);
#1280=ORIENTED_EDGE('',*,*,#962,.T.);
#1281=ORIENTED_EDGE('',*,*,#955,.F.);
#1282=ORIENTED_EDGE('',*,*,#963,.F.);
#1283=ORIENTED_EDGE('',*,*,#861,.F.);
#1284=ORIENTED_EDGE('',*,*,#960,.T.);
#1285=ORIENTED_EDGE('',*,*,#964,.F.);
#1286=ORIENTED_EDGE('',*,*,#805,.T.);
#1287=ORIENTED_EDGE('',*,*,#801,.F.);
#1288=ORIENTED_EDGE('',*,*,#843,.F.);
#1289=ORIENTED_EDGE('',*,*,#800,.T.);
#1290=ORIENTED_EDGE('',*,*,#965,.T.);
#1291=ORIENTED_EDGE('',*,*,#956,.T.);
#1292=ORIENTED_EDGE('',*,*,#848,.F.);
#1293=ORIENTED_EDGE('',*,*,#795,.F.);
#1294=ORIENTED_EDGE('',*,*,#966,.T.);
#1295=ORIENTED_EDGE('',*,*,#940,.F.);
#1296=ORIENTED_EDGE('',*,*,#967,.F.);
#1297=ORIENTED_EDGE('',*,*,#882,.F.);
#1298=ORIENTED_EDGE('',*,*,#968,.F.);
#1299=ORIENTED_EDGE('',*,*,#901,.F.);
#1300=ORIENTED_EDGE('',*,*,#969,.T.);
#1301=ORIENTED_EDGE('',*,*,#970,.T.);
#1302=ORIENTED_EDGE('',*,*,#909,.F.);
#1303=ORIENTED_EDGE('',*,*,#953,.F.);
#1304=ORIENTED_EDGE('',*,*,#971,.F.);
#1305=ORIENTED_EDGE('',*,*,#970,.F.);
#1306=ORIENTED_EDGE('',*,*,#972,.F.);
#1307=ORIENTED_EDGE('',*,*,#910,.F.);
#1308=ORIENTED_EDGE('',*,*,#972,.T.);
#1309=ORIENTED_EDGE('',*,*,#905,.F.);
#1310=ORIENTED_EDGE('',*,*,#779,.F.);
#1311=ORIENTED_EDGE('',*,*,#784,.T.);
#1312=ORIENTED_EDGE('',*,*,#941,.T.);
#1313=ORIENTED_EDGE('',*,*,#869,.F.);
#1314=ORIENTED_EDGE('',*,*,#787,.F.);
#1315=ORIENTED_EDGE('',*,*,#792,.T.);
#1316=ORIENTED_EDGE('',*,*,#973,.T.);
#1317=ORIENTED_EDGE('',*,*,#971,.T.);
#1318=ORIENTED_EDGE('',*,*,#974,.T.);
#1319=ORIENTED_EDGE('',*,*,#781,.T.);
#1320=ORIENTED_EDGE('',*,*,#777,.F.);
#1321=ORIENTED_EDGE('',*,*,#908,.F.);
#1322=ORIENTED_EDGE('',*,*,#881,.F.);
#1323=ORIENTED_EDGE('',*,*,#975,.T.);
#1324=ORIENTED_EDGE('',*,*,#870,.F.);
#1325=ORIENTED_EDGE('',*,*,#966,.F.);
#1326=ORIENTED_EDGE('',*,*,#883,.T.);
#1327=ORIENTED_EDGE('',*,*,#967,.T.);
#1328=ORIENTED_EDGE('',*,*,#875,.F.);
#1329=ORIENTED_EDGE('',*,*,#976,.F.);
#1330=ORIENTED_EDGE('',*,*,#878,.F.);
#1331=ORIENTED_EDGE('',*,*,#884,.T.);
#1332=ORIENTED_EDGE('',*,*,#976,.T.);
#1333=ORIENTED_EDGE('',*,*,#874,.F.);
#1334=ORIENTED_EDGE('',*,*,#885,.F.);
#1335=ORIENTED_EDGE('',*,*,#871,.F.);
#1336=ORIENTED_EDGE('',*,*,#975,.F.);
#1337=ORIENTED_EDGE('',*,*,#880,.T.);
#1338=ORIENTED_EDGE('',*,*,#900,.F.);
#1339=ORIENTED_EDGE('',*,*,#904,.T.);
#1340=ORIENTED_EDGE('',*,*,#906,.F.);
#1341=ORIENTED_EDGE('',*,*,#969,.F.);
#1342=ORIENTED_EDGE('',*,*,#902,.T.);
#1343=ORIENTED_EDGE('',*,*,#968,.T.);
#1344=ORIENTED_EDGE('',*,*,#907,.F.);
#1345=ORIENTED_EDGE('',*,*,#897,.F.);
#1346=ORIENTED_EDGE('',*,*,#946,.F.);
#1347=ORIENTED_EDGE('',*,*,#977,.F.);
#1348=ORIENTED_EDGE('',*,*,#978,.F.);
#1349=ORIENTED_EDGE('',*,*,#921,.F.);
#1350=ORIENTED_EDGE('',*,*,#979,.F.);
#1351=ORIENTED_EDGE('',*,*,#928,.F.);
#1352=ORIENTED_EDGE('',*,*,#980,.F.);
#1353=ORIENTED_EDGE('',*,*,#981,.F.);
#1354=ORIENTED_EDGE('',*,*,#979,.T.);
#1355=ORIENTED_EDGE('',*,*,#982,.F.);
#1356=ORIENTED_EDGE('',*,*,#983,.T.);
#1357=ORIENTED_EDGE('',*,*,#925,.F.);
#1358=ORIENTED_EDGE('',*,*,#945,.T.);
#1359=ORIENTED_EDGE('',*,*,#964,.T.);
#1360=ORIENTED_EDGE('',*,*,#936,.T.);
#1361=ORIENTED_EDGE('',*,*,#973,.F.);
#1362=ORIENTED_EDGE('',*,*,#984,.T.);
#1363=ORIENTED_EDGE('',*,*,#985,.T.);
#1364=ORIENTED_EDGE('',*,*,#929,.F.);
#1365=ORIENTED_EDGE('',*,*,#974,.F.);
#1366=ORIENTED_EDGE('',*,*,#952,.F.);
#1367=ORIENTED_EDGE('',*,*,#965,.F.);
#1368=ORIENTED_EDGE('',*,*,#986,.F.);
#1369=ORIENTED_EDGE('',*,*,#977,.T.);
#1370=ORIENTED_EDGE('',*,*,#981,.T.);
#1371=ORIENTED_EDGE('',*,*,#987,.F.);
#1372=ORIENTED_EDGE('',*,*,#988,.T.);
#1373=ORIENTED_EDGE('',*,*,#982,.T.);
#1374=ORIENTED_EDGE('',*,*,#980,.T.);
#1375=ORIENTED_EDGE('',*,*,#927,.F.);
#1376=ORIENTED_EDGE('',*,*,#989,.T.);
#1377=ORIENTED_EDGE('',*,*,#987,.T.);
#1378=ORIENTED_EDGE('',*,*,#983,.F.);
#1379=ORIENTED_EDGE('',*,*,#988,.F.);
#1380=ORIENTED_EDGE('',*,*,#989,.F.);
#1381=ORIENTED_EDGE('',*,*,#926,.F.);
#1382=ORIENTED_EDGE('',*,*,#990,.F.);
#1383=ORIENTED_EDGE('',*,*,#915,.F.);
#1384=ORIENTED_EDGE('',*,*,#930,.F.);
#1385=ORIENTED_EDGE('',*,*,#985,.F.);
#1386=ORIENTED_EDGE('',*,*,#857,.F.);
#1387=ORIENTED_EDGE('',*,*,#863,.F.);
#1388=ORIENTED_EDGE('',*,*,#991,.T.);
#1389=ORIENTED_EDGE('',*,*,#853,.F.);
#1390=ORIENTED_EDGE('',*,*,#864,.F.);
#1391=ORIENTED_EDGE('',*,*,#850,.F.);
#1392=ORIENTED_EDGE('',*,*,#992,.F.);
#1393=ORIENTED_EDGE('',*,*,#859,.F.);
#1394=ORIENTED_EDGE('',*,*,#860,.F.);
#1395=ORIENTED_EDGE('',*,*,#992,.T.);
#1396=ORIENTED_EDGE('',*,*,#849,.F.);
#1397=ORIENTED_EDGE('',*,*,#962,.F.);
#1398=ORIENTED_EDGE('',*,*,#862,.T.);
#1399=ORIENTED_EDGE('',*,*,#963,.T.);
#1400=ORIENTED_EDGE('',*,*,#854,.F.);
#1401=ORIENTED_EDGE('',*,*,#991,.F.);
#1402=ORIENTED_EDGE('',*,*,#948,.F.);
#1403=ORIENTED_EDGE('',*,*,#922,.F.);
#1404=ORIENTED_EDGE('',*,*,#978,.T.);
#1405=ORIENTED_EDGE('',*,*,#986,.T.);
#1406=ORIENTED_EDGE('',*,*,#799,.F.);
#1407=ORIENTED_EDGE('',*,*,#932,.F.);
#1408=ORIENTED_EDGE('',*,*,#916,.F.);
#1409=ORIENTED_EDGE('',*,*,#990,.T.);
#1410=ORIENTED_EDGE('',*,*,#984,.F.);
#1411=ORIENTED_EDGE('',*,*,#791,.F.);
#1412=ORIENTED_EDGE('',*,*,#835,.F.);
#1413=ORIENTED_EDGE('',*,*,#839,.T.);
#1414=ORIENTED_EDGE('',*,*,#841,.F.);
#1415=ORIENTED_EDGE('',*,*,#958,.F.);
#1416=ORIENTED_EDGE('',*,*,#837,.T.);
#1417=ORIENTED_EDGE('',*,*,#957,.T.);
#1418=ORIENTED_EDGE('',*,*,#842,.F.);
#1419=ORIENTED_EDGE('',*,*,#832,.F.);
#1420=ORIENTED_EDGE('',*,*,#943,.F.);
#1421=ORIENTED_EDGE('',*,*,#961,.T.);
#1422=ORIENTED_EDGE('',*,*,#840,.F.);
#1423=ORIENTED_EDGE('',*,*,#803,.F.);
#1424=ORIENTED_EDGE('',*,*,#808,.T.);
#1425=CYLINDRICAL_SURFACE('',#1550,7.);
#1426=CYLINDRICAL_SURFACE('',#1555,7.);
#1427=CYLINDRICAL_SURFACE('',#1560,7.);
#1428=CYLINDRICAL_SURFACE('',#1565,7.);
#1429=CYLINDRICAL_SURFACE('',#1570,1.49999999999999);
#1430=CYLINDRICAL_SURFACE('',#1574,1.5);
#1431=CYLINDRICAL_SURFACE('',#1578,1.50000000000002);
#1432=CYLINDRICAL_SURFACE('',#1582,1.5);
#1433=CYLINDRICAL_SURFACE('',#1586,2.00000000000001);
#1434=CYLINDRICAL_SURFACE('',#1587,2.);
#1435=CYLINDRICAL_SURFACE('',#1590,2.);
#1436=CYLINDRICAL_SURFACE('',#1597,2.00000000000001);
#1437=CYLINDRICAL_SURFACE('',#1601,2.);
#1438=CYLINDRICAL_SURFACE('',#1605,2.);
#1439=CYLINDRICAL_SURFACE('',#1606,2.00000000000001);
#1440=CYLINDRICAL_SURFACE('',#1610,2.);
#1441=CYLINDRICAL_SURFACE('',#1614,2.);
#1442=CYLINDRICAL_SURFACE('',#1615,2.00000000000001);
#1443=CYLINDRICAL_SURFACE('',#1616,2.);
#1444=CYLINDRICAL_SURFACE('',#1619,2.);
#1445=CYLINDRICAL_SURFACE('',#1626,2.);
#1446=CYLINDRICAL_SURFACE('',#1632,2.);
#1447=CYLINDRICAL_SURFACE('',#1640,2.);
#1448=CYLINDRICAL_SURFACE('',#1644,2.);
#1449=ADVANCED_FACE('',(#103),#1425,.F.);
#1450=ADVANCED_FACE('',(#104),#41,.F.);
#1451=ADVANCED_FACE('',(#105),#1426,.F.);
#1452=ADVANCED_FACE('',(#106),#42,.F.);
#1453=ADVANCED_FACE('',(#107),#1427,.F.);
#1454=ADVANCED_FACE('',(#108),#43,.F.);
#1455=ADVANCED_FACE('',(#109),#1428,.F.);
#1456=ADVANCED_FACE('',(#110),#44,.F.);
#1457=ADVANCED_FACE('',(#111),#1429,.T.);
#1458=ADVANCED_FACE('',(#112),#45,.F.);
#1459=ADVANCED_FACE('',(#113),#1430,.T.);
#1460=ADVANCED_FACE('',(#114),#46,.F.);
#1461=ADVANCED_FACE('',(#115),#1431,.T.);
#1462=ADVANCED_FACE('',(#116),#47,.F.);
#1463=ADVANCED_FACE('',(#117),#1432,.T.);
#1464=ADVANCED_FACE('',(#118),#48,.F.);
#1465=ADVANCED_FACE('',(#119),#1433,.T.);
#1466=ADVANCED_FACE('',(#120),#1434,.T.);
#1467=ADVANCED_FACE('',(#121),#1435,.T.);
#1468=ADVANCED_FACE('',(#122),#49,.T.);
#1469=ADVANCED_FACE('',(#123,#19),#50,.F.);
#1470=ADVANCED_FACE('',(#124),#51,.T.);
#1471=ADVANCED_FACE('',(#125),#52,.T.);
#1472=ADVANCED_FACE('',(#126),#1436,.T.);
#1473=ADVANCED_FACE('',(#127),#53,.T.);
#1474=ADVANCED_FACE('',(#128),#1437,.T.);
#1475=ADVANCED_FACE('',(#129,#20),#54,.F.);
#1476=ADVANCED_FACE('',(#130),#1438,.T.);
#1477=ADVANCED_FACE('',(#131),#1439,.T.);
#1478=ADVANCED_FACE('',(#132),#55,.T.);
#1479=ADVANCED_FACE('',(#133),#1440,.T.);
#1480=ADVANCED_FACE('',(#134,#21),#56,.F.);
#1481=ADVANCED_FACE('',(#135),#1441,.T.);
#1482=ADVANCED_FACE('',(#136),#1442,.T.);
#1483=ADVANCED_FACE('',(#137),#1443,.T.);
#1484=ADVANCED_FACE('',(#138),#1444,.T.);
#1485=ADVANCED_FACE('',(#139),#57,.T.);
#1486=ADVANCED_FACE('',(#140,#22),#58,.F.);
#1487=ADVANCED_FACE('',(#141),#59,.T.);
#1488=ADVANCED_FACE('',(#142),#60,.T.);
#1489=ADVANCED_FACE('',(#143),#1445,.T.);
#1490=ADVANCED_FACE('',(#144,#23),#61,.T.);
#1491=ADVANCED_FACE('',(#145),#62,.T.);
#1492=ADVANCED_FACE('',(#146),#1446,.T.);
#1493=ADVANCED_FACE('',(#147),#63,.T.);
#1494=ADVANCED_FACE('',(#148),#64,.F.);
#1495=ADVANCED_FACE('',(#149),#65,.T.);
#1496=ADVANCED_FACE('',(#150),#1447,.T.);
#1497=ADVANCED_FACE('',(#151),#66,.T.);
#1498=ADVANCED_FACE('',(#152),#1448,.T.);
#1499=ADVANCED_FACE('',(#153),#67,.T.);
#1500=ADVANCED_FACE('',(#154),#68,.F.);
#1501=ADVANCED_FACE('',(#155),#69,.T.);
#1502=ADVANCED_FACE('',(#156),#70,.F.);
#1503=ADVANCED_FACE('',(#157),#71,.F.);
#1504=ADVANCED_FACE('',(#158),#72,.F.);
#1505=ADVANCED_FACE('',(#159),#73,.T.);
#1506=ADVANCED_FACE('',(#160),#74,.T.);
#1507=ADVANCED_FACE('',(#161),#75,.F.);
#1508=ADVANCED_FACE('',(#162),#76,.F.);
#1509=ADVANCED_FACE('',(#163),#77,.F.);
#1510=ADVANCED_FACE('',(#164),#78,.T.);
#1511=ADVANCED_FACE('',(#165),#79,.T.);
#1512=ADVANCED_FACE('',(#166),#80,.T.);
#1513=ADVANCED_FACE('',(#167),#81,.T.);
#1514=ADVANCED_FACE('',(#168),#82,.T.);
#1515=ADVANCED_FACE('',(#169),#83,.T.);
#1516=ADVANCED_FACE('',(#170),#84,.T.);
#1517=ADVANCED_FACE('',(#171),#85,.T.);
#1518=ADVANCED_FACE('',(#172),#86,.T.);
#1519=ADVANCED_FACE('',(#173),#87,.T.);
#1520=ADVANCED_FACE('',(#174),#88,.T.);
#1521=ADVANCED_FACE('',(#175),#89,.T.);
#1522=ADVANCED_FACE('',(#176,#24),#90,.F.);
#1523=ADVANCED_FACE('',(#177),#91,.T.);
#1524=ADVANCED_FACE('',(#178),#92,.T.);
#1525=ADVANCED_FACE('',(#179),#93,.T.);
#1526=ADVANCED_FACE('',(#180),#94,.T.);
#1527=ADVANCED_FACE('',(#181),#95,.T.);
#1528=ADVANCED_FACE('',(#182),#96,.T.);
#1529=ADVANCED_FACE('',(#183),#97,.T.);
#1530=ADVANCED_FACE('',(#184),#98,.T.);
#1531=ADVANCED_FACE('',(#185),#99,.T.);
#1532=ADVANCED_FACE('',(#186),#100,.T.);
#1533=ADVANCED_FACE('',(#187),#101,.T.);
#1534=ADVANCED_FACE('',(#188),#102,.T.);
#1535=CLOSED_SHELL('',(#1449,#1450,#1451,#1452,#1453,#1454,#1455,#1456,
#1457,#1458,#1459,#1460,#1461,#1462,#1463,#1464,#1465,#1466,#1467,#1468,
#1469,#1470,#1471,#1472,#1473,#1474,#1475,#1476,#1477,#1478,#1479,#1480,
#1481,#1482,#1483,#1484,#1485,#1486,#1487,#1488,#1489,#1490,#1491,#1492,
#1493,#1494,#1495,#1496,#1497,#1498,#1499,#1500,#1501,#1502,#1503,#1504,
#1505,#1506,#1507,#1508,#1509,#1510,#1511,#1512,#1513,#1514,#1515,#1516,
#1517,#1518,#1519,#1520,#1521,#1522,#1523,#1524,#1525,#1526,#1527,#1528,
#1529,#1530,#1531,#1532,#1533,#1534));
#1536=DERIVED_UNIT_ELEMENT(#1538,1.);
#1537=DERIVED_UNIT_ELEMENT(#2671,-3.);
#1538=(
MASS_UNIT()
NAMED_UNIT(*)
SI_UNIT(.KILO.,.GRAM.)
);
#1539=DERIVED_UNIT((#1536,#1537));
#1540=MEASURE_REPRESENTATION_ITEM('density measure',
POSITIVE_RATIO_MEASURE(7850.),#1539);
#1541=PROPERTY_DEFINITION_REPRESENTATION(#1546,#1543);
#1542=PROPERTY_DEFINITION_REPRESENTATION(#1547,#1544);
#1543=REPRESENTATION('material name',(#1545),#2668);
#1544=REPRESENTATION('density',(#1540),#2668);
#1545=DESCRIPTIVE_REPRESENTATION_ITEM('Steel','Steel');
#1546=PROPERTY_DEFINITION('material property','material name',#2683);
#1547=PROPERTY_DEFINITION('material property','density of part',#2683);
#1548=AXIS2_PLACEMENT_3D('',#2119,#1685,#1686);
#1549=AXIS2_PLACEMENT_3D('',#2120,#1687,#1688);
#1550=AXIS2_PLACEMENT_3D('',#2121,#1689,#1690);
#1551=AXIS2_PLACEMENT_3D('',#2124,#1691,#1692);
#1552=AXIS2_PLACEMENT_3D('',#2128,#1694,#1695);
#1553=AXIS2_PLACEMENT_3D('',#2130,#1697,#1698);
#1554=AXIS2_PLACEMENT_3D('',#2136,#1701,#1702);
#1555=AXIS2_PLACEMENT_3D('',#2138,#1704,#1705);
#1556=AXIS2_PLACEMENT_3D('',#2141,#1706,#1707);
#1557=AXIS2_PLACEMENT_3D('',#2145,#1709,#1710);
#1558=AXIS2_PLACEMENT_3D('',#2147,#1712,#1713);
#1559=AXIS2_PLACEMENT_3D('',#2151,#1715,#1716);
#1560=AXIS2_PLACEMENT_3D('',#2155,#1719,#1720);
#1561=AXIS2_PLACEMENT_3D('',#2158,#1721,#1722);
#1562=AXIS2_PLACEMENT_3D('',#2162,#1724,#1725);
#1563=AXIS2_PLACEMENT_3D('',#2164,#1727,#1728);
#1564=AXIS2_PLACEMENT_3D('',#2168,#1730,#1731);
#1565=AXIS2_PLACEMENT_3D('',#2172,#1734,#1735);
#1566=AXIS2_PLACEMENT_3D('',#2175,#1736,#1737);
#1567=AXIS2_PLACEMENT_3D('',#2179,#1739,#1740);
#1568=AXIS2_PLACEMENT_3D('',#2181,#1742,#1743);
#1569=AXIS2_PLACEMENT_3D('',#2187,#1746,#1747);
#1570=AXIS2_PLACEMENT_3D('',#2189,#1749,#1750);
#1571=AXIS2_PLACEMENT_3D('',#2191,#1751,#1752);
#1572=AXIS2_PLACEMENT_3D('',#2194,#1754,#1755);
#1573=AXIS2_PLACEMENT_3D('',#2195,#1756,#1757);
#1574=AXIS2_PLACEMENT_3D('',#2196,#1758,#1759);
#1575=AXIS2_PLACEMENT_3D('',#2198,#1760,#1761);
#1576=AXIS2_PLACEMENT_3D('',#2201,#1763,#1764);
#1577=AXIS2_PLACEMENT_3D('',#2202,#1765,#1766);
#1578=AXIS2_PLACEMENT_3D('',#2203,#1767,#1768);
#1579=AXIS2_PLACEMENT_3D('',#2205,#1769,#1770);
#1580=AXIS2_PLACEMENT_3D('',#2208,#1772,#1773);
#1581=AXIS2_PLACEMENT_3D('',#2209,#1774,#1775);
#1582=AXIS2_PLACEMENT_3D('',#2210,#1776,#1777);
#1583=AXIS2_PLACEMENT_3D('',#2212,#1778,#1779);
#1584=AXIS2_PLACEMENT_3D('',#2215,#1781,#1782);
#1585=AXIS2_PLACEMENT_3D('',#2216,#1783,#1784);
#1586=AXIS2_PLACEMENT_3D('',#2217,#1785,#1786);
#1587=AXIS2_PLACEMENT_3D('',#2252,#1789,#1790);
#1588=AXIS2_PLACEMENT_3D('',#2254,#1791,#1792);
#1589=AXIS2_PLACEMENT_3D('',#2257,#1794,#1795);
#1590=AXIS2_PLACEMENT_3D('',#2258,#1796,#1797);
#1591=AXIS2_PLACEMENT_3D('',#2260,#1798,#1799);
#1592=AXIS2_PLACEMENT_3D('',#2263,#1801,#1802);
#1593=AXIS2_PLACEMENT_3D('',#2264,#1803,#1804);
#1594=AXIS2_PLACEMENT_3D('',#2270,#1808,#1809);
#1595=AXIS2_PLACEMENT_3D('',#2278,#1814,#1815);
#1596=AXIS2_PLACEMENT_3D('',#2282,#1818,#1819);
#1597=AXIS2_PLACEMENT_3D('',#2289,#1824,#1825);
#1598=AXIS2_PLACEMENT_3D('',#2324,#1828,#1829);
#1599=AXIS2_PLACEMENT_3D('',#2331,#1833,#1834);
#1600=AXIS2_PLACEMENT_3D('',#2333,#1835,#1836);
#1601=AXIS2_PLACEMENT_3D('',#2339,#1840,#1841);
#1602=AXIS2_PLACEMENT_3D('',#2341,#1842,#1843);
#1603=AXIS2_PLACEMENT_3D('',#2343,#1845,#1846);
#1604=AXIS2_PLACEMENT_3D('',#2345,#1847,#1848);
#1605=AXIS2_PLACEMENT_3D('',#2355,#1854,#1855);
#1606=AXIS2_PLACEMENT_3D('',#2357,#1857,#1858);
#1607=AXIS2_PLACEMENT_3D('',#2392,#1861,#1862);
#1608=AXIS2_PLACEMENT_3D('',#2399,#1866,#1867);
#1609=AXIS2_PLACEMENT_3D('',#2401,#1868,#1869);
#1610=AXIS2_PLACEMENT_3D('',#2407,#1873,#1874);
#1611=AXIS2_PLACEMENT_3D('',#2409,#1875,#1876);
#1612=AXIS2_PLACEMENT_3D('',#2411,#1878,#1879);
#1613=AXIS2_PLACEMENT_3D('',#2413,#1880,#1881);
#1614=AXIS2_PLACEMENT_3D('',#2423,#1887,#1888);
#1615=AXIS2_PLACEMENT_3D('',#2425,#1890,#1891);
#1616=AXIS2_PLACEMENT_3D('',#2460,#1894,#1895);
#1617=AXIS2_PLACEMENT_3D('',#2462,#1896,#1897);
#1618=AXIS2_PLACEMENT_3D('',#2465,#1899,#1900);
#1619=AXIS2_PLACEMENT_3D('',#2466,#1901,#1902);
#1620=AXIS2_PLACEMENT_3D('',#2468,#1903,#1904);
#1621=AXIS2_PLACEMENT_3D('',#2471,#1906,#1907);
#1622=AXIS2_PLACEMENT_3D('',#2472,#1908,#1909);
#1623=AXIS2_PLACEMENT_3D('',#2478,#1913,#1914);
#1624=AXIS2_PLACEMENT_3D('',#2486,#1919,#1920);
#1625=AXIS2_PLACEMENT_3D('',#2490,#1923,#1924);
#1626=AXIS2_PLACEMENT_3D('',#2497,#1929,#1930);
#1627=AXIS2_PLACEMENT_3D('',#2500,#1931,#1932);
#1628=AXIS2_PLACEMENT_3D('',#2503,#1934,#1935);
#1629=AXIS2_PLACEMENT_3D('',#2506,#1937,#1938);
#1630=AXIS2_PLACEMENT_3D('',#2507,#1939,#1940);
#1631=AXIS2_PLACEMENT_3D('',#2537,#1956,#1957);
#1632=AXIS2_PLACEMENT_3D('',#2541,#1960,#1961);
#1633=AXIS2_PLACEMENT_3D('',#2543,#1962,#1963);
#1634=AXIS2_PLACEMENT_3D('',#2544,#1964,#1965);
#1635=AXIS2_PLACEMENT_3D('',#2547,#1967,#1968);
#1636=AXIS2_PLACEMENT_3D('',#2548,#1969,#1970);
#1637=AXIS2_PLACEMENT_3D('',#2555,#1974,#1975);
#1638=AXIS2_PLACEMENT_3D('',#2556,#1976,#1977);
#1639=AXIS2_PLACEMENT_3D('',#2560,#1981,#1982);
#1640=AXIS2_PLACEMENT_3D('',#2561,#1983,#1984);
#1641=AXIS2_PLACEMENT_3D('',#2563,#1985,#1986);
#1642=AXIS2_PLACEMENT_3D('',#2565,#1988,#1989);
#1643=AXIS2_PLACEMENT_3D('',#2566,#1990,#1991);
#1644=AXIS2_PLACEMENT_3D('',#2570,#1994,#1995);
#1645=AXIS2_PLACEMENT_3D('',#2572,#1996,#1997);
#1646=AXIS2_PLACEMENT_3D('',#2573,#1998,#1999);
#1647=AXIS2_PLACEMENT_3D('',#2576,#2001,#2002);
#1648=AXIS2_PLACEMENT_3D('',#2577,#2003,#2004);
#1649=AXIS2_PLACEMENT_3D('',#2583,#2008,#2009);
#1650=AXIS2_PLACEMENT_3D('',#2587,#2013,#2014);
#1651=AXIS2_PLACEMENT_3D('',#2588,#2015,#2016);
#1652=AXIS2_PLACEMENT_3D('',#2592,#2020,#2021);
#1653=AXIS2_PLACEMENT_3D('',#2595,#2024,#2025);
#1654=AXIS2_PLACEMENT_3D('',#2598,#2028,#2029);
#1655=AXIS2_PLACEMENT_3D('',#2600,#2031,#2032);
#1656=AXIS2_PLACEMENT_3D('',#2602,#2034,#2035);
#1657=AXIS2_PLACEMENT_3D('',#2605,#2038,#2039);
#1658=AXIS2_PLACEMENT_3D('',#2609,#2043,#2044);
#1659=AXIS2_PLACEMENT_3D('',#2612,#2047,#2048);
#1660=AXIS2_PLACEMENT_3D('',#2613,#2049,#2050);
#1661=AXIS2_PLACEMENT_3D('',#2615,#2052,#2053);
#1662=AXIS2_PLACEMENT_3D('',#2617,#2055,#2056);
#1663=AXIS2_PLACEMENT_3D('',#2619,#2058,#2059);
#1664=AXIS2_PLACEMENT_3D('',#2621,#2061,#2062);
#1665=AXIS2_PLACEMENT_3D('',#2622,#2063,#2064);
#1666=AXIS2_PLACEMENT_3D('',#2623,#2065,#2066);
#1667=AXIS2_PLACEMENT_3D('',#2624,#2067,#2068);
#1668=AXIS2_PLACEMENT_3D('',#2625,#2069,#2070);
#1669=AXIS2_PLACEMENT_3D('',#2629,#2073,#2074);
#1670=AXIS2_PLACEMENT_3D('',#2635,#2078,#2079);
#1671=AXIS2_PLACEMENT_3D('',#2639,#2082,#2083);
#1672=AXIS2_PLACEMENT_3D('',#2647,#2089,#2090);
#1673=AXIS2_PLACEMENT_3D('',#2649,#2092,#2093);
#1674=AXIS2_PLACEMENT_3D('',#2650,#2094,#2095);
#1675=AXIS2_PLACEMENT_3D('',#2652,#2097,#2098);
#1676=AXIS2_PLACEMENT_3D('',#2654,#2100,#2101);
#1677=AXIS2_PLACEMENT_3D('',#2656,#2103,#2104);
#1678=AXIS2_PLACEMENT_3D('',#2657,#2105,#2106);
#1679=AXIS2_PLACEMENT_3D('',#2658,#2107,#2108);
#1680=AXIS2_PLACEMENT_3D('',#2659,#2109,#2110);
#1681=AXIS2_PLACEMENT_3D('',#2660,#2111,#2112);
#1682=AXIS2_PLACEMENT_3D('',#2661,#2113,#2114);
#1683=AXIS2_PLACEMENT_3D('',#2662,#2115,#2116);
#1684=AXIS2_PLACEMENT_3D('',#2663,#2117,#2118);
#1685=DIRECTION('axis',(0.,0.,1.));
#1686=DIRECTION('refdir',(1.,0.,0.));
#1687=DIRECTION('axis',(0.,0.,1.));
#1688=DIRECTION('refdir',(1.,0.,0.));
#1689=DIRECTION('center_axis',(1.,0.,0.));
#1690=DIRECTION('ref_axis',(0.,-0.398954687381356,-0.916970641523732));
#1691=DIRECTION('center_axis',(-1.,0.,0.));
#1692=DIRECTION('ref_axis',(0.,-0.398954687381356,-0.916970641523732));
#1693=DIRECTION('',(1.,0.,0.));
#1694=DIRECTION('center_axis',(1.,0.,0.));
#1695=DIRECTION('ref_axis',(0.,-0.398954687381356,-0.916970641523732));
#1696=DIRECTION('',(-1.,0.,0.));
#1697=DIRECTION('center_axis',(0.,-0.731659471253966,-0.681670314832887));
#1698=DIRECTION('ref_axis',(0.,-0.681670314832887,0.731659471253965));
#1699=DIRECTION('',(0.,0.681670314832887,-0.731659471253965));
#1700=DIRECTION('',(-1.,0.,0.));
#1701=DIRECTION('center_axis',(0.,-0.731659471253966,-0.681670314832887));
#1702=DIRECTION('ref_axis',(5.07690744482013E-17,-0.681670314832887,0.731659471253965));
#1703=DIRECTION('',(0.,-0.681670314832887,0.731659471253965));
#1704=DIRECTION('center_axis',(-1.,0.,0.));
#1705=DIRECTION('ref_axis',(0.,0.398954687381356,-0.916970641523732));
#1706=DIRECTION('center_axis',(1.,0.,0.));
#1707=DIRECTION('ref_axis',(0.,0.398954687381356,-0.916970641523732));
#1708=DIRECTION('',(-1.,0.,0.));
#1709=DIRECTION('center_axis',(-1.,0.,0.));
#1710=DIRECTION('ref_axis',(0.,0.398954687381356,-0.916970641523732));
#1711=DIRECTION('',(1.,0.,0.));
#1712=DIRECTION('center_axis',(0.,0.731659471253965,-0.681670314832888));
#1713=DIRECTION('ref_axis',(0.,-0.681670314832888,-0.731659471253965));
#1714=DIRECTION('',(0.,-0.681670314832888,-0.731659471253965));
#1715=DIRECTION('center_axis',(0.,0.731659471253965,-0.681670314832888));
#1716=DIRECTION('ref_axis',(-5.07690744482013E-17,0.681670314832888,0.731659471253965));
#1717=DIRECTION('',(-1.,0.,0.));
#1718=DIRECTION('',(0.,0.681670314832888,0.731659471253965));
#1719=DIRECTION('center_axis',(1.,0.,0.));
#1720=DIRECTION('ref_axis',(0.,-0.398954687381358,-0.916970641523731));
#1721=DIRECTION('center_axis',(-1.,0.,0.));
#1722=DIRECTION('ref_axis',(0.,-0.398954687381358,-0.916970641523731));
#1723=DIRECTION('',(1.,0.,0.));
#1724=DIRECTION('center_axis',(1.,0.,0.));
#1725=DIRECTION('ref_axis',(0.,-0.398954687381358,-0.916970641523731));
#1726=DIRECTION('',(-1.,0.,0.));
#1727=DIRECTION('center_axis',(0.,-0.731659471253965,-0.681670314832888));
#1728=DIRECTION('ref_axis',(0.,0.681670314832888,-0.731659471253965));
#1729=DIRECTION('',(0.,0.681670314832888,-0.731659471253965));
#1730=DIRECTION('center_axis',(0.,-0.731659471253965,-0.681670314832888));
#1731=DIRECTION('ref_axis',(0.,-0.681670314832888,0.731659471253965));
#1732=DIRECTION('',(1.,0.,0.));
#1733=DIRECTION('',(0.,-0.681670314832888,0.731659471253965));
#1734=DIRECTION('center_axis',(-1.,0.,0.));
#1735=DIRECTION('ref_axis',(0.,0.398954687381356,-0.916970641523732));
#1736=DIRECTION('center_axis',(1.,0.,0.));
#1737=DIRECTION('ref_axis',(0.,0.398954687381356,-0.916970641523732));
#1738=DIRECTION('',(-1.,0.,0.));
#1739=DIRECTION('center_axis',(-1.,0.,0.));
#1740=DIRECTION('ref_axis',(0.,0.398954687381356,-0.916970641523732));
#1741=DIRECTION('',(1.,0.,0.));
#1742=DIRECTION('center_axis',(0.,0.731659471253965,-0.681670314832888));
#1743=DIRECTION('ref_axis',(0.,0.681670314832888,0.731659471253965));
#1744=DIRECTION('',(0.,-0.681670314832888,-0.731659471253965));
#1745=DIRECTION('',(1.,0.,0.));
#1746=DIRECTION('center_axis',(0.,0.731659471253965,-0.681670314832888));
#1747=DIRECTION('ref_axis',(0.,0.681670314832888,0.731659471253965));
#1748=DIRECTION('',(0.,0.681670314832888,0.731659471253965));
#1749=DIRECTION('center_axis',(0.,0.,-1.));
#1750=DIRECTION('ref_axis',(-1.,0.,0.));
#1751=DIRECTION('center_axis',(0.,0.,-1.));
#1752=DIRECTION('ref_axis',(-1.,0.,0.));
#1753=DIRECTION('',(0.,0.,1.));
#1754=DIRECTION('center_axis',(0.,0.,1.));
#1755=DIRECTION('ref_axis',(-1.,0.,0.));
#1756=DIRECTION('center_axis',(0.,0.,1.));
#1757=DIRECTION('ref_axis',(-1.,0.,0.));
#1758=DIRECTION('center_axis',(0.,0.,-1.));
#1759=DIRECTION('ref_axis',(-1.,0.,0.));
#1760=DIRECTION('center_axis',(0.,0.,-1.));
#1761=DIRECTION('ref_axis',(-1.,0.,0.));
#1762=DIRECTION('',(0.,0.,1.));
#1763=DIRECTION('center_axis',(0.,0.,1.));
#1764=DIRECTION('ref_axis',(-1.,0.,0.));
#1765=DIRECTION('center_axis',(0.,0.,1.));
#1766=DIRECTION('ref_axis',(-1.,0.,0.));
#1767=DIRECTION('center_axis',(0.,0.,-1.));
#1768=DIRECTION('ref_axis',(-1.,0.,0.));
#1769=DIRECTION('center_axis',(0.,0.,-1.));
#1770=DIRECTION('ref_axis',(-1.,0.,0.));
#1771=DIRECTION('',(0.,0.,1.));
#1772=DIRECTION('center_axis',(0.,0.,1.));
#1773=DIRECTION('ref_axis',(-1.,0.,0.));
#1774=DIRECTION('center_axis',(0.,0.,1.));
#1775=DIRECTION('ref_axis',(-1.,0.,0.));
#1776=DIRECTION('center_axis',(0.,0.,-1.));
#1777=DIRECTION('ref_axis',(-1.,0.,0.));
#1778=DIRECTION('center_axis',(0.,0.,-1.));
#1779=DIRECTION('ref_axis',(-1.,0.,0.));
#1780=DIRECTION('',(0.,0.,1.));
#1781=DIRECTION('center_axis',(0.,0.,1.));
#1782=DIRECTION('ref_axis',(-1.,0.,0.));
#1783=DIRECTION('center_axis',(0.,0.,1.));
#1784=DIRECTION('ref_axis',(-1.,0.,0.));
#1785=DIRECTION('center_axis',(-1.,0.,0.));
#1786=DIRECTION('ref_axis',(0.,-0.953939201416946,0.299999999999999));
#1787=DIRECTION('',(-1.,0.,0.));
#1788=DIRECTION('',(-1.,0.,0.));
#1789=DIRECTION('center_axis',(0.,0.,1.));
#1790=DIRECTION('ref_axis',(-0.707106781186548,-0.707106781186548,0.));
#1791=DIRECTION('center_axis',(0.,0.,-1.));
#1792=DIRECTION('ref_axis',(-0.707106781186548,-0.707106781186548,0.));
#1793=DIRECTION('',(0.,0.,-1.));
#1794=DIRECTION('center_axis',(0.,0.,1.));
#1795=DIRECTION('ref_axis',(-0.707106781186548,-0.707106781186548,0.));
#1796=DIRECTION('center_axis',(0.,0.,1.));
#1797=DIRECTION('ref_axis',(0.707106781186548,-0.707106781186548,0.));
#1798=DIRECTION('center_axis',(0.,0.,1.));
#1799=DIRECTION('ref_axis',(0.707106781186548,-0.707106781186548,0.));
#1800=DIRECTION('',(0.,0.,1.));
#1801=DIRECTION('center_axis',(0.,0.,-1.));
#1802=DIRECTION('ref_axis',(0.707106781186548,-0.707106781186548,0.));
#1803=DIRECTION('center_axis',(1.,0.,0.));
#1804=DIRECTION('ref_axis',(0.,1.,0.));
#1805=DIRECTION('',(0.,-1.,0.));
#1806=DIRECTION('',(0.,0.,1.));
#1807=DIRECTION('',(0.,1.,0.));
#1808=DIRECTION('center_axis',(0.,0.,1.));
#1809=DIRECTION('ref_axis',(-1.,0.,0.));
#1810=DIRECTION('',(0.,1.,0.));
#1811=DIRECTION('',(0.625000000000001,0.780624749799799,0.));
#1812=DIRECTION('',(1.,0.,0.));
#1813=DIRECTION('',(-0.625000000000001,0.780624749799799,0.));
#1814=DIRECTION('center_axis',(-1.,0.,0.));
#1815=DIRECTION('ref_axis',(0.,-1.,0.));
#1816=DIRECTION('',(0.,-1.,0.));
#1817=DIRECTION('',(0.,0.,1.));
#1818=DIRECTION('center_axis',(0.,0.,1.));
#1819=DIRECTION('ref_axis',(1.,0.,0.));
#1820=DIRECTION('',(0.,1.,0.));
#1821=DIRECTION('',(-0.625000000000001,-0.780624749799799,0.));
#1822=DIRECTION('',(-0.625000000000001,0.780624749799799,0.));
#1823=DIRECTION('',(0.,-1.,0.));
#1824=DIRECTION('center_axis',(1.,0.,0.));
#1825=DIRECTION('ref_axis',(0.,0.953939201416946,0.299999999999999));
#1826=DIRECTION('',(1.,0.,0.));
#1827=DIRECTION('',(1.,0.,0.));
#1828=DIRECTION('center_axis',(0.,0.,1.));
#1829=DIRECTION('ref_axis',(1.,0.,0.));
#1830=DIRECTION('',(0.,-1.,0.));
#1831=DIRECTION('',(0.625000000000001,0.780624749799799,0.));
#1832=DIRECTION('',(0.,1.,0.));
#1833=DIRECTION('center_axis',(0.,0.,-1.));
#1834=DIRECTION('ref_axis',(0.707106781186548,0.707106781186548,0.));
#1835=DIRECTION('center_axis',(0.,0.,-1.));
#1836=DIRECTION('ref_axis',(-0.707106781186548,0.707106781186548,0.));
#1837=DIRECTION('',(0.,-1.,0.));
#1838=DIRECTION('',(0.625000000000001,-0.780624749799799,0.));
#1839=DIRECTION('',(0.,1.,0.));
#1840=DIRECTION('center_axis',(0.,0.,1.));
#1841=DIRECTION('ref_axis',(-0.707106781186548,0.707106781186548,0.));
#1842=DIRECTION('center_axis',(0.,0.,1.));
#1843=DIRECTION('ref_axis',(-0.707106781186548,0.707106781186548,0.));
#1844=DIRECTION('',(0.,0.,1.));
#1845=DIRECTION('center_axis',(0.,0.,1.));
#1846=DIRECTION('ref_axis',(-1.,0.,0.));
#1847=DIRECTION('center_axis',(0.,0.,1.));
#1848=DIRECTION('ref_axis',(0.707106781186548,0.707106781186548,0.));
#1849=DIRECTION('',(0.,-1.,0.));
#1850=DIRECTION('',(-0.625000000000001,-0.780624749799799,0.));
#1851=DIRECTION('',(-1.,0.,0.));
#1852=DIRECTION('',(0.625000000000001,-0.780624749799799,0.));
#1853=DIRECTION('',(0.,1.,0.));
#1854=DIRECTION('center_axis',(0.,0.,1.));
#1855=DIRECTION('ref_axis',(0.707106781186548,0.707106781186548,0.));
#1856=DIRECTION('',(0.,0.,-1.));
#1857=DIRECTION('center_axis',(-1.,0.,0.));
#1858=DIRECTION('ref_axis',(0.,-0.953939201416946,0.299999999999999));
#1859=DIRECTION('',(-1.,0.,0.));
#1860=DIRECTION('',(1.,0.,0.));
#1861=DIRECTION('center_axis',(0.,0.,1.));
#1862=DIRECTION('ref_axis',(1.,0.,0.));
#1863=DIRECTION('',(0.,1.,0.));
#1864=DIRECTION('',(-0.625000000000001,-0.780624749799799,0.));
#1865=DIRECTION('',(0.,-1.,0.));
#1866=DIRECTION('center_axis',(0.,0.,-1.));
#1867=DIRECTION('ref_axis',(-0.707106781186554,-0.707106781186541,0.));
#1868=DIRECTION('center_axis',(0.,0.,-1.));
#1869=DIRECTION('ref_axis',(0.707106781186554,-0.707106781186541,0.));
#1870=DIRECTION('',(0.,1.,0.));
#1871=DIRECTION('',(-0.625000000000001,0.780624749799799,0.));
#1872=DIRECTION('',(0.,-1.,0.));
#1873=DIRECTION('center_axis',(0.,0.,1.));
#1874=DIRECTION('ref_axis',(0.707106781186554,-0.707106781186541,0.));
#1875=DIRECTION('center_axis',(0.,0.,1.));
#1876=DIRECTION('ref_axis',(0.707106781186554,-0.707106781186541,0.));
#1877=DIRECTION('',(0.,0.,1.));
#1878=DIRECTION('center_axis',(0.,0.,1.));
#1879=DIRECTION('ref_axis',(-1.,0.,0.));
#1880=DIRECTION('center_axis',(0.,0.,1.));
#1881=DIRECTION('ref_axis',(-0.707106781186554,-0.707106781186541,0.));
#1882=DIRECTION('',(0.,-1.,0.));
#1883=DIRECTION('',(0.625000000000001,0.780624749799799,0.));
#1884=DIRECTION('',(1.,0.,0.));
#1885=DIRECTION('',(-0.625000000000001,0.780624749799799,0.));
#1886=DIRECTION('',(0.,1.,0.));
#1887=DIRECTION('center_axis',(0.,0.,1.));
#1888=DIRECTION('ref_axis',(-0.707106781186554,-0.707106781186541,0.));
#1889=DIRECTION('',(0.,0.,-1.));
#1890=DIRECTION('center_axis',(1.,0.,0.));
#1891=DIRECTION('ref_axis',(0.,0.953939201416946,0.299999999999999));
#1892=DIRECTION('',(1.,0.,0.));
#1893=DIRECTION('',(-1.,0.,0.));
#1894=DIRECTION('center_axis',(0.,0.,1.));
#1895=DIRECTION('ref_axis',(0.707106781186554,0.707106781186541,0.));
#1896=DIRECTION('center_axis',(0.,0.,-1.));
#1897=DIRECTION('ref_axis',(0.707106781186554,0.707106781186541,0.));
#1898=DIRECTION('',(0.,0.,-1.));
#1899=DIRECTION('center_axis',(0.,0.,1.));
#1900=DIRECTION('ref_axis',(0.707106781186554,0.707106781186541,0.));
#1901=DIRECTION('center_axis',(0.,0.,1.));
#1902=DIRECTION('ref_axis',(-0.707106781186554,0.707106781186541,0.));
#1903=DIRECTION('center_axis',(0.,0.,1.));
#1904=DIRECTION('ref_axis',(-0.707106781186554,0.707106781186541,0.));
#1905=DIRECTION('',(0.,0.,1.));
#1906=DIRECTION('center_axis',(0.,0.,-1.));
#1907=DIRECTION('ref_axis',(-0.707106781186554,0.707106781186541,0.));
#1908=DIRECTION('center_axis',(-1.,0.,0.));
#1909=DIRECTION('ref_axis',(0.,-1.,0.));
#1910=DIRECTION('',(0.,-1.,0.));
#1911=DIRECTION('',(0.,0.,1.));
#1912=DIRECTION('',(0.,-1.,0.));
#1913=DIRECTION('center_axis',(0.,0.,1.));
#1914=DIRECTION('ref_axis',(-1.,0.,0.));
#1915=DIRECTION('',(0.,1.,0.));
#1916=DIRECTION('',(-0.625000000000001,-0.780624749799799,0.));
#1917=DIRECTION('',(-1.,0.,0.));
#1918=DIRECTION('',(0.625000000000001,-0.780624749799799,0.));
#1919=DIRECTION('center_axis',(1.,0.,0.));
#1920=DIRECTION('ref_axis',(0.,1.,0.));
#1921=DIRECTION('',(0.,1.,0.));
#1922=DIRECTION('',(0.,0.,1.));
#1923=DIRECTION('center_axis',(0.,0.,1.));
#1924=DIRECTION('ref_axis',(1.,0.,0.));
#1925=DIRECTION('',(0.,-1.,0.));
#1926=DIRECTION('',(0.625000000000001,0.780624749799799,0.));
#1927=DIRECTION('',(0.625000000000001,-0.780624749799799,0.));
#1928=DIRECTION('',(0.,1.,0.));
#1929=DIRECTION('center_axis',(0.,1.,0.));
#1930=DIRECTION('ref_axis',(0.707106781186552,0.,0.707106781186543));
#1931=DIRECTION('center_axis',(0.,0.710656615186779,0.703539036082058));
#1932=DIRECTION('ref_axis',(9.86234170978177E-17,-0.703539036082057,0.710656615186779));
#1933=DIRECTION('',(0.,1.,0.));
#1934=DIRECTION('center_axis',(0.,-1.,0.));
#1935=DIRECTION('ref_axis',(0.707106781186552,0.,0.707106781186543));
#1936=DIRECTION('',(0.,-1.,0.));
#1937=DIRECTION('center_axis',(0.,1.,0.));
#1938=DIRECTION('ref_axis',(0.707106781186552,0.,0.707106781186543));
#1939=DIRECTION('center_axis',(0.,0.,1.));
#1940=DIRECTION('ref_axis',(1.,0.,0.));
#1941=DIRECTION('',(-1.,0.,0.));
#1942=DIRECTION('',(0.,1.,0.));
#1943=DIRECTION('',(1.,0.,0.));
#1944=DIRECTION('',(0.,-1.,0.));
#1945=DIRECTION('',(-1.,0.,0.));
#1946=DIRECTION('',(0.,1.,0.));
#1947=DIRECTION('',(1.,0.,0.));
#1948=DIRECTION('',(0.,-1.,0.));
#1949=DIRECTION('',(-1.,0.,0.));
#1950=DIRECTION('',(0.,1.,0.));
#1951=DIRECTION('',(1.,0.,0.));
#1952=DIRECTION('',(1.,0.,0.));
#1953=DIRECTION('',(0.,-1.,0.));
#1954=DIRECTION('',(-1.,0.,0.));
#1955=DIRECTION('',(0.,1.,0.));
#1956=DIRECTION('center_axis',(0.,1.,0.));
#1957=DIRECTION('ref_axis',(-1.,0.,0.));
#1958=DIRECTION('',(-1.,0.,0.));
#1959=DIRECTION('',(0.,0.,1.));
#1960=DIRECTION('center_axis',(0.,1.,0.));
#1961=DIRECTION('ref_axis',(0.707106781186552,0.,0.707106781186543));
#1962=DIRECTION('center_axis',(0.,-1.,0.));
#1963=DIRECTION('ref_axis',(0.707106781186552,0.,0.707106781186543));
#1964=DIRECTION('center_axis',(0.,1.,0.));
#1965=DIRECTION('ref_axis',(0.707106781186552,0.,0.707106781186543));
#1966=DIRECTION('',(0.,1.,0.));
#1967=DIRECTION('center_axis',(0.,-0.710656615186778,0.703539036082058));
#1968=DIRECTION('ref_axis',(-4.93117085489088E-17,0.703539036082058,0.710656615186778));
#1969=DIRECTION('center_axis',(0.,1.,0.));
#1970=DIRECTION('ref_axis',(-1.,0.,0.));
#1971=DIRECTION('',(-1.,0.,0.));
#1972=DIRECTION('',(1.,0.,0.));
#1973=DIRECTION('',(-1.,0.,0.));
#1974=DIRECTION('center_axis',(0.,-1.,0.));
#1975=DIRECTION('ref_axis',(-0.707106781186546,0.,0.707106781186549));
#1976=DIRECTION('center_axis',(0.,-0.710656615186778,0.703539036082058));
#1977=DIRECTION('ref_axis',(0.,0.703539036082058,0.710656615186778));
#1978=DIRECTION('',(0.,0.703539036082058,0.710656615186778));
#1979=DIRECTION('',(-1.,0.,0.));
#1980=DIRECTION('',(0.,-0.703539036082058,-0.710656615186778));
#1981=DIRECTION('center_axis',(1.,0.,0.));
#1982=DIRECTION('ref_axis',(0.,1.,0.));
#1983=DIRECTION('center_axis',(0.,-1.,0.));
#1984=DIRECTION('ref_axis',(-0.707106781186546,0.,0.707106781186549));
#1985=DIRECTION('center_axis',(0.,-0.710656615186778,0.703539036082058));
#1986=DIRECTION('ref_axis',(0.,0.703539036082058,0.710656615186778));
#1987=DIRECTION('',(0.,-1.,0.));
#1988=DIRECTION('center_axis',(0.,1.,0.));
#1989=DIRECTION('ref_axis',(-0.707106781186546,0.,0.707106781186549));
#1990=DIRECTION('center_axis',(0.,-1.,0.));
#1991=DIRECTION('ref_axis',(1.,0.,0.));
#1992=DIRECTION('',(-1.,0.,0.));
#1993=DIRECTION('',(0.,0.,1.));
#1994=DIRECTION('center_axis',(0.,-1.,0.));
#1995=DIRECTION('ref_axis',(-0.707106781186546,0.,0.707106781186549));
#1996=DIRECTION('center_axis',(0.,1.,0.));
#1997=DIRECTION('ref_axis',(-0.707106781186546,0.,0.707106781186549));
#1998=DIRECTION('center_axis',(0.,-1.,0.));
#1999=DIRECTION('ref_axis',(-0.707106781186546,0.,0.707106781186549));
#2000=DIRECTION('',(0.,-1.,0.));
#2001=DIRECTION('center_axis',(0.,0.710656615186778,0.703539036082058));
#2002=DIRECTION('ref_axis',(0.,-0.703539036082058,0.710656615186778));
#2003=DIRECTION('center_axis',(0.,-1.,0.));
#2004=DIRECTION('ref_axis',(1.,0.,0.));
#2005=DIRECTION('',(1.,0.,0.));
#2006=DIRECTION('',(1.,0.,0.));
#2007=DIRECTION('',(1.,0.,0.));
#2008=DIRECTION('center_axis',(0.,0.710656615186778,0.703539036082058));
#2009=DIRECTION('ref_axis',(0.,-0.703539036082058,0.710656615186778));
#2010=DIRECTION('',(0.,-0.703539036082058,0.710656615186778));
#2011=DIRECTION('',(1.,0.,0.));
#2012=DIRECTION('',(0.,0.703539036082058,-0.710656615186778));
#2013=DIRECTION('center_axis',(-1.,0.,0.));
#2014=DIRECTION('ref_axis',(0.,-1.,0.));
#2015=DIRECTION('center_axis',(0.,-1.,0.));
#2016=DIRECTION('ref_axis',(0.,0.,-1.));
#2017=DIRECTION('',(0.,0.,1.));
#2018=DIRECTION('',(0.,0.,1.));
#2019=DIRECTION('',(1.,0.,0.));
#2020=DIRECTION('center_axis',(0.,-0.710656615186778,0.703539036082058));
#2021=DIRECTION('ref_axis',(0.,-0.703539036082058,-0.710656615186778));
#2022=DIRECTION('',(0.,0.703539036082058,0.710656615186778));
#2023=DIRECTION('',(0.,-0.703539036082058,-0.710656615186778));
#2024=DIRECTION('center_axis',(0.,1.,0.));
#2025=DIRECTION('ref_axis',(0.,0.,1.));
#2026=DIRECTION('',(0.,0.,1.));
#2027=DIRECTION('',(0.,0.,1.));
#2028=DIRECTION('center_axis',(1.,0.,0.));
#2029=DIRECTION('ref_axis',(0.,1.,0.));
#2030=DIRECTION('',(0.,1.,0.));
#2031=DIRECTION('center_axis',(1.,0.,0.));
#2032=DIRECTION('ref_axis',(0.,1.,0.));
#2033=DIRECTION('',(0.,-1.,0.));
#2034=DIRECTION('center_axis',(0.,-1.,0.));
#2035=DIRECTION('ref_axis',(0.,0.,1.));
#2036=DIRECTION('',(0.,0.,1.));
#2037=DIRECTION('',(0.,0.,1.));
#2038=DIRECTION('center_axis',(0.,1.,0.));
#2039=DIRECTION('ref_axis',(0.,0.,-1.));
#2040=DIRECTION('',(0.,0.,1.));
#2041=DIRECTION('',(0.,0.,1.));
#2042=DIRECTION('',(-1.,0.,0.));
#2043=DIRECTION('center_axis',(0.,0.710656615186779,0.703539036082058));
#2044=DIRECTION('ref_axis',(0.,0.703539036082058,-0.710656615186779));
#2045=DIRECTION('',(0.,-0.703539036082058,0.710656615186779));
#2046=DIRECTION('',(0.,0.703539036082058,-0.710656615186779));
#2047=DIRECTION('center_axis',(1.,0.,0.));
#2048=DIRECTION('ref_axis',(0.,1.,0.));
#2049=DIRECTION('center_axis',(-1.,0.,0.));
#2050=DIRECTION('ref_axis',(0.,-1.,0.));
#2051=DIRECTION('',(0.,1.,0.));
#2052=DIRECTION('center_axis',(-1.,0.,0.));
#2053=DIRECTION('ref_axis',(0.,-1.,0.));
#2054=DIRECTION('',(0.,1.,0.));
#2055=DIRECTION('center_axis',(-0.780624749799799,0.625000000000001,0.));
#2056=DIRECTION('ref_axis',(-0.625000000000001,-0.780624749799799,0.));
#2057=DIRECTION('',(0.,0.,1.));
#2058=DIRECTION('center_axis',(0.780624749799799,0.625000000000001,0.));
#2059=DIRECTION('ref_axis',(-0.625000000000001,0.780624749799799,0.));
#2060=DIRECTION('',(0.,0.,1.));
#2061=DIRECTION('center_axis',(1.,0.,0.));
#2062=DIRECTION('ref_axis',(0.,1.,0.));
#2063=DIRECTION('center_axis',(-1.,0.,0.));
#2064=DIRECTION('ref_axis',(0.,-1.,0.));
#2065=DIRECTION('center_axis',(0.780624749799799,-0.625000000000001,0.));
#2066=DIRECTION('ref_axis',(0.625000000000001,0.780624749799799,0.));
#2067=DIRECTION('center_axis',(-0.780624749799799,-0.625000000000001,0.));
#2068=DIRECTION('ref_axis',(0.625000000000001,-0.780624749799799,0.));
#2069=DIRECTION('center_axis',(-1.,0.,0.));
#2070=DIRECTION('ref_axis',(0.,-1.,0.));
#2071=DIRECTION('',(0.,1.,0.));
#2072=DIRECTION('',(0.,0.,-1.));
#2073=DIRECTION('center_axis',(1.,0.,0.));
#2074=DIRECTION('ref_axis',(0.,1.,0.));
#2075=DIRECTION('',(0.,0.,-1.));
#2076=DIRECTION('',(0.,0.,1.));
#2077=DIRECTION('',(0.,-1.,0.));
#2078=DIRECTION('center_axis',(0.,-1.,0.));
#2079=DIRECTION('ref_axis',(1.,0.,0.));
#2080=DIRECTION('',(-1.,0.,0.));
#2081=DIRECTION('',(0.,0.,1.));
#2082=DIRECTION('center_axis',(0.,0.,1.));
#2083=DIRECTION('ref_axis',(-1.,0.,0.));
#2084=DIRECTION('',(-1.,0.,0.));
#2085=DIRECTION('',(0.,-1.,0.));
#2086=DIRECTION('',(-1.,0.,0.));
#2087=DIRECTION('',(-1.,0.,0.));
#2088=DIRECTION('',(0.,1.,0.));
#2089=DIRECTION('center_axis',(0.,1.,0.));
#2090=DIRECTION('ref_axis',(-1.,0.,0.));
#2091=DIRECTION('',(0.,0.,-1.));
#2092=DIRECTION('center_axis',(-1.,0.,0.));
#2093=DIRECTION('ref_axis',(0.,-1.,0.));
#2094=DIRECTION('center_axis',(1.,0.,0.));
#2095=DIRECTION('ref_axis',(0.,1.,0.));
#2096=DIRECTION('',(0.,0.,-1.));
#2097=DIRECTION('center_axis',(-1.,0.,0.));
#2098=DIRECTION('ref_axis',(0.,-1.,0.));
#2099=DIRECTION('',(0.,0.,1.));
#2100=DIRECTION('center_axis',(1.,0.,0.));
#2101=DIRECTION('ref_axis',(0.,1.,0.));
#2102=DIRECTION('',(0.,0.,1.));
#2103=DIRECTION('center_axis',(0.780624749799799,-0.625000000000001,0.));
#2104=DIRECTION('ref_axis',(0.625000000000001,0.780624749799799,0.));
#2105=DIRECTION('center_axis',(-0.780624749799799,-0.625000000000001,0.));
#2106=DIRECTION('ref_axis',(0.625000000000001,-0.780624749799799,0.));
#2107=DIRECTION('center_axis',(0.,1.,0.));
#2108=DIRECTION('ref_axis',(-1.,0.,0.));
#2109=DIRECTION('center_axis',(0.,-1.,0.));
#2110=DIRECTION('ref_axis',(1.,0.,0.));
#2111=DIRECTION('center_axis',(-0.780624749799799,0.625000000000001,0.));
#2112=DIRECTION('ref_axis',(-0.625000000000001,-0.780624749799799,0.));
#2113=DIRECTION('center_axis',(0.780624749799799,0.625000000000001,0.));
#2114=DIRECTION('ref_axis',(-0.625000000000001,0.780624749799799,0.));
#2115=DIRECTION('center_axis',(-1.,0.,0.));
#2116=DIRECTION('ref_axis',(0.,-1.,0.));
#2117=DIRECTION('',(0.,0.,1.));
#2118=DIRECTION('',(1.,0.,0.));
#2119=CARTESIAN_POINT('',(0.,0.,0.));
#2120=CARTESIAN_POINT('',(0.,0.,0.));
#2121=CARTESIAN_POINT('Origin',(170.7358,-105.182446865356,14.16));
#2122=CARTESIAN_POINT('',(168.8608,-105.182446865356,7.16));
#2123=CARTESIAN_POINT('',(168.8608,-110.304063164133,9.38830779616979));
#2124=CARTESIAN_POINT('Origin',(168.8608,-105.182446865356,14.16));
#2125=CARTESIAN_POINT('',(171.3608,-110.304063164133,9.38830779616979));
#2126=CARTESIAN_POINT('',(170.7358,-110.304063164133,9.38830779616979));
#2127=CARTESIAN_POINT('',(171.3608,-105.182446865356,7.16));
#2128=CARTESIAN_POINT('Origin',(171.3608,-105.182446865356,14.16));
#2129=CARTESIAN_POINT('',(170.7358,-105.182446865356,7.16));
#2130=CARTESIAN_POINT('Origin',(171.3608,-108.228,7.16));
#2131=CARTESIAN_POINT('',(168.8608,-123.228,23.26));
#2132=CARTESIAN_POINT('',(168.8608,-109.040560665827,8.03214844798744));
#2133=CARTESIAN_POINT('',(171.268678402834,-123.228,23.26));
#2134=CARTESIAN_POINT('',(171.3608,-123.228,23.26));
#2135=CARTESIAN_POINT('',(171.3608,-122.66899378882,22.66));
#2136=CARTESIAN_POINT('Origin',(169.3608,-122.66899378882,22.66));
#2137=CARTESIAN_POINT('',(171.3608,-111.944775779104,11.1493393362384));
#2138=CARTESIAN_POINT('Origin',(170.7358,-91.2735531346444,14.16));
#2139=CARTESIAN_POINT('',(171.3608,-91.2735531346444,7.16));
#2140=CARTESIAN_POINT('',(171.3608,-86.1519368358667,9.38830779616979));
#2141=CARTESIAN_POINT('Origin',(171.3608,-91.2735531346444,14.16));
#2142=CARTESIAN_POINT('',(168.8608,-86.1519368358667,9.38830779616979));
#2143=CARTESIAN_POINT('',(170.7358,-86.1519368358667,9.38830779616979));
#2144=CARTESIAN_POINT('',(168.8608,-91.2735531346444,7.16));
#2145=CARTESIAN_POINT('Origin',(168.8608,-91.2735531346444,14.16));
#2146=CARTESIAN_POINT('',(170.7358,-91.2735531346444,7.16));
#2147=CARTESIAN_POINT('Origin',(171.3608,-73.228,23.26));
#2148=CARTESIAN_POINT('',(171.3608,-73.7870062111801,22.66));
#2149=CARTESIAN_POINT('',(171.3608,-79.9154393341732,16.0821484479874));
#2150=CARTESIAN_POINT('',(171.268678402834,-73.228,23.26));
#2151=CARTESIAN_POINT('Origin',(169.3608,-73.7870062111801,22.66));
#2152=CARTESIAN_POINT('',(168.8608,-73.228,23.26));
#2153=CARTESIAN_POINT('',(171.3608,-73.228,23.26));
#2154=CARTESIAN_POINT('',(168.8608,-77.0112242208959,19.1993393362384));
#2155=CARTESIAN_POINT('Origin',(115.9858,-105.182446865356,14.16));
#2156=CARTESIAN_POINT('',(115.3608,-105.182446865356,7.16));
#2157=CARTESIAN_POINT('',(115.3608,-110.304063164133,9.38830779616979));
#2158=CARTESIAN_POINT('Origin',(115.3608,-105.182446865356,14.16));
#2159=CARTESIAN_POINT('',(117.8608,-110.304063164133,9.38830779616979));
#2160=CARTESIAN_POINT('',(115.9858,-110.304063164133,9.38830779616979));
#2161=CARTESIAN_POINT('',(117.8608,-105.182446865356,7.16));
#2162=CARTESIAN_POINT('Origin',(117.8608,-105.182446865356,14.16));
#2163=CARTESIAN_POINT('',(115.9858,-105.182446865356,7.16));
#2164=CARTESIAN_POINT('Origin',(115.3608,-123.228,23.26));
#2165=CARTESIAN_POINT('',(115.3608,-122.66899378882,22.66));
#2166=CARTESIAN_POINT('',(115.3608,-116.540560665827,16.0821484479874));
#2167=CARTESIAN_POINT('',(115.452921597166,-123.228,23.26));
#2168=CARTESIAN_POINT('Origin',(117.3608,-122.66899378882,22.66));
#2169=CARTESIAN_POINT('',(117.8608,-123.228,23.26));
#2170=CARTESIAN_POINT('',(115.3608,-123.228,23.26));
#2171=CARTESIAN_POINT('',(117.8608,-119.444775779104,19.1993393362384));
#2172=CARTESIAN_POINT('Origin',(115.9858,-91.2735531346444,14.16));
#2173=CARTESIAN_POINT('',(117.8608,-91.2735531346444,7.16));
#2174=CARTESIAN_POINT('',(117.8608,-86.1519368358667,9.38830779616979));
#2175=CARTESIAN_POINT('Origin',(117.8608,-91.2735531346444,14.16));
#2176=CARTESIAN_POINT('',(115.3608,-86.1519368358667,9.38830779616979));
#2177=CARTESIAN_POINT('',(115.9858,-86.1519368358667,9.38830779616979));
#2178=CARTESIAN_POINT('',(115.3608,-91.2735531346444,7.16));
#2179=CARTESIAN_POINT('Origin',(115.3608,-91.2735531346444,14.16));
#2180=CARTESIAN_POINT('',(115.9858,-91.2735531346444,7.16));
#2181=CARTESIAN_POINT('Origin',(115.3608,-88.228,7.16));
#2182=CARTESIAN_POINT('',(117.8608,-73.228,23.26));
#2183=CARTESIAN_POINT('',(117.8608,-87.4154393341732,8.03214844798745));
#2184=CARTESIAN_POINT('',(115.452921597166,-73.228,23.26));
#2185=CARTESIAN_POINT('',(115.3608,-73.228,23.26));
#2186=CARTESIAN_POINT('',(115.3608,-73.7870062111801,22.66));
#2187=CARTESIAN_POINT('Origin',(117.3608,-73.7870062111801,22.66));
#2188=CARTESIAN_POINT('',(115.3608,-84.5112242208959,11.1493393362384));
#2189=CARTESIAN_POINT('Origin',(170.1108,-90.728,5.76));
#2190=CARTESIAN_POINT('',(171.6108,-90.728,1.56));
#2191=CARTESIAN_POINT('Origin',(170.1108,-90.728,1.56));
#2192=CARTESIAN_POINT('',(171.6108,-90.728,5.76));
#2193=CARTESIAN_POINT('',(171.6108,-90.728,5.76));
#2194=CARTESIAN_POINT('Origin',(170.1108,-90.728,5.76));
#2195=CARTESIAN_POINT('Origin',(170.1108,-90.728,1.56));
#2196=CARTESIAN_POINT('Origin',(116.6108,-90.728,5.76));
#2197=CARTESIAN_POINT('',(118.1108,-90.728,1.56));
#2198=CARTESIAN_POINT('Origin',(116.6108,-90.728,1.56));
#2199=CARTESIAN_POINT('',(118.1108,-90.728,5.76));
#2200=CARTESIAN_POINT('',(118.1108,-90.728,5.76));
#2201=CARTESIAN_POINT('Origin',(116.6108,-90.728,5.76));
#2202=CARTESIAN_POINT('Origin',(116.6108,-90.728,1.56));
#2203=CARTESIAN_POINT('Origin',(170.1108,-105.728,5.76));
#2204=CARTESIAN_POINT('',(171.6108,-105.728,1.56));
#2205=CARTESIAN_POINT('Origin',(170.1108,-105.728,1.56));
#2206=CARTESIAN_POINT('',(171.6108,-105.728,5.76));
#2207=CARTESIAN_POINT('',(171.6108,-105.728,5.76));
#2208=CARTESIAN_POINT('Origin',(170.1108,-105.728,5.76));
#2209=CARTESIAN_POINT('Origin',(170.1108,-105.728,1.56));
#2210=CARTESIAN_POINT('Origin',(116.6108,-105.728,5.76));
#2211=CARTESIAN_POINT('',(118.1108,-105.728,1.56));
#2212=CARTESIAN_POINT('Origin',(116.6108,-105.728,1.56));
#2213=CARTESIAN_POINT('',(118.1108,-105.728,5.76));
#2214=CARTESIAN_POINT('',(118.1108,-105.728,5.76));
#2215=CARTESIAN_POINT('Origin',(116.6108,-105.728,5.76));
#2216=CARTESIAN_POINT('Origin',(116.6108,-105.728,1.56));
#2217=CARTESIAN_POINT('Origin',(119.1108,-91.3201215971661,5.16));
#2218=CARTESIAN_POINT('',(117.1108,-93.228,5.76));
#2219=CARTESIAN_POINT('',(119.108677276345,-91.3201215971661,7.16));
#2220=CARTESIAN_POINT('Ctrl Pts',(117.1108,-93.228,5.76));
#2221=CARTESIAN_POINT('Ctrl Pts',(117.209158002424,-93.228,5.76));
#2222=CARTESIAN_POINT('Ctrl Pts',(117.294940773908,-93.2211675137626,5.78218396298009));
#2223=CARTESIAN_POINT('Ctrl Pts',(117.456292554373,-93.1996135063669,5.84454238470872));
#2224=CARTESIAN_POINT('Ctrl Pts',(117.531689603509,-93.1846979190217,5.88509386996413));
#2225=CARTESIAN_POINT('Ctrl Pts',(117.753456610123,-93.1280756135444,6.02075359583666));
#2226=CARTESIAN_POINT('Ctrl Pts',(117.89397062572,-93.0748504114779,6.12880011958846));
#2227=CARTESIAN_POINT('Ctrl Pts',(118.308918674264,-92.8594998111859,6.46419812551711));
#2228=CARTESIAN_POINT('Ctrl Pts',(118.567748575277,-92.6426887169747,6.69833555245795));
#2229=CARTESIAN_POINT('Ctrl Pts',(118.88327372926,-92.177876426355,6.97802535075717));
#2230=CARTESIAN_POINT('Ctrl Pts',(118.986425239674,-91.9627254417712,7.06881766491731));
#2231=CARTESIAN_POINT('Ctrl Pts',(119.081304606891,-91.5968392323734,7.14543272521285));
#2232=CARTESIAN_POINT('Ctrl Pts',(119.102327219395,-91.4578377774616,7.16000000000001));
#2233=CARTESIAN_POINT('Ctrl Pts',(119.108677276345,-91.3201215971661,7.16000000000001));
#2234=CARTESIAN_POINT('',(114.112922723655,-91.3201215971661,7.16));
#2235=CARTESIAN_POINT('',(119.1108,-91.3201215971661,7.16));
#2236=CARTESIAN_POINT('',(116.1108,-93.228,5.76));
#2237=CARTESIAN_POINT('Ctrl Pts',(114.112922723655,-91.3201215971661,7.16000000000001));
#2238=CARTESIAN_POINT('Ctrl Pts',(114.119272780605,-91.4578377774616,7.16000000000001));
#2239=CARTESIAN_POINT('Ctrl Pts',(114.140295393109,-91.5968392323734,7.14543272521285));
#2240=CARTESIAN_POINT('Ctrl Pts',(114.235174760326,-91.9627254417712,7.06881766491731));
#2241=CARTESIAN_POINT('Ctrl Pts',(114.33832627074,-92.177876426355,6.97802535075717));
#2242=CARTESIAN_POINT('Ctrl Pts',(114.653851424723,-92.6426887169747,6.69833555245795));
#2243=CARTESIAN_POINT('Ctrl Pts',(114.912681325736,-92.8594998111859,6.46419812551711));
#2244=CARTESIAN_POINT('Ctrl Pts',(115.32762937428,-93.074850411478,6.12880011958846));
#2245=CARTESIAN_POINT('Ctrl Pts',(115.468143389877,-93.1280756135444,6.02075359583666));
#2246=CARTESIAN_POINT('Ctrl Pts',(115.689910396491,-93.1846979190217,5.88509386996411));
#2247=CARTESIAN_POINT('Ctrl Pts',(115.765307445627,-93.1996135063669,5.84454238470871));
#2248=CARTESIAN_POINT('Ctrl Pts',(115.926659226092,-93.2211675137626,5.78218396298007));
#2249=CARTESIAN_POINT('Ctrl Pts',(116.012441997576,-93.228,5.76));
#2250=CARTESIAN_POINT('Ctrl Pts',(116.1108,-93.228,5.76));
#2251=CARTESIAN_POINT('',(119.1108,-93.228,5.76));
#2252=CARTESIAN_POINT('Origin',(116.1108,-91.228,5.76));
#2253=CARTESIAN_POINT('',(114.1108,-91.228,7.16));
#2254=CARTESIAN_POINT('Origin',(116.1108,-91.228,7.16));
#2255=CARTESIAN_POINT('',(114.1108,-91.228,5.76));
#2256=CARTESIAN_POINT('',(114.1108,-91.228,5.76));
#2257=CARTESIAN_POINT('Origin',(116.1108,-91.228,5.76));
#2258=CARTESIAN_POINT('Origin',(117.1108,-91.228,5.76));
#2259=CARTESIAN_POINT('',(119.1108,-91.228,5.76));
#2260=CARTESIAN_POINT('Origin',(117.1108,-91.228,5.76));
#2261=CARTESIAN_POINT('',(119.1108,-91.228,7.16));
#2262=CARTESIAN_POINT('',(119.1108,-91.228,5.76));
#2263=CARTESIAN_POINT('Origin',(117.1108,-91.228,7.16));
#2264=CARTESIAN_POINT('Origin',(119.1108,-93.228,5.76));
#2265=CARTESIAN_POINT('',(119.1108,-88.228,5.76));
#2266=CARTESIAN_POINT('',(119.1108,-88.228,5.76));
#2267=CARTESIAN_POINT('',(119.1108,-88.228,7.16));
#2268=CARTESIAN_POINT('',(119.1108,-88.228,5.76));
#2269=CARTESIAN_POINT('',(119.1108,-88.228,7.16));
#2270=CARTESIAN_POINT('Origin',(116.6108,-76.978,5.76));
#2271=CARTESIAN_POINT('',(114.1108,-88.228,5.76));
#2272=CARTESIAN_POINT('',(114.1108,-93.228,5.76));
#2273=CARTESIAN_POINT('',(115.3608,-86.6667505004004,5.76));
#2274=CARTESIAN_POINT('',(114.1108,-88.228,5.76));
#2275=CARTESIAN_POINT('',(117.8608,-86.6667505004004,5.76));
#2276=CARTESIAN_POINT('',(115.9858,-86.6667505004004,5.76));
#2277=CARTESIAN_POINT('',(119.1108,-88.228,5.76));
#2278=CARTESIAN_POINT('Origin',(114.1108,-88.228,5.76));
#2279=CARTESIAN_POINT('',(114.1108,-88.228,7.16));
#2280=CARTESIAN_POINT('',(114.1108,-93.228,7.16));
#2281=CARTESIAN_POINT('',(114.1108,-88.228,5.76));
#2282=CARTESIAN_POINT('Origin',(116.6108,-88.228,7.16));
#2283=CARTESIAN_POINT('',(115.3608,-86.6667505004004,7.16));
#2284=CARTESIAN_POINT('',(115.3608,-85.728,7.16));
#2285=CARTESIAN_POINT('',(114.1108,-88.228,7.16));
#2286=CARTESIAN_POINT('',(117.8608,-86.6667505004004,7.16));
#2287=CARTESIAN_POINT('',(119.1108,-88.228,7.16));
#2288=CARTESIAN_POINT('',(117.8608,-88.228,7.16));
#2289=CARTESIAN_POINT('Origin',(114.1108,-105.135878402834,5.16));
#2290=CARTESIAN_POINT('',(116.1108,-103.228,5.76));
#2291=CARTESIAN_POINT('',(114.112922723655,-105.135878402834,7.16));
#2292=CARTESIAN_POINT('Ctrl Pts',(116.1108,-103.228,5.76));
#2293=CARTESIAN_POINT('Ctrl Pts',(116.012441997576,-103.228,5.76));
#2294=CARTESIAN_POINT('Ctrl Pts',(115.926659226092,-103.234832486237,5.78218396298009));
#2295=CARTESIAN_POINT('Ctrl Pts',(115.765307445627,-103.256386493633,5.84454238470873));
#2296=CARTESIAN_POINT('Ctrl Pts',(115.689910396491,-103.271302080978,5.88509386996415));
#2297=CARTESIAN_POINT('Ctrl Pts',(115.468143389877,-103.327924386456,6.02075359583668));
#2298=CARTESIAN_POINT('Ctrl Pts',(115.32762937428,-103.381149588522,6.12880011958846));
#2299=CARTESIAN_POINT('Ctrl Pts',(114.912681325736,-103.596500188814,6.46419812551712));
#2300=CARTESIAN_POINT('Ctrl Pts',(114.653851424723,-103.813311283025,6.69833555245795));
#2301=CARTESIAN_POINT('Ctrl Pts',(114.33832627074,-104.278123573645,6.97802535075717));
#2302=CARTESIAN_POINT('Ctrl Pts',(114.235174760326,-104.493274558229,7.06881766491731));
#2303=CARTESIAN_POINT('Ctrl Pts',(114.140295393109,-104.859160767627,7.14543272521285));
#2304=CARTESIAN_POINT('Ctrl Pts',(114.119272780605,-104.998162222538,7.16000000000001));
#2305=CARTESIAN_POINT('Ctrl Pts',(114.112922723655,-105.135878402834,7.16000000000001));
#2306=CARTESIAN_POINT('',(119.108677276345,-105.135878402834,7.16));
#2307=CARTESIAN_POINT('',(114.1108,-105.135878402834,7.16));
#2308=CARTESIAN_POINT('',(117.1108,-103.228,5.76));
#2309=CARTESIAN_POINT('Ctrl Pts',(119.108677276345,-105.135878402834,7.16000000000001));
#2310=CARTESIAN_POINT('Ctrl Pts',(119.102327219395,-104.998162222538,7.16000000000001));
#2311=CARTESIAN_POINT('Ctrl Pts',(119.081304606891,-104.859160767627,7.14543272521285));
#2312=CARTESIAN_POINT('Ctrl Pts',(118.986425239674,-104.493274558229,7.06881766491731));
#2313=CARTESIAN_POINT('Ctrl Pts',(118.88327372926,-104.278123573645,6.97802535075717));
#2314=CARTESIAN_POINT('Ctrl Pts',(118.567748575277,-103.813311283025,6.69833555245794));
#2315=CARTESIAN_POINT('Ctrl Pts',(118.308918674264,-103.596500188814,6.46419812551709));
#2316=CARTESIAN_POINT('Ctrl Pts',(117.89397062572,-103.381149588522,6.12880011958844));
#2317=CARTESIAN_POINT('Ctrl Pts',(117.753456610123,-103.327924386456,6.02075359583665));
#2318=CARTESIAN_POINT('Ctrl Pts',(117.531689603509,-103.271302080978,5.88509386996412));
#2319=CARTESIAN_POINT('Ctrl Pts',(117.456292554373,-103.256386493633,5.8445423847087));
#2320=CARTESIAN_POINT('Ctrl Pts',(117.294940773908,-103.234832486237,5.78218396298008));
#2321=CARTESIAN_POINT('Ctrl Pts',(117.209158002424,-103.228,5.76));
#2322=CARTESIAN_POINT('Ctrl Pts',(117.1108,-103.228,5.76));
#2323=CARTESIAN_POINT('',(114.1108,-103.228,5.76));
#2324=CARTESIAN_POINT('Origin',(116.6108,-108.228,7.16));
#2325=CARTESIAN_POINT('',(117.8608,-109.7892494996,7.16));
#2326=CARTESIAN_POINT('',(117.8608,-110.728,7.16));
#2327=CARTESIAN_POINT('',(119.1108,-108.228,7.16));
#2328=CARTESIAN_POINT('',(119.1108,-108.228,7.16));
#2329=CARTESIAN_POINT('',(119.1108,-105.228,7.16));
#2330=CARTESIAN_POINT('',(119.1108,-103.228,7.16));
#2331=CARTESIAN_POINT('Origin',(117.1108,-105.228,7.16));
#2332=CARTESIAN_POINT('',(114.1108,-105.228,7.16));
#2333=CARTESIAN_POINT('Origin',(116.1108,-105.228,7.16));
#2334=CARTESIAN_POINT('',(114.1108,-108.228,7.16));
#2335=CARTESIAN_POINT('',(114.1108,-108.228,7.16));
#2336=CARTESIAN_POINT('',(115.3608,-109.7892494996,7.16));
#2337=CARTESIAN_POINT('',(114.1108,-108.228,7.16));
#2338=CARTESIAN_POINT('',(115.3608,-108.228,7.16));
#2339=CARTESIAN_POINT('Origin',(116.1108,-105.228,5.76));
#2340=CARTESIAN_POINT('',(114.1108,-105.228,5.76));
#2341=CARTESIAN_POINT('Origin',(116.1108,-105.228,5.76));
#2342=CARTESIAN_POINT('',(114.1108,-105.228,5.76));
#2343=CARTESIAN_POINT('Origin',(116.6108,-119.478,5.76));
#2344=CARTESIAN_POINT('',(119.1108,-105.228,5.76));
#2345=CARTESIAN_POINT('Origin',(117.1108,-105.228,5.76));
#2346=CARTESIAN_POINT('',(119.1108,-108.228,5.76));
#2347=CARTESIAN_POINT('',(119.1108,-103.228,5.76));
#2348=CARTESIAN_POINT('',(117.8608,-109.7892494996,5.76));
#2349=CARTESIAN_POINT('',(119.1108,-108.228,5.76));
#2350=CARTESIAN_POINT('',(115.3608,-109.7892494996,5.76));
#2351=CARTESIAN_POINT('',(115.9858,-109.7892494996,5.76));
#2352=CARTESIAN_POINT('',(114.1108,-108.228,5.76));
#2353=CARTESIAN_POINT('',(114.1108,-108.228,5.76));
#2354=CARTESIAN_POINT('',(114.1108,-108.228,5.76));
#2355=CARTESIAN_POINT('Origin',(117.1108,-105.228,5.76));
#2356=CARTESIAN_POINT('',(119.1108,-105.228,5.76));
#2357=CARTESIAN_POINT('Origin',(167.6108,-91.3201215971661,5.16));
#2358=CARTESIAN_POINT('',(170.6108,-93.228,5.76));
#2359=CARTESIAN_POINT('',(172.608677276345,-91.3201215971661,7.16));
#2360=CARTESIAN_POINT('Ctrl Pts',(170.6108,-93.228,5.76));
#2361=CARTESIAN_POINT('Ctrl Pts',(170.709158002424,-93.228,5.76));
#2362=CARTESIAN_POINT('Ctrl Pts',(170.794940773908,-93.2211675137626,5.78218396298004));
#2363=CARTESIAN_POINT('Ctrl Pts',(170.956292554373,-93.1996135063669,5.84454238470869));
#2364=CARTESIAN_POINT('Ctrl Pts',(171.03168960351,-93.1846979190217,5.88509386996416));
#2365=CARTESIAN_POINT('Ctrl Pts',(171.253456610123,-93.1280756135444,6.0207535958367));
#2366=CARTESIAN_POINT('Ctrl Pts',(171.39397062572,-93.0748504114779,6.12880011958847));
#2367=CARTESIAN_POINT('Ctrl Pts',(171.808918674264,-92.8594998111859,6.46419812551711));
#2368=CARTESIAN_POINT('Ctrl Pts',(172.067748575277,-92.6426887169747,6.69833555245794));
#2369=CARTESIAN_POINT('Ctrl Pts',(172.38327372926,-92.177876426355,6.97802535075717));
#2370=CARTESIAN_POINT('Ctrl Pts',(172.486425239674,-91.9627254417712,7.06881766491731));
#2371=CARTESIAN_POINT('Ctrl Pts',(172.581304606891,-91.5968392323734,7.14543272521286));
#2372=CARTESIAN_POINT('Ctrl Pts',(172.602327219395,-91.4578377774616,7.16000000000001));
#2373=CARTESIAN_POINT('Ctrl Pts',(172.608677276345,-91.3201215971661,7.16000000000001));
#2374=CARTESIAN_POINT('',(167.612922723655,-91.3201215971661,7.16));
#2375=CARTESIAN_POINT('',(167.6108,-91.3201215971661,7.16));
#2376=CARTESIAN_POINT('',(169.6108,-93.228,5.76));
#2377=CARTESIAN_POINT('Ctrl Pts',(167.612922723655,-91.3201215971661,7.16000000000001));
#2378=CARTESIAN_POINT('Ctrl Pts',(167.619272780605,-91.4578377774616,7.16000000000001));
#2379=CARTESIAN_POINT('Ctrl Pts',(167.640295393109,-91.5968392323734,7.14543272521285));
#2380=CARTESIAN_POINT('Ctrl Pts',(167.735174760326,-91.9627254417712,7.06881766491731));
#2381=CARTESIAN_POINT('Ctrl Pts',(167.83832627074,-92.177876426355,6.97802535075717));
#2382=CARTESIAN_POINT('Ctrl Pts',(168.153851424723,-92.6426887169747,6.69833555245794));
#2383=CARTESIAN_POINT('Ctrl Pts',(168.412681325736,-92.8594998111859,6.46419812551713));
#2384=CARTESIAN_POINT('Ctrl Pts',(168.82762937428,-93.0748504114779,6.12880011958849));
#2385=CARTESIAN_POINT('Ctrl Pts',(168.968143389877,-93.1280756135444,6.02075359583671));
#2386=CARTESIAN_POINT('Ctrl Pts',(169.189910396491,-93.1846979190217,5.88509386996416));
#2387=CARTESIAN_POINT('Ctrl Pts',(169.265307445627,-93.1996135063669,5.84454238470869));
#2388=CARTESIAN_POINT('Ctrl Pts',(169.426659226092,-93.2211675137626,5.78218396298005));
#2389=CARTESIAN_POINT('Ctrl Pts',(169.512441997576,-93.228,5.76));
#2390=CARTESIAN_POINT('Ctrl Pts',(169.6108,-93.228,5.76));
#2391=CARTESIAN_POINT('',(167.6108,-93.228,5.76));
#2392=CARTESIAN_POINT('Origin',(170.1108,-88.228,7.16));
#2393=CARTESIAN_POINT('',(168.8608,-86.6667505004004,7.16));
#2394=CARTESIAN_POINT('',(168.8608,-85.728,7.16));
#2395=CARTESIAN_POINT('',(167.6108,-88.228,7.16));
#2396=CARTESIAN_POINT('',(167.6108,-88.228,7.16));
#2397=CARTESIAN_POINT('',(167.6108,-91.228,7.16));
#2398=CARTESIAN_POINT('',(167.6108,-88.228,7.16));
#2399=CARTESIAN_POINT('Origin',(169.6108,-91.228,7.16));
#2400=CARTESIAN_POINT('',(172.6108,-91.228,7.16));
#2401=CARTESIAN_POINT('Origin',(170.6108,-91.228,7.16));
#2402=CARTESIAN_POINT('',(172.6108,-88.228,7.16));
#2403=CARTESIAN_POINT('',(172.6108,-93.228,7.16));
#2404=CARTESIAN_POINT('',(171.3608,-86.6667505004004,7.16));
#2405=CARTESIAN_POINT('',(172.6108,-88.228,7.16));
#2406=CARTESIAN_POINT('',(171.3608,-88.228,7.16));
#2407=CARTESIAN_POINT('Origin',(170.6108,-91.228,5.76));
#2408=CARTESIAN_POINT('',(172.6108,-91.228,5.76));
#2409=CARTESIAN_POINT('Origin',(170.6108,-91.228,5.76));
#2410=CARTESIAN_POINT('',(172.6108,-91.228,5.76));
#2411=CARTESIAN_POINT('Origin',(170.1108,-76.978,5.76));
#2412=CARTESIAN_POINT('',(167.6108,-91.228,5.76));
#2413=CARTESIAN_POINT('Origin',(169.6108,-91.228,5.76));
#2414=CARTESIAN_POINT('',(167.6108,-88.228,5.76));
#2415=CARTESIAN_POINT('',(167.6108,-88.228,5.76));
#2416=CARTESIAN_POINT('',(168.8608,-86.6667505004004,5.76));
#2417=CARTESIAN_POINT('',(167.6108,-88.228,5.76));
#2418=CARTESIAN_POINT('',(171.3608,-86.6667505004004,5.76));
#2419=CARTESIAN_POINT('',(170.7358,-86.6667505004004,5.76));
#2420=CARTESIAN_POINT('',(172.6108,-88.228,5.76));
#2421=CARTESIAN_POINT('',(172.6108,-88.228,5.76));
#2422=CARTESIAN_POINT('',(172.6108,-93.228,5.76));
#2423=CARTESIAN_POINT('Origin',(169.6108,-91.228,5.76));
#2424=CARTESIAN_POINT('',(167.6108,-91.228,5.76));
#2425=CARTESIAN_POINT('Origin',(172.6108,-105.135878402834,5.16));
#2426=CARTESIAN_POINT('',(169.6108,-103.228,5.76));
#2427=CARTESIAN_POINT('',(167.612922723655,-105.135878402834,7.16));
#2428=CARTESIAN_POINT('Ctrl Pts',(169.6108,-103.228,5.76));
#2429=CARTESIAN_POINT('Ctrl Pts',(169.512441997576,-103.228,5.76));
#2430=CARTESIAN_POINT('Ctrl Pts',(169.426659226092,-103.234832486237,5.78218396298004));
#2431=CARTESIAN_POINT('Ctrl Pts',(169.265307445627,-103.256386493633,5.84454238470869));
#2432=CARTESIAN_POINT('Ctrl Pts',(169.189910396491,-103.271302080978,5.88509386996416));
#2433=CARTESIAN_POINT('Ctrl Pts',(168.968143389877,-103.327924386456,6.0207535958367));
#2434=CARTESIAN_POINT('Ctrl Pts',(168.82762937428,-103.381149588522,6.12880011958847));
#2435=CARTESIAN_POINT('Ctrl Pts',(168.412681325736,-103.596500188814,6.46419812551711));
#2436=CARTESIAN_POINT('Ctrl Pts',(168.153851424723,-103.813311283025,6.69833555245794));
#2437=CARTESIAN_POINT('Ctrl Pts',(167.83832627074,-104.278123573645,6.97802535075717));
#2438=CARTESIAN_POINT('Ctrl Pts',(167.735174760326,-104.493274558229,7.06881766491731));
#2439=CARTESIAN_POINT('Ctrl Pts',(167.640295393109,-104.859160767627,7.14543272521285));
#2440=CARTESIAN_POINT('Ctrl Pts',(167.619272780605,-104.998162222538,7.16000000000001));
#2441=CARTESIAN_POINT('Ctrl Pts',(167.612922723655,-105.135878402834,7.16000000000001));
#2442=CARTESIAN_POINT('',(172.608677276345,-105.135878402834,7.16));
#2443=CARTESIAN_POINT('',(172.6108,-105.135878402834,7.16));
#2444=CARTESIAN_POINT('',(170.6108,-103.228,5.76));
#2445=CARTESIAN_POINT('Ctrl Pts',(172.608677276345,-105.135878402834,7.16000000000001));
#2446=CARTESIAN_POINT('Ctrl Pts',(172.602327219395,-104.998162222538,7.16000000000001));
#2447=CARTESIAN_POINT('Ctrl Pts',(172.581304606891,-104.859160767627,7.14543272521286));
#2448=CARTESIAN_POINT('Ctrl Pts',(172.486425239674,-104.493274558229,7.06881766491731));
#2449=CARTESIAN_POINT('Ctrl Pts',(172.38327372926,-104.278123573645,6.97802535075717));
#2450=CARTESIAN_POINT('Ctrl Pts',(172.067748575277,-103.813311283025,6.69833555245794));
#2451=CARTESIAN_POINT('Ctrl Pts',(171.808918674264,-103.596500188814,6.46419812551711));
#2452=CARTESIAN_POINT('Ctrl Pts',(171.39397062572,-103.381149588522,6.12880011958847));
#2453=CARTESIAN_POINT('Ctrl Pts',(171.253456610123,-103.327924386456,6.0207535958367));
#2454=CARTESIAN_POINT('Ctrl Pts',(171.03168960351,-103.271302080978,5.88509386996416));
#2455=CARTESIAN_POINT('Ctrl Pts',(170.956292554373,-103.256386493633,5.84454238470869));
#2456=CARTESIAN_POINT('Ctrl Pts',(170.794940773908,-103.234832486237,5.78218396298004));
#2457=CARTESIAN_POINT('Ctrl Pts',(170.709158002424,-103.228,5.76));
#2458=CARTESIAN_POINT('Ctrl Pts',(170.6108,-103.228,5.76));
#2459=CARTESIAN_POINT('',(172.6108,-103.228,5.76));
#2460=CARTESIAN_POINT('Origin',(170.6108,-105.228,5.76));
#2461=CARTESIAN_POINT('',(172.6108,-105.228,7.16));
#2462=CARTESIAN_POINT('Origin',(170.6108,-105.228,7.16));
#2463=CARTESIAN_POINT('',(172.6108,-105.228,5.76));
#2464=CARTESIAN_POINT('',(172.6108,-105.228,5.76));
#2465=CARTESIAN_POINT('Origin',(170.6108,-105.228,5.76));
#2466=CARTESIAN_POINT('Origin',(169.6108,-105.228,5.76));
#2467=CARTESIAN_POINT('',(167.6108,-105.228,5.76));
#2468=CARTESIAN_POINT('Origin',(169.6108,-105.228,5.76));
#2469=CARTESIAN_POINT('',(167.6108,-105.228,7.16));
#2470=CARTESIAN_POINT('',(167.6108,-105.228,5.76));
#2471=CARTESIAN_POINT('Origin',(169.6108,-105.228,7.16));
#2472=CARTESIAN_POINT('Origin',(167.6108,-103.228,5.76));
#2473=CARTESIAN_POINT('',(167.6108,-108.228,5.76));
#2474=CARTESIAN_POINT('',(167.6108,-103.228,5.76));
#2475=CARTESIAN_POINT('',(167.6108,-108.228,7.16));
#2476=CARTESIAN_POINT('',(167.6108,-108.228,5.76));
#2477=CARTESIAN_POINT('',(167.6108,-103.228,7.16));
#2478=CARTESIAN_POINT('Origin',(170.1108,-119.478,5.76));
#2479=CARTESIAN_POINT('',(172.6108,-108.228,5.76));
#2480=CARTESIAN_POINT('',(172.6108,-108.228,5.76));
#2481=CARTESIAN_POINT('',(171.3608,-109.7892494996,5.76));
#2482=CARTESIAN_POINT('',(172.6108,-108.228,5.76));
#2483=CARTESIAN_POINT('',(168.8608,-109.7892494996,5.76));
#2484=CARTESIAN_POINT('',(170.7358,-109.7892494996,5.76));
#2485=CARTESIAN_POINT('',(167.6108,-108.228,5.76));
#2486=CARTESIAN_POINT('Origin',(172.6108,-108.228,5.76));
#2487=CARTESIAN_POINT('',(172.6108,-108.228,7.16));
#2488=CARTESIAN_POINT('',(172.6108,-108.228,7.16));
#2489=CARTESIAN_POINT('',(172.6108,-108.228,5.76));
#2490=CARTESIAN_POINT('Origin',(170.1108,-114.478,7.16));
#2491=CARTESIAN_POINT('',(171.3608,-109.7892494996,7.16));
#2492=CARTESIAN_POINT('',(171.3608,-113.853,7.16));
#2493=CARTESIAN_POINT('',(172.6108,-108.228,7.16));
#2494=CARTESIAN_POINT('',(168.8608,-109.7892494996,7.16));
#2495=CARTESIAN_POINT('',(167.6108,-108.228,7.16));
#2496=CARTESIAN_POINT('',(168.8608,-111.353,7.16));
#2497=CARTESIAN_POINT('Origin',(169.3608,-98.853,22.66));
#2498=CARTESIAN_POINT('',(171.268678402834,-125.728,23.26));
#2499=CARTESIAN_POINT('',(171.3608,-125.134009298122,22.66));
#2500=CARTESIAN_POINT('Origin',(169.3608,-125.134009298122,22.66));
#2501=CARTESIAN_POINT('',(171.3608,-98.853,22.66));
#2502=CARTESIAN_POINT('',(169.3608,-123.228,24.66));
#2503=CARTESIAN_POINT('Origin',(169.3608,-123.228,22.66));
#2504=CARTESIAN_POINT('',(169.3608,-125.728,24.66));
#2505=CARTESIAN_POINT('',(169.3608,-98.853,24.66));
#2506=CARTESIAN_POINT('Origin',(169.3608,-125.728,22.66));
#2507=CARTESIAN_POINT('Origin',(143.3608,-71.978,24.66));
#2508=CARTESIAN_POINT('',(158.3608,-123.228,24.66));
#2509=CARTESIAN_POINT('',(157.3608,-123.228,24.66));
#2510=CARTESIAN_POINT('',(158.3608,-73.228,24.66));
#2511=CARTESIAN_POINT('',(158.3608,-70.728,24.66));
#2512=CARTESIAN_POINT('',(169.3608,-73.228,24.66));
#2513=CARTESIAN_POINT('',(172.6108,-73.228,24.66));
#2514=CARTESIAN_POINT('',(169.3608,-70.728,24.66));
#2515=CARTESIAN_POINT('',(169.3608,-77.603,24.66));
#2516=CARTESIAN_POINT('',(117.3608,-70.728,24.66));
#2517=CARTESIAN_POINT('',(168.8608,-70.728,24.66));
#2518=CARTESIAN_POINT('',(117.3608,-73.228,24.66));
#2519=CARTESIAN_POINT('',(117.3608,-71.353,24.66));
#2520=CARTESIAN_POINT('',(128.3608,-73.228,24.66));
#2521=CARTESIAN_POINT('',(129.3608,-73.228,24.66));
#2522=CARTESIAN_POINT('',(128.3608,-123.228,24.66));
#2523=CARTESIAN_POINT('',(128.3608,-125.728,24.66));
#2524=CARTESIAN_POINT('',(117.3608,-123.228,24.66));
#2525=CARTESIAN_POINT('',(172.6108,-123.228,24.66));
#2526=CARTESIAN_POINT('',(117.3608,-125.728,24.66));
#2527=CARTESIAN_POINT('',(117.3608,-92.603,24.66));
#2528=CARTESIAN_POINT('',(117.8608,-125.728,24.66));
#2529=CARTESIAN_POINT('',(130.8608,-73.228,24.66));
#2530=CARTESIAN_POINT('',(155.8608,-73.228,24.66));
#2531=CARTESIAN_POINT('',(172.6108,-73.228,24.66));
#2532=CARTESIAN_POINT('',(155.8608,-123.228,24.66));
#2533=CARTESIAN_POINT('',(155.8608,-125.728,24.66));
#2534=CARTESIAN_POINT('',(130.8608,-123.228,24.66));
#2535=CARTESIAN_POINT('',(172.6108,-123.228,24.66));
#2536=CARTESIAN_POINT('',(130.8608,-70.728,24.66));
#2537=CARTESIAN_POINT('Origin',(168.8608,-123.228,23.26));
#2538=CARTESIAN_POINT('',(158.3608,-123.228,23.26));
#2539=CARTESIAN_POINT('',(172.6108,-123.228,23.26));
#2540=CARTESIAN_POINT('',(158.3608,-123.228,23.26));
#2541=CARTESIAN_POINT('Origin',(169.3608,-77.603,22.66));
#2542=CARTESIAN_POINT('',(171.268678402834,-70.728,23.26));
#2543=CARTESIAN_POINT('Origin',(169.3608,-70.728,22.66));
#2544=CARTESIAN_POINT('Origin',(169.3608,-73.228,22.66));
#2545=CARTESIAN_POINT('',(171.3608,-71.3219907018783,22.66));
#2546=CARTESIAN_POINT('',(171.3608,-77.603,22.66));
#2547=CARTESIAN_POINT('Origin',(169.3608,-71.3219907018783,22.66));
#2548=CARTESIAN_POINT('Origin',(168.8608,-70.728,23.26));
#2549=CARTESIAN_POINT('',(168.8608,-70.728,23.26));
#2550=CARTESIAN_POINT('',(170.1108,-70.728,23.26));
#2551=CARTESIAN_POINT('',(117.8608,-70.728,23.26));
#2552=CARTESIAN_POINT('',(114.1108,-70.728,23.26));
#2553=CARTESIAN_POINT('',(115.452921597166,-70.728,23.26));
#2554=CARTESIAN_POINT('',(142.1108,-70.728,23.26));
#2555=CARTESIAN_POINT('Origin',(117.3608,-70.728,22.66));
#2556=CARTESIAN_POINT('Origin',(171.3608,-86.6667505004004,7.16));
#2557=CARTESIAN_POINT('',(171.3608,-86.1656984585668,7.6661210960871));
#2558=CARTESIAN_POINT('',(171.3608,-86.6667505004004,7.16));
#2559=CARTESIAN_POINT('',(168.8608,-83.0721536129963,10.7909627837986));
#2560=CARTESIAN_POINT('Origin',(171.3608,-83.228,5.76));
#2561=CARTESIAN_POINT('Origin',(117.3608,-71.353,22.66));
#2562=CARTESIAN_POINT('',(115.3608,-71.3219907018783,22.66));
#2563=CARTESIAN_POINT('Origin',(117.3608,-71.3219907018783,22.66));
#2564=CARTESIAN_POINT('',(115.3608,-71.353,22.66));
#2565=CARTESIAN_POINT('Origin',(117.3608,-73.228,22.66));
#2566=CARTESIAN_POINT('Origin',(117.8608,-73.228,23.26));
#2567=CARTESIAN_POINT('',(128.3608,-73.228,23.26));
#2568=CARTESIAN_POINT('',(172.6108,-73.228,23.26));
#2569=CARTESIAN_POINT('',(128.3608,-73.228,23.26));
#2570=CARTESIAN_POINT('Origin',(117.3608,-92.603,22.66));
#2571=CARTESIAN_POINT('',(115.452921597166,-125.728,23.26));
#2572=CARTESIAN_POINT('Origin',(117.3608,-125.728,22.66));
#2573=CARTESIAN_POINT('Origin',(117.3608,-123.228,22.66));
#2574=CARTESIAN_POINT('',(115.3608,-125.134009298122,22.66));
#2575=CARTESIAN_POINT('',(115.3608,-92.603,22.66));
#2576=CARTESIAN_POINT('Origin',(117.3608,-125.134009298122,22.66));
#2577=CARTESIAN_POINT('Origin',(117.8608,-125.728,23.26));
#2578=CARTESIAN_POINT('',(117.8608,-125.728,23.26));
#2579=CARTESIAN_POINT('',(116.6108,-125.728,23.26));
#2580=CARTESIAN_POINT('',(168.8608,-125.728,23.26));
#2581=CARTESIAN_POINT('',(114.1108,-125.728,23.26));
#2582=CARTESIAN_POINT('',(144.6108,-125.728,23.26));
#2583=CARTESIAN_POINT('Origin',(115.3608,-109.7892494996,7.16));
#2584=CARTESIAN_POINT('',(115.3608,-110.290301541433,7.6661210960871));
#2585=CARTESIAN_POINT('',(115.3608,-109.7892494996,7.16));
#2586=CARTESIAN_POINT('',(117.8608,-113.383846387004,10.7909627837986));
#2587=CARTESIAN_POINT('Origin',(115.3608,-113.228,5.76));
#2588=CARTESIAN_POINT('Origin',(115.3608,-86.6667505004004,7.16));
#2589=CARTESIAN_POINT('',(117.8608,-86.6667505004004,5.76));
#2590=CARTESIAN_POINT('',(115.3608,-86.6667505004004,5.76));
#2591=CARTESIAN_POINT('',(115.3608,-86.6667505004004,7.16));
#2592=CARTESIAN_POINT('Origin',(115.3608,-70.728,23.26));
#2593=CARTESIAN_POINT('',(117.8608,-78.1963232083666,15.7161210960871));
#2594=CARTESIAN_POINT('',(115.3608,-75.1027783627961,18.8409627837986));
#2595=CARTESIAN_POINT('Origin',(115.3608,-109.7892494996,5.76));
#2596=CARTESIAN_POINT('',(117.8608,-109.7892494996,5.76));
#2597=CARTESIAN_POINT('',(115.3608,-109.7892494996,5.76));
#2598=CARTESIAN_POINT('Origin',(117.8608,-83.228,5.76));
#2599=CARTESIAN_POINT('',(117.8608,-73.228,23.26));
#2600=CARTESIAN_POINT('Origin',(117.8608,-125.728,5.76));
#2601=CARTESIAN_POINT('',(117.8608,-108.228,23.26));
#2602=CARTESIAN_POINT('Origin',(171.3608,-86.6667505004004,5.76));
#2603=CARTESIAN_POINT('',(168.8608,-86.6667505004004,5.76));
#2604=CARTESIAN_POINT('',(171.3608,-86.6667505004004,5.76));
#2605=CARTESIAN_POINT('Origin',(171.3608,-109.7892494996,7.16));
#2606=CARTESIAN_POINT('',(168.8608,-109.7892494996,5.76));
#2607=CARTESIAN_POINT('',(171.3608,-109.7892494996,5.76));
#2608=CARTESIAN_POINT('',(171.3608,-109.7892494996,7.16));
#2609=CARTESIAN_POINT('Origin',(171.3608,-125.728,23.26));
#2610=CARTESIAN_POINT('',(168.8608,-118.259676791633,15.7161210960871));
#2611=CARTESIAN_POINT('',(171.3608,-121.353221637204,18.8409627837986));
#2612=CARTESIAN_POINT('Origin',(171.3608,-125.728,5.76));
#2613=CARTESIAN_POINT('Origin',(168.8608,-70.728,5.76));
#2614=CARTESIAN_POINT('',(168.8608,-88.228,23.26));
#2615=CARTESIAN_POINT('Origin',(168.8608,-113.228,5.76));
#2616=CARTESIAN_POINT('',(168.8608,-125.728,23.26));
#2617=CARTESIAN_POINT('Origin',(168.8608,-86.6667505004004,5.76));
#2618=CARTESIAN_POINT('',(167.6108,-88.228,5.76));
#2619=CARTESIAN_POINT('Origin',(172.6108,-88.228,5.76));
#2620=CARTESIAN_POINT('',(172.6108,-88.228,5.76));
#2621=CARTESIAN_POINT('Origin',(172.6108,-93.228,5.76));
#2622=CARTESIAN_POINT('Origin',(167.6108,-88.228,5.76));
#2623=CARTESIAN_POINT('Origin',(171.3608,-109.7892494996,5.76));
#2624=CARTESIAN_POINT('Origin',(167.6108,-108.228,5.76));
#2625=CARTESIAN_POINT('Origin',(128.3608,-70.728,23.26));
#2626=CARTESIAN_POINT('',(128.3608,-123.228,23.26));
#2627=CARTESIAN_POINT('',(128.3608,-125.728,23.26));
#2628=CARTESIAN_POINT('',(128.3608,-123.228,23.26));
#2629=CARTESIAN_POINT('Origin',(130.8608,-125.728,23.26));
#2630=CARTESIAN_POINT('',(130.8608,-73.228,23.26));
#2631=CARTESIAN_POINT('',(130.8608,-73.228,23.26));
#2632=CARTESIAN_POINT('',(130.8608,-123.228,23.26));
#2633=CARTESIAN_POINT('',(130.8608,-123.228,23.26));
#2634=CARTESIAN_POINT('',(130.8608,-70.728,23.26));
#2635=CARTESIAN_POINT('Origin',(117.8608,-73.228,23.26));
#2636=CARTESIAN_POINT('',(155.8608,-73.228,23.26));
#2637=CARTESIAN_POINT('',(172.6108,-73.228,23.26));
#2638=CARTESIAN_POINT('',(155.8608,-73.228,23.26));
#2639=CARTESIAN_POINT('Origin',(143.3608,-71.978,23.26));
#2640=CARTESIAN_POINT('',(158.3608,-73.228,23.26));
#2641=CARTESIAN_POINT('',(172.6108,-73.228,23.26));
#2642=CARTESIAN_POINT('',(158.3608,-70.728,23.26));
#2643=CARTESIAN_POINT('',(172.6108,-123.228,23.26));
#2644=CARTESIAN_POINT('',(155.8608,-123.228,23.26));
#2645=CARTESIAN_POINT('',(172.6108,-123.228,23.26));
#2646=CARTESIAN_POINT('',(155.8608,-125.728,23.26));
#2647=CARTESIAN_POINT('Origin',(168.8608,-123.228,23.26));
#2648=CARTESIAN_POINT('',(155.8608,-123.228,23.26));
#2649=CARTESIAN_POINT('Origin',(155.8608,-70.728,23.26));
#2650=CARTESIAN_POINT('Origin',(158.3608,-125.728,23.26));
#2651=CARTESIAN_POINT('',(158.3608,-73.228,23.26));
#2652=CARTESIAN_POINT('Origin',(114.1108,-103.228,5.76));
#2653=CARTESIAN_POINT('',(114.1108,-108.228,5.76));
#2654=CARTESIAN_POINT('Origin',(119.1108,-108.228,5.76));
#2655=CARTESIAN_POINT('',(119.1108,-108.228,5.76));
#2656=CARTESIAN_POINT('Origin',(117.8608,-109.7892494996,5.76));
#2657=CARTESIAN_POINT('Origin',(114.1108,-108.228,5.76));
#2658=CARTESIAN_POINT('Origin',(168.8608,-123.228,23.26));
#2659=CARTESIAN_POINT('Origin',(117.8608,-73.228,23.26));
#2660=CARTESIAN_POINT('Origin',(115.3608,-86.6667505004004,5.76));
#2661=CARTESIAN_POINT('Origin',(119.1108,-88.228,5.76));
#2662=CARTESIAN_POINT('Origin',(115.3608,-70.728,5.76));
#2663=CARTESIAN_POINT('',(0.,0.,0.));
#2664=UNCERTAINTY_MEASURE_WITH_UNIT(LENGTH_MEASURE(0.01),#2670,
'DISTANCE_ACCURACY_VALUE',
'Maximum model space distance between geometric entities at asserted c
onnectivities');
#2665=UNCERTAINTY_MEASURE_WITH_UNIT(LENGTH_MEASURE(0.01),#2670,
'DISTANCE_ACCURACY_VALUE',
'Maximum model space distance between geometric entities at asserted c
onnectivities');
#2666=UNCERTAINTY_MEASURE_WITH_UNIT(LENGTH_MEASURE(0.01),#2670,
'DISTANCE_ACCURACY_VALUE',
'Maximum model space distance between geometric entities at asserted c
onnectivities');
#2667=(
GEOMETRIC_REPRESENTATION_CONTEXT(3)
GLOBAL_UNCERTAINTY_ASSIGNED_CONTEXT((#2664))
GLOBAL_UNIT_ASSIGNED_CONTEXT((#2670,#2672,#2673))
REPRESENTATION_CONTEXT('','3D')
);
#2668=(
GEOMETRIC_REPRESENTATION_CONTEXT(3)
GLOBAL_UNCERTAINTY_ASSIGNED_CONTEXT((#2665))
GLOBAL_UNIT_ASSIGNED_CONTEXT((#2670,#2672,#2673))
REPRESENTATION_CONTEXT('','3D')
);
#2669=(
GEOMETRIC_REPRESENTATION_CONTEXT(3)
GLOBAL_UNCERTAINTY_ASSIGNED_CONTEXT((#2666))
GLOBAL_UNIT_ASSIGNED_CONTEXT((#2670,#2672,#2673))
REPRESENTATION_CONTEXT('','3D')
);
#2670=(
LENGTH_UNIT()
NAMED_UNIT(*)
SI_UNIT(.MILLI.,.METRE.)
);
#2671=(
LENGTH_UNIT()
NAMED_UNIT(*)
SI_UNIT($,.METRE.)
);
#2672=(
NAMED_UNIT(*)
PLANE_ANGLE_UNIT()
SI_UNIT($,.RADIAN.)
);
#2673=(
NAMED_UNIT(*)
SI_UNIT($,.STERADIAN.)
SOLID_ANGLE_UNIT()
);
#2674=SHAPE_DEFINITION_REPRESENTATION(#2676,#2679);
#2675=SHAPE_DEFINITION_REPRESENTATION(#2677,#2680);
#2676=PRODUCT_DEFINITION_SHAPE('',$,#2682);
#2677=PRODUCT_DEFINITION_SHAPE('',$,#2683);
#2678=PRODUCT_DEFINITION_SHAPE($,$,#16);
#2679=SHAPE_REPRESENTATION('',(#1548,#1684),#2667);
#2680=SHAPE_REPRESENTATION('',(#1549),#2668);
#2681=PRODUCT_DEFINITION_CONTEXT('part definition',#2689,'design');
#2682=PRODUCT_DEFINITION('Quad0_PCB 1','Quad0_PCB (1)',#2684,#2681);
#2683=PRODUCT_DEFINITION('2026-09-12-17-08-20-928','BrushedFrame',#2685,
#2681);
#2684=PRODUCT_DEFINITION_FORMATION('',$,#2691);
#2685=PRODUCT_DEFINITION_FORMATION('',$,#2692);
#2686=PRODUCT_RELATED_PRODUCT_CATEGORY('Quad0_PCB (1)','Quad0_PCB (1)',
(#2691));
#2687=PRODUCT_RELATED_PRODUCT_CATEGORY('BrushedFrame','BrushedFrame',(#2692));
#2688=APPLICATION_PROTOCOL_DEFINITION('international standard',
'automotive_design',2009,#2689);
#2689=APPLICATION_CONTEXT(
'Core Data for Automotive Mechanical Design Process');
#2690=PRODUCT_CONTEXT('part definition',#2689,'mechanical');
#2691=PRODUCT('Quad0_PCB 1','Quad0_PCB (1)','KiCad electronic assembly',
(#2690));
#2692=PRODUCT('2026-09-12-17-08-20-928','BrushedFrame',$,(#2690));
#2693=PRESENTATION_STYLE_ASSIGNMENT((#2694));
#2694=SURFACE_STYLE_USAGE(.BOTH.,#2695);
#2695=SURFACE_SIDE_STYLE('',(#2696));
#2696=SURFACE_STYLE_FILL_AREA(#2697);
#2697=FILL_AREA_STYLE('Steel - Satin',(#2698));
#2698=FILL_AREA_STYLE_COLOUR('Steel - Satin',#2699);
#2699=COLOUR_RGB('Steel - Satin',0.627450980392157,0.627450980392157,0.627450980392157);
ENDSEC;
END-ISO-10303-21;
