ISO-10303-21;
HEADER;
/* Generated by software containing ST-Developer
 * from STEP Tools, Inc. (www.steptools.com) 
 */

FILE_DESCRIPTION(
/* description */ ('KiCad electronic assembly'),
/* implementation_level */ '2;1');

FILE_NAME(
/* name */ 'DuctBody.step',
/* time_stamp */ '2026-09-22T19:26:55+05:30',
/* author */ (''),
/* organization */ (''),
/* preprocessor_version */ 'ST-DEVELOPER v20.2',
/* originating_system */ 'Autodesk Translation Framework v15.15.0.0',
/* authorisation */ '');

FILE_SCHEMA (('AUTOMOTIVE_DESIGN { 1 0 10303 214 3 1 1 }'));
ENDSEC;

DATA;
#10=MECHANICAL_DESIGN_GEOMETRIC_PRESENTATION_REPRESENTATION('',(#17),#4017);
#11=SHAPE_REPRESENTATION_RELATIONSHIP('SRR','None',#4027,#12);
#12=ADVANCED_BREP_SHAPE_REPRESENTATION('',(#18),#4015);
#13=ITEM_DEFINED_TRANSFORMATION($,$,#2433,#2636);
#14=(
REPRESENTATION_RELATIONSHIP($,$,#4028,#4027)
REPRESENTATION_RELATIONSHIP_WITH_TRANSFORMATION(#13)
SHAPE_REPRESENTATION_RELATIONSHIP()
);
#15=CONTEXT_DEPENDENT_SHAPE_REPRESENTATION(#14,#4026);
#16=NEXT_ASSEMBLY_USAGE_OCCURRENCE('BrushedFrame:1','BrushedFrame:1',
'BrushedFrame:1',#4030,#4031,'BrushedFrame:1');
#17=STYLED_ITEM('',(#4041),#18);
#18=MANIFOLD_SOLID_BREP('ductBody',#2419);
#19=CYLINDRICAL_SURFACE('',#2461,4.99999999999999);
#20=CYLINDRICAL_SURFACE('',#2494,4.99999999999999);
#21=CYLINDRICAL_SURFACE('',#2497,5.);
#22=CYLINDRICAL_SURFACE('',#2504,5.);
#23=CYLINDRICAL_SURFACE('',#2506,5.00000000000001);
#24=CYLINDRICAL_SURFACE('',#2513,5.00000000000001);
#25=CYLINDRICAL_SURFACE('',#2515,4.99999999999999);
#26=CYLINDRICAL_SURFACE('',#2522,4.99999999999999);
#27=CYLINDRICAL_SURFACE('',#2538,1.5);
#28=CYLINDRICAL_SURFACE('',#2544,1.49999999999999);
#29=CYLINDRICAL_SURFACE('',#2547,1.5);
#30=CYLINDRICAL_SURFACE('',#2551,1.5);
#31=CYLINDRICAL_SURFACE('',#2556,1.5);
#32=CYLINDRICAL_SURFACE('',#2561,1.49999999999999);
#33=CYLINDRICAL_SURFACE('',#2568,36.6);
#34=CYLINDRICAL_SURFACE('',#2570,36.6);
#35=CYLINDRICAL_SURFACE('',#2572,36.6);
#36=CYLINDRICAL_SURFACE('',#2574,36.6);
#37=CYLINDRICAL_SURFACE('',#2575,36.6);
#38=CYLINDRICAL_SURFACE('',#2577,35.);
#39=CYLINDRICAL_SURFACE('',#2579,35.);
#40=CYLINDRICAL_SURFACE('',#2581,36.6);
#41=CYLINDRICAL_SURFACE('',#2585,36.6);
#42=CYLINDRICAL_SURFACE('',#2587,35.);
#43=CYLINDRICAL_SURFACE('',#2589,35.);
#44=CYLINDRICAL_SURFACE('',#2591,36.6);
#45=CYLINDRICAL_SURFACE('',#2595,36.6);
#46=CYLINDRICAL_SURFACE('',#2597,35.);
#47=CYLINDRICAL_SURFACE('',#2599,35.);
#48=CYLINDRICAL_SURFACE('',#2601,35.);
#49=CYLINDRICAL_SURFACE('',#2603,36.6);
#50=CYLINDRICAL_SURFACE('',#2607,36.6);
#51=CYLINDRICAL_SURFACE('',#2609,35.);
#52=CYLINDRICAL_SURFACE('',#2611,35.);
#53=CYLINDRICAL_SURFACE('',#2613,35.);
#54=CYLINDRICAL_SURFACE('',#2615,36.6);
#55=CYLINDRICAL_SURFACE('',#2630,1.5);
#56=CYLINDRICAL_SURFACE('',#2633,1.49999999999999);
#57=FACE_BOUND('',#278,.T.);
#58=FACE_BOUND('',#281,.T.);
#59=FACE_BOUND('',#282,.T.);
#60=FACE_BOUND('',#283,.T.);
#61=FACE_BOUND('',#284,.T.);
#62=FACE_BOUND('',#285,.T.);
#63=FACE_BOUND('',#291,.T.);
#64=FACE_BOUND('',#292,.T.);
#65=FACE_BOUND('',#298,.T.);
#66=FACE_BOUND('',#299,.T.);
#67=FACE_BOUND('',#305,.T.);
#68=FACE_BOUND('',#306,.T.);
#69=FACE_BOUND('',#342,.T.);
#70=FACE_BOUND('',#343,.T.);
#71=CIRCLE('',#2439,36.6);
#72=CIRCLE('',#2440,36.6);
#73=CIRCLE('',#2441,36.6);
#74=CIRCLE('',#2442,36.6);
#75=CIRCLE('',#2443,35.);
#76=CIRCLE('',#2444,35.);
#77=CIRCLE('',#2445,36.6);
#78=CIRCLE('',#2446,36.6);
#79=CIRCLE('',#2447,35.);
#80=CIRCLE('',#2448,35.);
#81=CIRCLE('',#2449,36.6);
#82=CIRCLE('',#2450,36.6);
#83=CIRCLE('',#2451,35.);
#84=CIRCLE('',#2452,35.);
#85=CIRCLE('',#2453,35.);
#86=CIRCLE('',#2454,36.6);
#87=CIRCLE('',#2455,36.6);
#88=CIRCLE('',#2456,35.);
#89=CIRCLE('',#2457,35.);
#90=CIRCLE('',#2458,35.);
#91=CIRCLE('',#2459,36.6);
#92=CIRCLE('',#2460,36.6);
#93=CIRCLE('',#2462,4.99999999999999);
#94=CIRCLE('',#2463,4.99999999999999);
#95=CIRCLE('',#2465,36.6);
#96=CIRCLE('',#2466,36.6);
#97=CIRCLE('',#2467,36.6);
#98=CIRCLE('',#2468,36.6);
#99=CIRCLE('',#2469,36.6);
#100=CIRCLE('',#2470,4.99999999999999);
#101=CIRCLE('',#2471,36.6);
#102=CIRCLE('',#2472,35.);
#103=CIRCLE('',#2473,35.);
#104=CIRCLE('',#2474,35.);
#105=CIRCLE('',#2475,36.6);
#106=CIRCLE('',#2476,5.);
#107=CIRCLE('',#2477,5.);
#108=CIRCLE('',#2478,36.6);
#109=CIRCLE('',#2479,35.);
#110=CIRCLE('',#2480,35.);
#111=CIRCLE('',#2481,35.);
#112=CIRCLE('',#2482,36.6);
#113=CIRCLE('',#2483,5.00000000000001);
#114=CIRCLE('',#2484,5.00000000000001);
#115=CIRCLE('',#2485,36.6);
#116=CIRCLE('',#2486,35.);
#117=CIRCLE('',#2487,35.);
#118=CIRCLE('',#2488,36.6);
#119=CIRCLE('',#2489,4.99999999999999);
#120=CIRCLE('',#2490,4.99999999999999);
#121=CIRCLE('',#2491,36.6);
#122=CIRCLE('',#2492,35.);
#123=CIRCLE('',#2493,35.);
#124=CIRCLE('',#2495,4.99999999999999);
#125=CIRCLE('',#2498,5.);
#126=CIRCLE('',#2501,5.);
#127=CIRCLE('',#2502,1.5);
#128=CIRCLE('',#2503,1.5);
#129=CIRCLE('',#2507,5.00000000000001);
#130=CIRCLE('',#2510,5.00000000000001);
#131=CIRCLE('',#2511,1.49999999999999);
#132=CIRCLE('',#2512,1.49999999999999);
#133=CIRCLE('',#2516,4.99999999999999);
#134=CIRCLE('',#2519,4.99999999999999);
#135=CIRCLE('',#2520,1.5);
#136=CIRCLE('',#2521,1.5);
#137=CIRCLE('',#2539,1.5);
#138=CIRCLE('',#2543,1.49999999999999);
#139=CIRCLE('',#2546,1.5);
#140=CIRCLE('',#2548,1.5);
#141=CIRCLE('',#2552,1.5);
#142=CIRCLE('',#2557,1.5);
#143=CIRCLE('',#2560,1.49999999999999);
#144=CIRCLE('',#2564,1.49999999999999);
#145=CIRCLE('',#2631,1.5);
#146=CIRCLE('',#2634,1.49999999999999);
#147=FACE_OUTER_BOUND('',#273,.T.);
#148=FACE_OUTER_BOUND('',#274,.T.);
#149=FACE_OUTER_BOUND('',#275,.T.);
#150=FACE_OUTER_BOUND('',#276,.T.);
#151=FACE_OUTER_BOUND('',#277,.T.);
#152=FACE_OUTER_BOUND('',#279,.T.);
#153=FACE_OUTER_BOUND('',#280,.T.);
#154=FACE_OUTER_BOUND('',#286,.T.);
#155=FACE_OUTER_BOUND('',#287,.T.);
#156=FACE_OUTER_BOUND('',#288,.T.);
#157=FACE_OUTER_BOUND('',#289,.T.);
#158=FACE_OUTER_BOUND('',#290,.T.);
#159=FACE_OUTER_BOUND('',#293,.T.);
#160=FACE_OUTER_BOUND('',#294,.T.);
#161=FACE_OUTER_BOUND('',#295,.T.);
#162=FACE_OUTER_BOUND('',#296,.T.);
#163=FACE_OUTER_BOUND('',#297,.T.);
#164=FACE_OUTER_BOUND('',#300,.T.);
#165=FACE_OUTER_BOUND('',#301,.T.);
#166=FACE_OUTER_BOUND('',#302,.T.);
#167=FACE_OUTER_BOUND('',#303,.T.);
#168=FACE_OUTER_BOUND('',#304,.T.);
#169=FACE_OUTER_BOUND('',#307,.T.);
#170=FACE_OUTER_BOUND('',#308,.T.);
#171=FACE_OUTER_BOUND('',#309,.T.);
#172=FACE_OUTER_BOUND('',#310,.T.);
#173=FACE_OUTER_BOUND('',#311,.T.);
#174=FACE_OUTER_BOUND('',#312,.T.);
#175=FACE_OUTER_BOUND('',#313,.T.);
#176=FACE_OUTER_BOUND('',#314,.T.);
#177=FACE_OUTER_BOUND('',#315,.T.);
#178=FACE_OUTER_BOUND('',#316,.T.);
#179=FACE_OUTER_BOUND('',#317,.T.);
#180=FACE_OUTER_BOUND('',#318,.T.);
#181=FACE_OUTER_BOUND('',#319,.T.);
#182=FACE_OUTER_BOUND('',#320,.T.);
#183=FACE_OUTER_BOUND('',#321,.T.);
#184=FACE_OUTER_BOUND('',#322,.T.);
#185=FACE_OUTER_BOUND('',#323,.T.);
#186=FACE_OUTER_BOUND('',#324,.T.);
#187=FACE_OUTER_BOUND('',#325,.T.);
#188=FACE_OUTER_BOUND('',#326,.T.);
#189=FACE_OUTER_BOUND('',#327,.T.);
#190=FACE_OUTER_BOUND('',#328,.T.);
#191=FACE_OUTER_BOUND('',#329,.T.);
#192=FACE_OUTER_BOUND('',#330,.T.);
#193=FACE_OUTER_BOUND('',#331,.T.);
#194=FACE_OUTER_BOUND('',#332,.T.);
#195=FACE_OUTER_BOUND('',#333,.T.);
#196=FACE_OUTER_BOUND('',#334,.T.);
#197=FACE_OUTER_BOUND('',#335,.T.);
#198=FACE_OUTER_BOUND('',#336,.T.);
#199=FACE_OUTER_BOUND('',#337,.T.);
#200=FACE_OUTER_BOUND('',#338,.T.);
#201=FACE_OUTER_BOUND('',#339,.T.);
#202=FACE_OUTER_BOUND('',#340,.T.);
#203=FACE_OUTER_BOUND('',#341,.T.);
#204=FACE_OUTER_BOUND('',#344,.T.);
#205=FACE_OUTER_BOUND('',#345,.T.);
#206=FACE_OUTER_BOUND('',#346,.T.);
#207=FACE_OUTER_BOUND('',#347,.T.);
#208=FACE_OUTER_BOUND('',#348,.T.);
#209=FACE_OUTER_BOUND('',#349,.T.);
#210=FACE_OUTER_BOUND('',#350,.T.);
#211=FACE_OUTER_BOUND('',#351,.T.);
#212=FACE_OUTER_BOUND('',#352,.T.);
#213=FACE_OUTER_BOUND('',#353,.T.);
#214=FACE_OUTER_BOUND('',#354,.T.);
#215=FACE_OUTER_BOUND('',#355,.T.);
#216=FACE_OUTER_BOUND('',#356,.T.);
#217=FACE_OUTER_BOUND('',#357,.T.);
#218=FACE_OUTER_BOUND('',#358,.T.);
#219=FACE_OUTER_BOUND('',#359,.T.);
#220=FACE_OUTER_BOUND('',#360,.T.);
#221=FACE_OUTER_BOUND('',#361,.T.);
#222=FACE_OUTER_BOUND('',#362,.T.);
#223=FACE_OUTER_BOUND('',#363,.T.);
#224=FACE_OUTER_BOUND('',#364,.T.);
#225=FACE_OUTER_BOUND('',#365,.T.);
#226=FACE_OUTER_BOUND('',#366,.T.);
#227=FACE_OUTER_BOUND('',#367,.T.);
#228=FACE_OUTER_BOUND('',#368,.T.);
#229=FACE_OUTER_BOUND('',#369,.T.);
#230=FACE_OUTER_BOUND('',#370,.T.);
#231=FACE_OUTER_BOUND('',#371,.T.);
#232=FACE_OUTER_BOUND('',#372,.T.);
#233=FACE_OUTER_BOUND('',#373,.T.);
#234=FACE_OUTER_BOUND('',#374,.T.);
#235=FACE_OUTER_BOUND('',#375,.T.);
#236=FACE_OUTER_BOUND('',#376,.T.);
#237=FACE_OUTER_BOUND('',#377,.T.);
#238=FACE_OUTER_BOUND('',#378,.T.);
#239=FACE_OUTER_BOUND('',#379,.T.);
#240=FACE_OUTER_BOUND('',#380,.T.);
#241=FACE_OUTER_BOUND('',#381,.T.);
#242=FACE_OUTER_BOUND('',#382,.T.);
#243=FACE_OUTER_BOUND('',#383,.T.);
#244=FACE_OUTER_BOUND('',#384,.T.);
#245=FACE_OUTER_BOUND('',#385,.T.);
#246=FACE_OUTER_BOUND('',#386,.T.);
#247=FACE_OUTER_BOUND('',#387,.T.);
#248=FACE_OUTER_BOUND('',#388,.T.);
#249=FACE_OUTER_BOUND('',#389,.T.);
#250=FACE_OUTER_BOUND('',#390,.T.);
#251=FACE_OUTER_BOUND('',#391,.T.);
#252=FACE_OUTER_BOUND('',#392,.T.);
#253=FACE_OUTER_BOUND('',#393,.T.);
#254=FACE_OUTER_BOUND('',#394,.T.);
#255=FACE_OUTER_BOUND('',#395,.T.);
#256=FACE_OUTER_BOUND('',#396,.T.);
#257=FACE_OUTER_BOUND('',#397,.T.);
#258=FACE_OUTER_BOUND('',#398,.T.);
#259=FACE_OUTER_BOUND('',#399,.T.);
#260=FACE_OUTER_BOUND('',#400,.T.);
#261=FACE_OUTER_BOUND('',#401,.T.);
#262=FACE_OUTER_BOUND('',#402,.T.);
#263=FACE_OUTER_BOUND('',#403,.T.);
#264=FACE_OUTER_BOUND('',#404,.T.);
#265=FACE_OUTER_BOUND('',#405,.T.);
#266=FACE_OUTER_BOUND('',#406,.T.);
#267=FACE_OUTER_BOUND('',#407,.T.);
#268=FACE_OUTER_BOUND('',#408,.T.);
#269=FACE_OUTER_BOUND('',#409,.T.);
#270=FACE_OUTER_BOUND('',#410,.T.);
#271=FACE_OUTER_BOUND('',#411,.T.);
#272=FACE_OUTER_BOUND('',#412,.T.);
#273=EDGE_LOOP('',(#1517,#1518,#1519,#1520));
#274=EDGE_LOOP('',(#1521,#1522,#1523,#1524));
#275=EDGE_LOOP('',(#1525,#1526,#1527,#1528));
#276=EDGE_LOOP('',(#1529,#1530,#1531,#1532));
#277=EDGE_LOOP('',(#1533,#1534,#1535,#1536,#1537,#1538,#1539,#1540));
#278=EDGE_LOOP('',(#1541,#1542,#1543,#1544,#1545,#1546,#1547,#1548,#1549,
#1550,#1551,#1552,#1553,#1554,#1555,#1556,#1557,#1558,#1559,#1560,#1561,
#1562,#1563,#1564,#1565,#1566,#1567,#1568,#1569,#1570,#1571,#1572,#1573,
#1574,#1575,#1576,#1577,#1578,#1579,#1580,#1581,#1582,#1583,#1584,#1585,
#1586,#1587,#1588,#1589,#1590,#1591,#1592,#1593,#1594,#1595,#1596,#1597,
#1598,#1599,#1600,#1601,#1602,#1603,#1604,#1605,#1606,#1607,#1608,#1609,
#1610,#1611,#1612));
#279=EDGE_LOOP('',(#1613,#1614,#1615,#1616));
#280=EDGE_LOOP('',(#1617,#1618,#1619,#1620,#1621,#1622,#1623,#1624));
#281=EDGE_LOOP('',(#1625,#1626,#1627,#1628));
#282=EDGE_LOOP('',(#1629,#1630,#1631,#1632));
#283=EDGE_LOOP('',(#1633,#1634,#1635,#1636));
#284=EDGE_LOOP('',(#1637,#1638,#1639,#1640));
#285=EDGE_LOOP('',(#1641,#1642,#1643,#1644,#1645,#1646,#1647,#1648,#1649,
#1650,#1651,#1652,#1653,#1654,#1655,#1656,#1657,#1658,#1659,#1660,#1661,
#1662,#1663,#1664,#1665,#1666,#1667,#1668,#1669,#1670,#1671,#1672,#1673,
#1674,#1675,#1676,#1677,#1678,#1679,#1680,#1681,#1682,#1683,#1684,#1685,
#1686,#1687,#1688,#1689,#1690,#1691,#1692,#1693,#1694,#1695,#1696,#1697,
#1698,#1699,#1700,#1701,#1702,#1703,#1704,#1705,#1706,#1707,#1708,#1709,
#1710,#1711,#1712));
#286=EDGE_LOOP('',(#1713,#1714,#1715,#1716));
#287=EDGE_LOOP('',(#1717,#1718,#1719,#1720));
#288=EDGE_LOOP('',(#1721,#1722,#1723,#1724));
#289=EDGE_LOOP('',(#1725,#1726,#1727,#1728));
#290=EDGE_LOOP('',(#1729,#1730,#1731,#1732,#1733,#1734,#1735,#1736));
#291=EDGE_LOOP('',(#1737));
#292=EDGE_LOOP('',(#1738));
#293=EDGE_LOOP('',(#1739,#1740,#1741,#1742));
#294=EDGE_LOOP('',(#1743,#1744,#1745,#1746));
#295=EDGE_LOOP('',(#1747,#1748,#1749,#1750));
#296=EDGE_LOOP('',(#1751,#1752,#1753,#1754));
#297=EDGE_LOOP('',(#1755,#1756,#1757,#1758,#1759,#1760,#1761,#1762));
#298=EDGE_LOOP('',(#1763));
#299=EDGE_LOOP('',(#1764));
#300=EDGE_LOOP('',(#1765,#1766,#1767,#1768));
#301=EDGE_LOOP('',(#1769,#1770,#1771,#1772));
#302=EDGE_LOOP('',(#1773,#1774,#1775,#1776));
#303=EDGE_LOOP('',(#1777,#1778,#1779,#1780));
#304=EDGE_LOOP('',(#1781,#1782,#1783,#1784,#1785,#1786,#1787,#1788));
#305=EDGE_LOOP('',(#1789));
#306=EDGE_LOOP('',(#1790));
#307=EDGE_LOOP('',(#1791,#1792,#1793,#1794));
#308=EDGE_LOOP('',(#1795,#1796,#1797,#1798));
#309=EDGE_LOOP('',(#1799,#1800,#1801,#1802,#1803));
#310=EDGE_LOOP('',(#1804,#1805,#1806,#1807,#1808));
#311=EDGE_LOOP('',(#1809,#1810,#1811,#1812,#1813));
#312=EDGE_LOOP('',(#1814,#1815,#1816,#1817));
#313=EDGE_LOOP('',(#1818,#1819,#1820,#1821,#1822));
#314=EDGE_LOOP('',(#1823,#1824,#1825,#1826));
#315=EDGE_LOOP('',(#1827,#1828,#1829,#1830,#1831));
#316=EDGE_LOOP('',(#1832,#1833,#1834,#1835,#1836));
#317=EDGE_LOOP('',(#1837,#1838,#1839,#1840,#1841));
#318=EDGE_LOOP('',(#1842,#1843,#1844,#1845));
#319=EDGE_LOOP('',(#1846,#1847,#1848,#1849,#1850));
#320=EDGE_LOOP('',(#1851,#1852,#1853,#1854));
#321=EDGE_LOOP('',(#1855,#1856,#1857,#1858,#1859));
#322=EDGE_LOOP('',(#1860,#1861,#1862,#1863));
#323=EDGE_LOOP('',(#1864,#1865,#1866,#1867));
#324=EDGE_LOOP('',(#1868));
#325=EDGE_LOOP('',(#1869,#1870,#1871,#1872));
#326=EDGE_LOOP('',(#1873));
#327=EDGE_LOOP('',(#1874,#1875,#1876,#1877));
#328=EDGE_LOOP('',(#1878));
#329=EDGE_LOOP('',(#1879,#1880,#1881,#1882));
#330=EDGE_LOOP('',(#1883,#1884,#1885,#1886));
#331=EDGE_LOOP('',(#1887,#1888,#1889,#1890));
#332=EDGE_LOOP('',(#1891,#1892,#1893,#1894));
#333=EDGE_LOOP('',(#1895));
#334=EDGE_LOOP('',(#1896,#1897,#1898,#1899));
#335=EDGE_LOOP('',(#1900,#1901,#1902,#1903));
#336=EDGE_LOOP('',(#1904,#1905,#1906,#1907));
#337=EDGE_LOOP('',(#1908));
#338=EDGE_LOOP('',(#1909));
#339=EDGE_LOOP('',(#1910,#1911,#1912,#1913));
#340=EDGE_LOOP('',(#1914,#1915,#1916,#1917));
#341=EDGE_LOOP('',(#1918,#1919,#1920,#1921,#1922,#1923,#1924,#1925));
#342=EDGE_LOOP('',(#1926));
#343=EDGE_LOOP('',(#1927));
#344=EDGE_LOOP('',(#1928,#1929,#1930,#1931));
#345=EDGE_LOOP('',(#1932,#1933,#1934,#1935));
#346=EDGE_LOOP('',(#1936,#1937,#1938,#1939));
#347=EDGE_LOOP('',(#1940,#1941,#1942,#1943));
#348=EDGE_LOOP('',(#1944,#1945,#1946,#1947));
#349=EDGE_LOOP('',(#1948,#1949,#1950,#1951));
#350=EDGE_LOOP('',(#1952,#1953,#1954,#1955));
#351=EDGE_LOOP('',(#1956,#1957,#1958,#1959));
#352=EDGE_LOOP('',(#1960,#1961,#1962,#1963));
#353=EDGE_LOOP('',(#1964,#1965,#1966,#1967));
#354=EDGE_LOOP('',(#1968,#1969,#1970,#1971));
#355=EDGE_LOOP('',(#1972,#1973,#1974,#1975));
#356=EDGE_LOOP('',(#1976,#1977,#1978,#1979));
#357=EDGE_LOOP('',(#1980,#1981,#1982,#1983));
#358=EDGE_LOOP('',(#1984,#1985,#1986,#1987));
#359=EDGE_LOOP('',(#1988,#1989,#1990,#1991));
#360=EDGE_LOOP('',(#1992,#1993,#1994,#1995));
#361=EDGE_LOOP('',(#1996,#1997,#1998,#1999));
#362=EDGE_LOOP('',(#2000,#2001,#2002,#2003));
#363=EDGE_LOOP('',(#2004,#2005,#2006,#2007));
#364=EDGE_LOOP('',(#2008,#2009,#2010,#2011));
#365=EDGE_LOOP('',(#2012,#2013,#2014,#2015));
#366=EDGE_LOOP('',(#2016,#2017,#2018,#2019));
#367=EDGE_LOOP('',(#2020,#2021,#2022,#2023));
#368=EDGE_LOOP('',(#2024,#2025,#2026,#2027));
#369=EDGE_LOOP('',(#2028,#2029,#2030,#2031));
#370=EDGE_LOOP('',(#2032,#2033,#2034,#2035));
#371=EDGE_LOOP('',(#2036,#2037,#2038,#2039));
#372=EDGE_LOOP('',(#2040,#2041,#2042,#2043));
#373=EDGE_LOOP('',(#2044,#2045,#2046,#2047));
#374=EDGE_LOOP('',(#2048,#2049,#2050,#2051));
#375=EDGE_LOOP('',(#2052,#2053,#2054,#2055));
#376=EDGE_LOOP('',(#2056,#2057,#2058,#2059));
#377=EDGE_LOOP('',(#2060,#2061,#2062,#2063));
#378=EDGE_LOOP('',(#2064,#2065,#2066,#2067));
#379=EDGE_LOOP('',(#2068,#2069,#2070,#2071));
#380=EDGE_LOOP('',(#2072,#2073,#2074,#2075));
#381=EDGE_LOOP('',(#2076,#2077,#2078,#2079));
#382=EDGE_LOOP('',(#2080,#2081,#2082,#2083));
#383=EDGE_LOOP('',(#2084,#2085,#2086,#2087));
#384=EDGE_LOOP('',(#2088,#2089,#2090,#2091));
#385=EDGE_LOOP('',(#2092,#2093,#2094,#2095));
#386=EDGE_LOOP('',(#2096,#2097,#2098,#2099));
#387=EDGE_LOOP('',(#2100,#2101,#2102,#2103));
#388=EDGE_LOOP('',(#2104,#2105,#2106,#2107));
#389=EDGE_LOOP('',(#2108,#2109,#2110,#2111));
#390=EDGE_LOOP('',(#2112,#2113,#2114,#2115));
#391=EDGE_LOOP('',(#2116,#2117,#2118,#2119));
#392=EDGE_LOOP('',(#2120,#2121,#2122,#2123));
#393=EDGE_LOOP('',(#2124,#2125,#2126,#2127));
#394=EDGE_LOOP('',(#2128,#2129,#2130,#2131));
#395=EDGE_LOOP('',(#2132,#2133,#2134,#2135));
#396=EDGE_LOOP('',(#2136,#2137,#2138,#2139));
#397=EDGE_LOOP('',(#2140,#2141,#2142,#2143));
#398=EDGE_LOOP('',(#2144,#2145,#2146,#2147,#2148));
#399=EDGE_LOOP('',(#2149,#2150,#2151,#2152,#2153));
#400=EDGE_LOOP('',(#2154,#2155,#2156,#2157,#2158));
#401=EDGE_LOOP('',(#2159,#2160,#2161,#2162,#2163));
#402=EDGE_LOOP('',(#2164,#2165,#2166,#2167,#2168));
#403=EDGE_LOOP('',(#2169,#2170,#2171,#2172,#2173));
#404=EDGE_LOOP('',(#2174,#2175,#2176,#2177,#2178));
#405=EDGE_LOOP('',(#2179,#2180,#2181,#2182));
#406=EDGE_LOOP('',(#2183,#2184,#2185,#2186));
#407=EDGE_LOOP('',(#2187,#2188,#2189,#2190));
#408=EDGE_LOOP('',(#2191,#2192,#2193,#2194));
#409=EDGE_LOOP('',(#2195,#2196,#2197,#2198));
#410=EDGE_LOOP('',(#2199));
#411=EDGE_LOOP('',(#2200,#2201,#2202,#2203));
#412=EDGE_LOOP('',(#2204));
#413=LINE('',#3320,#681);
#414=LINE('',#3322,#682);
#415=LINE('',#3324,#683);
#416=LINE('',#3325,#684);
#417=LINE('',#3329,#685);
#418=LINE('',#3331,#686);
#419=LINE('',#3333,#687);
#420=LINE('',#3334,#688);
#421=LINE('',#3338,#689);
#422=LINE('',#3340,#690);
#423=LINE('',#3342,#691);
#424=LINE('',#3343,#692);
#425=LINE('',#3347,#693);
#426=LINE('',#3349,#694);
#427=LINE('',#3351,#695);
#428=LINE('',#3352,#696);
#429=LINE('',#3356,#697);
#430=LINE('',#3360,#698);
#431=LINE('',#3364,#699);
#432=LINE('',#3368,#700);
#433=LINE('',#3373,#701);
#434=LINE('',#3377,#702);
#435=LINE('',#3381,#703);
#436=LINE('',#3383,#704);
#437=LINE('',#3385,#705);
#438=LINE('',#3387,#706);
#439=LINE('',#3389,#707);
#440=LINE('',#3391,#708);
#441=LINE('',#3393,#709);
#442=LINE('',#3395,#710);
#443=LINE('',#3397,#711);
#444=LINE('',#3401,#712);
#445=LINE('',#3405,#713);
#446=LINE('',#3408,#714);
#447=LINE('',#3412,#715);
#448=LINE('',#3414,#716);
#449=LINE('',#3416,#717);
#450=LINE('',#3418,#718);
#451=LINE('',#3420,#719);
#452=LINE('',#3422,#720);
#453=LINE('',#3424,#721);
#454=LINE('',#3426,#722);
#455=LINE('',#3428,#723);
#456=LINE('',#3431,#724);
#457=LINE('',#3435,#725);
#458=LINE('',#3439,#726);
#459=LINE('',#3443,#727);
#460=LINE('',#3447,#728);
#461=LINE('',#3449,#729);
#462=LINE('',#3451,#730);
#463=LINE('',#3453,#731);
#464=LINE('',#3455,#732);
#465=LINE('',#3457,#733);
#466=LINE('',#3459,#734);
#467=LINE('',#3461,#735);
#468=LINE('',#3463,#736);
#469=LINE('',#3467,#737);
#470=LINE('',#3471,#738);
#471=LINE('',#3475,#739);
#472=LINE('',#3478,#740);
#473=LINE('',#3482,#741);
#474=LINE('',#3484,#742);
#475=LINE('',#3486,#743);
#476=LINE('',#3488,#744);
#477=LINE('',#3490,#745);
#478=LINE('',#3492,#746);
#479=LINE('',#3494,#747);
#480=LINE('',#3496,#748);
#481=LINE('',#3498,#749);
#482=LINE('',#3501,#750);
#483=LINE('',#3507,#751);
#484=LINE('',#3510,#752);
#485=LINE('',#3514,#753);
#486=LINE('',#3518,#754);
#487=LINE('',#3522,#755);
#488=LINE('',#3526,#756);
#489=LINE('',#3530,#757);
#490=LINE('',#3532,#758);
#491=LINE('',#3534,#759);
#492=LINE('',#3535,#760);
#493=LINE('',#3538,#761);
#494=LINE('',#3540,#762);
#495=LINE('',#3542,#763);
#496=LINE('',#3543,#764);
#497=LINE('',#3546,#765);
#498=LINE('',#3548,#766);
#499=LINE('',#3550,#767);
#500=LINE('',#3551,#768);
#501=LINE('',#3554,#769);
#502=LINE('',#3556,#770);
#503=LINE('',#3558,#771);
#504=LINE('',#3559,#772);
#505=LINE('',#3561,#773);
#506=LINE('',#3565,#774);
#507=LINE('',#3566,#775);
#508=LINE('',#3568,#776);
#509=LINE('',#3570,#777);
#510=LINE('',#3572,#778);
#511=LINE('',#3576,#779);
#512=LINE('',#3578,#780);
#513=LINE('',#3581,#781);
#514=LINE('',#3585,#782);
#515=LINE('',#3589,#783);
#516=LINE('',#3593,#784);
#517=LINE('',#3597,#785);
#518=LINE('',#3599,#786);
#519=LINE('',#3603,#787);
#520=LINE('',#3605,#788);
#521=LINE('',#3607,#789);
#522=LINE('',#3611,#790);
#523=LINE('',#3613,#791);
#524=LINE('',#3617,#792);
#525=LINE('',#3621,#793);
#526=LINE('',#3625,#794);
#527=LINE('',#3628,#795);
#528=LINE('',#3632,#796);
#529=LINE('',#3634,#797);
#530=LINE('',#3638,#798);
#531=LINE('',#3640,#799);
#532=LINE('',#3642,#800);
#533=LINE('',#3646,#801);
#534=LINE('',#3648,#802);
#535=LINE('',#3651,#803);
#536=LINE('',#3655,#804);
#537=LINE('',#3659,#805);
#538=LINE('',#3663,#806);
#539=LINE('',#3665,#807);
#540=LINE('',#3669,#808);
#541=LINE('',#3671,#809);
#542=LINE('',#3673,#810);
#543=LINE('',#3677,#811);
#544=LINE('',#3679,#812);
#545=LINE('',#3683,#813);
#546=LINE('',#3687,#814);
#547=LINE('',#3691,#815);
#548=LINE('',#3694,#816);
#549=LINE('',#3697,#817);
#550=LINE('',#3698,#818);
#551=LINE('',#3703,#819);
#552=LINE('',#3704,#820);
#553=LINE('',#3707,#821);
#554=LINE('',#3708,#822);
#555=LINE('',#3711,#823);
#556=LINE('',#3713,#824);
#557=LINE('',#3715,#825);
#558=LINE('',#3719,#826);
#559=LINE('',#3720,#827);
#560=LINE('',#3726,#828);
#561=LINE('',#3727,#829);
#562=LINE('',#3729,#830);
#563=LINE('',#3734,#831);
#564=LINE('',#3735,#832);
#565=LINE('',#3738,#833);
#566=LINE('',#3739,#834);
#567=LINE('',#3742,#835);
#568=LINE('',#3744,#836);
#569=LINE('',#3746,#837);
#570=LINE('',#3750,#838);
#571=LINE('',#3751,#839);
#572=LINE('',#3757,#840);
#573=LINE('',#3758,#841);
#574=LINE('',#3760,#842);
#575=LINE('',#3765,#843);
#576=LINE('',#3766,#844);
#577=LINE('',#3769,#845);
#578=LINE('',#3770,#846);
#579=LINE('',#3773,#847);
#580=LINE('',#3775,#848);
#581=LINE('',#3777,#849);
#582=LINE('',#3781,#850);
#583=LINE('',#3782,#851);
#584=LINE('',#3788,#852);
#585=LINE('',#3789,#853);
#586=LINE('',#3791,#854);
#587=LINE('',#3793,#855);
#588=LINE('',#3794,#856);
#589=LINE('',#3796,#857);
#590=LINE('',#3797,#858);
#591=LINE('',#3799,#859);
#592=LINE('',#3800,#860);
#593=LINE('',#3802,#861);
#594=LINE('',#3803,#862);
#595=LINE('',#3805,#863);
#596=LINE('',#3806,#864);
#597=LINE('',#3810,#865);
#598=LINE('',#3811,#866);
#599=LINE('',#3812,#867);
#600=LINE('',#3814,#868);
#601=LINE('',#3815,#869);
#602=LINE('',#3817,#870);
#603=LINE('',#3818,#871);
#604=LINE('',#3820,#872);
#605=LINE('',#3821,#873);
#606=LINE('',#3823,#874);
#607=LINE('',#3824,#875);
#608=LINE('',#3826,#876);
#609=LINE('',#3827,#877);
#610=LINE('',#3829,#878);
#611=LINE('',#3830,#879);
#612=LINE('',#3832,#880);
#613=LINE('',#3833,#881);
#614=LINE('',#3836,#882);
#615=LINE('',#3837,#883);
#616=LINE('',#3841,#884);
#617=LINE('',#3848,#885);
#618=LINE('',#3854,#886);
#619=LINE('',#3857,#887);
#620=LINE('',#3858,#888);
#621=LINE('',#3863,#889);
#622=LINE('',#3866,#890);
#623=LINE('',#3871,#891);
#624=LINE('',#3877,#892);
#625=LINE('',#3879,#893);
#626=LINE('',#3881,#894);
#627=LINE('',#3885,#895);
#628=LINE('',#3887,#896);
#629=LINE('',#3889,#897);
#630=LINE('',#3890,#898);
#631=LINE('',#3892,#899);
#632=LINE('',#3894,#900);
#633=LINE('',#3896,#901);
#634=LINE('',#3898,#902);
#635=LINE('',#3900,#903);
#636=LINE('',#3902,#904);
#637=LINE('',#3905,#905);
#638=LINE('',#3906,#906);
#639=LINE('',#3909,#907);
#640=LINE('',#3911,#908);
#641=LINE('',#3913,#909);
#642=LINE('',#3915,#910);
#643=LINE('',#3917,#911);
#644=LINE('',#3920,#912);
#645=LINE('',#3922,#913);
#646=LINE('',#3924,#914);
#647=LINE('',#3926,#915);
#648=LINE('',#3928,#916);
#649=LINE('',#3930,#917);
#650=LINE('',#3933,#918);
#651=LINE('',#3935,#919);
#652=LINE('',#3937,#920);
#653=LINE('',#3939,#921);
#654=LINE('',#3941,#922);
#655=LINE('',#3943,#923);
#656=LINE('',#3946,#924);
#657=LINE('',#3948,#925);
#658=LINE('',#3950,#926);
#659=LINE('',#3952,#927);
#660=LINE('',#3954,#928);
#661=LINE('',#3956,#929);
#662=LINE('',#3958,#930);
#663=LINE('',#3960,#931);
#664=LINE('',#3962,#932);
#665=LINE('',#3964,#933);
#666=LINE('',#3966,#934);
#667=LINE('',#3968,#935);
#668=LINE('',#3970,#936);
#669=LINE('',#3972,#937);
#670=LINE('',#3974,#938);
#671=LINE('',#3976,#939);
#672=LINE('',#3979,#940);
#673=LINE('',#3981,#941);
#674=LINE('',#3983,#942);
#675=LINE('',#3985,#943);
#676=LINE('',#3988,#944);
#677=LINE('',#3992,#945);
#678=LINE('',#3994,#946);
#679=LINE('',#4004,#947);
#680=LINE('',#4009,#948);
#681=VECTOR('',#2643,10.);
#682=VECTOR('',#2644,10.);
#683=VECTOR('',#2645,10.);
#684=VECTOR('',#2646,10.);
#685=VECTOR('',#2649,10.);
#686=VECTOR('',#2650,10.);
#687=VECTOR('',#2651,10.);
#688=VECTOR('',#2652,10.);
#689=VECTOR('',#2655,10.);
#690=VECTOR('',#2656,10.);
#691=VECTOR('',#2657,10.);
#692=VECTOR('',#2658,10.);
#693=VECTOR('',#2661,10.);
#694=VECTOR('',#2662,10.);
#695=VECTOR('',#2663,10.);
#696=VECTOR('',#2664,10.);
#697=VECTOR('',#2667,10.);
#698=VECTOR('',#2670,10.);
#699=VECTOR('',#2673,10.);
#700=VECTOR('',#2676,10.);
#701=VECTOR('',#2681,10.);
#702=VECTOR('',#2684,10.);
#703=VECTOR('',#2687,10.);
#704=VECTOR('',#2688,10.);
#705=VECTOR('',#2689,10.);
#706=VECTOR('',#2690,10.);
#707=VECTOR('',#2691,10.);
#708=VECTOR('',#2692,10.);
#709=VECTOR('',#2693,10.);
#710=VECTOR('',#2694,10.);
#711=VECTOR('',#2695,10.);
#712=VECTOR('',#2698,10.);
#713=VECTOR('',#2701,10.);
#714=VECTOR('',#2704,10.);
#715=VECTOR('',#2707,10.);
#716=VECTOR('',#2708,10.);
#717=VECTOR('',#2709,10.);
#718=VECTOR('',#2710,10.);
#719=VECTOR('',#2711,10.);
#720=VECTOR('',#2712,10.);
#721=VECTOR('',#2713,10.);
#722=VECTOR('',#2714,10.);
#723=VECTOR('',#2715,10.);
#724=VECTOR('',#2718,10.);
#725=VECTOR('',#2721,10.);
#726=VECTOR('',#2724,10.);
#727=VECTOR('',#2727,10.);
#728=VECTOR('',#2730,10.);
#729=VECTOR('',#2731,10.);
#730=VECTOR('',#2732,10.);
#731=VECTOR('',#2733,10.);
#732=VECTOR('',#2734,10.);
#733=VECTOR('',#2735,10.);
#734=VECTOR('',#2736,10.);
#735=VECTOR('',#2737,10.);
#736=VECTOR('',#2738,10.);
#737=VECTOR('',#2741,10.);
#738=VECTOR('',#2744,10.);
#739=VECTOR('',#2747,10.);
#740=VECTOR('',#2750,10.);
#741=VECTOR('',#2753,10.);
#742=VECTOR('',#2754,10.);
#743=VECTOR('',#2755,10.);
#744=VECTOR('',#2756,10.);
#745=VECTOR('',#2757,10.);
#746=VECTOR('',#2758,10.);
#747=VECTOR('',#2759,10.);
#748=VECTOR('',#2760,10.);
#749=VECTOR('',#2761,10.);
#750=VECTOR('',#2764,10.);
#751=VECTOR('',#2769,5.);
#752=VECTOR('',#2772,10.);
#753=VECTOR('',#2775,10.);
#754=VECTOR('',#2778,10.);
#755=VECTOR('',#2781,10.);
#756=VECTOR('',#2784,10.);
#757=VECTOR('',#2787,10.);
#758=VECTOR('',#2788,10.);
#759=VECTOR('',#2789,10.);
#760=VECTOR('',#2790,10.);
#761=VECTOR('',#2791,10.);
#762=VECTOR('',#2792,10.);
#763=VECTOR('',#2793,10.);
#764=VECTOR('',#2794,10.);
#765=VECTOR('',#2795,10.);
#766=VECTOR('',#2796,10.);
#767=VECTOR('',#2797,10.);
#768=VECTOR('',#2798,10.);
#769=VECTOR('',#2799,10.);
#770=VECTOR('',#2800,10.);
#771=VECTOR('',#2801,10.);
#772=VECTOR('',#2802,10.);
#773=VECTOR('',#2803,10.);
#774=VECTOR('',#2806,10.);
#775=VECTOR('',#2807,10.);
#776=VECTOR('',#2808,10.);
#777=VECTOR('',#2809,10.);
#778=VECTOR('',#2810,10.);
#779=VECTOR('',#2813,10.);
#780=VECTOR('',#2814,10.);
#781=VECTOR('',#2817,10.);
#782=VECTOR('',#2820,10.);
#783=VECTOR('',#2823,10.);
#784=VECTOR('',#2826,10.);
#785=VECTOR('',#2829,10.);
#786=VECTOR('',#2830,10.);
#787=VECTOR('',#2833,10.);
#788=VECTOR('',#2834,10.);
#789=VECTOR('',#2835,10.);
#790=VECTOR('',#2838,10.);
#791=VECTOR('',#2839,10.);
#792=VECTOR('',#2842,10.);
#793=VECTOR('',#2845,10.);
#794=VECTOR('',#2848,10.);
#795=VECTOR('',#2851,10.);
#796=VECTOR('',#2854,10.);
#797=VECTOR('',#2855,10.);
#798=VECTOR('',#2858,10.);
#799=VECTOR('',#2859,10.);
#800=VECTOR('',#2860,10.);
#801=VECTOR('',#2863,10.);
#802=VECTOR('',#2864,10.);
#803=VECTOR('',#2867,10.);
#804=VECTOR('',#2870,10.);
#805=VECTOR('',#2873,10.);
#806=VECTOR('',#2876,10.);
#807=VECTOR('',#2877,10.);
#808=VECTOR('',#2880,10.);
#809=VECTOR('',#2881,10.);
#810=VECTOR('',#2882,10.);
#811=VECTOR('',#2885,10.);
#812=VECTOR('',#2886,10.);
#813=VECTOR('',#2889,10.);
#814=VECTOR('',#2892,10.);
#815=VECTOR('',#2897,5.);
#816=VECTOR('',#2900,10.);
#817=VECTOR('',#2903,10.);
#818=VECTOR('',#2904,10.);
#819=VECTOR('',#2909,5.);
#820=VECTOR('',#2910,10.);
#821=VECTOR('',#2913,10.);
#822=VECTOR('',#2914,10.);
#823=VECTOR('',#2917,10.);
#824=VECTOR('',#2918,10.);
#825=VECTOR('',#2919,10.);
#826=VECTOR('',#2922,10.);
#827=VECTOR('',#2923,10.);
#828=VECTOR('',#2930,5.);
#829=VECTOR('',#2931,10.);
#830=VECTOR('',#2934,10.);
#831=VECTOR('',#2939,5.);
#832=VECTOR('',#2940,10.);
#833=VECTOR('',#2943,10.);
#834=VECTOR('',#2944,10.);
#835=VECTOR('',#2947,10.);
#836=VECTOR('',#2948,10.);
#837=VECTOR('',#2949,10.);
#838=VECTOR('',#2952,10.);
#839=VECTOR('',#2953,10.);
#840=VECTOR('',#2960,5.);
#841=VECTOR('',#2961,10.);
#842=VECTOR('',#2964,10.);
#843=VECTOR('',#2969,5.);
#844=VECTOR('',#2970,10.);
#845=VECTOR('',#2973,10.);
#846=VECTOR('',#2974,10.);
#847=VECTOR('',#2977,10.);
#848=VECTOR('',#2978,10.);
#849=VECTOR('',#2979,10.);
#850=VECTOR('',#2982,10.);
#851=VECTOR('',#2983,10.);
#852=VECTOR('',#2990,5.);
#853=VECTOR('',#2991,10.);
#854=VECTOR('',#2994,10.);
#855=VECTOR('',#2997,10.);
#856=VECTOR('',#2998,10.);
#857=VECTOR('',#3001,10.);
#858=VECTOR('',#3002,10.);
#859=VECTOR('',#3005,10.);
#860=VECTOR('',#3006,10.);
#861=VECTOR('',#3009,10.);
#862=VECTOR('',#3010,10.);
#863=VECTOR('',#3013,10.);
#864=VECTOR('',#3014,10.);
#865=VECTOR('',#3017,10.);
#866=VECTOR('',#3018,10.);
#867=VECTOR('',#3019,10.);
#868=VECTOR('',#3022,10.);
#869=VECTOR('',#3023,10.);
#870=VECTOR('',#3026,10.);
#871=VECTOR('',#3027,10.);
#872=VECTOR('',#3030,10.);
#873=VECTOR('',#3031,10.);
#874=VECTOR('',#3034,10.);
#875=VECTOR('',#3035,10.);
#876=VECTOR('',#3038,10.);
#877=VECTOR('',#3039,10.);
#878=VECTOR('',#3042,10.);
#879=VECTOR('',#3043,10.);
#880=VECTOR('',#3046,10.);
#881=VECTOR('',#3047,10.);
#882=VECTOR('',#3050,10.);
#883=VECTOR('',#3051,10.);
#884=VECTOR('',#3056,1.5);
#885=VECTOR('',#3067,1.49999999999999);
#886=VECTOR('',#3074,1.5);
#887=VECTOR('',#3079,10.);
#888=VECTOR('',#3080,10.);
#889=VECTOR('',#3087,1.5);
#890=VECTOR('',#3092,10.);
#891=VECTOR('',#3099,1.5);
#892=VECTOR('',#3108,1.49999999999999);
#893=VECTOR('',#3111,10.);
#894=VECTOR('',#3114,10.);
#895=VECTOR('',#3119,10.);
#896=VECTOR('',#3122,10.);
#897=VECTOR('',#3125,10.);
#898=VECTOR('',#3126,10.);
#899=VECTOR('',#3129,10.);
#900=VECTOR('',#3132,10.);
#901=VECTOR('',#3135,10.);
#902=VECTOR('',#3138,10.);
#903=VECTOR('',#3141,10.);
#904=VECTOR('',#3144,10.);
#905=VECTOR('',#3149,10.);
#906=VECTOR('',#3150,10.);
#907=VECTOR('',#3155,10.);
#908=VECTOR('',#3158,10.);
#909=VECTOR('',#3161,10.);
#910=VECTOR('',#3164,10.);
#911=VECTOR('',#3167,10.);
#912=VECTOR('',#3172,10.);
#913=VECTOR('',#3175,10.);
#914=VECTOR('',#3178,10.);
#915=VECTOR('',#3181,10.);
#916=VECTOR('',#3184,10.);
#917=VECTOR('',#3187,10.);
#918=VECTOR('',#3192,10.);
#919=VECTOR('',#3195,10.);
#920=VECTOR('',#3198,10.);
#921=VECTOR('',#3201,10.);
#922=VECTOR('',#3204,10.);
#923=VECTOR('',#3207,10.);
#924=VECTOR('',#3212,10.);
#925=VECTOR('',#3215,10.);
#926=VECTOR('',#3218,10.);
#927=VECTOR('',#3221,10.);
#928=VECTOR('',#3224,10.);
#929=VECTOR('',#3227,10.);
#930=VECTOR('',#3230,10.);
#931=VECTOR('',#3233,10.);
#932=VECTOR('',#3236,10.);
#933=VECTOR('',#3239,10.);
#934=VECTOR('',#3242,10.);
#935=VECTOR('',#3245,10.);
#936=VECTOR('',#3248,10.);
#937=VECTOR('',#3251,10.);
#938=VECTOR('',#3254,10.);
#939=VECTOR('',#3257,10.);
#940=VECTOR('',#3262,10.);
#941=VECTOR('',#3265,10.);
#942=VECTOR('',#3268,10.);
#943=VECTOR('',#3271,10.);
#944=VECTOR('',#3276,10.);
#945=VECTOR('',#3283,10.);
#946=VECTOR('',#3286,10.);
#947=VECTOR('',#3303,1.5);
#948=VECTOR('',#3310,1.49999999999999);
#949=VERTEX_POINT('',#3318);
#950=VERTEX_POINT('',#3319);
#951=VERTEX_POINT('',#3321);
#952=VERTEX_POINT('',#3323);
#953=VERTEX_POINT('',#3327);
#954=VERTEX_POINT('',#3328);
#955=VERTEX_POINT('',#3330);
#956=VERTEX_POINT('',#3332);
#957=VERTEX_POINT('',#3336);
#958=VERTEX_POINT('',#3337);
#959=VERTEX_POINT('',#3339);
#960=VERTEX_POINT('',#3341);
#961=VERTEX_POINT('',#3345);
#962=VERTEX_POINT('',#3346);
#963=VERTEX_POINT('',#3348);
#964=VERTEX_POINT('',#3350);
#965=VERTEX_POINT('',#3354);
#966=VERTEX_POINT('',#3355);
#967=VERTEX_POINT('',#3357);
#968=VERTEX_POINT('',#3359);
#969=VERTEX_POINT('',#3361);
#970=VERTEX_POINT('',#3363);
#971=VERTEX_POINT('',#3365);
#972=VERTEX_POINT('',#3367);
#973=VERTEX_POINT('',#3370);
#974=VERTEX_POINT('',#3372);
#975=VERTEX_POINT('',#3374);
#976=VERTEX_POINT('',#3376);
#977=VERTEX_POINT('',#3378);
#978=VERTEX_POINT('',#3380);
#979=VERTEX_POINT('',#3382);
#980=VERTEX_POINT('',#3384);
#981=VERTEX_POINT('',#3386);
#982=VERTEX_POINT('',#3388);
#983=VERTEX_POINT('',#3390);
#984=VERTEX_POINT('',#3392);
#985=VERTEX_POINT('',#3394);
#986=VERTEX_POINT('',#3396);
#987=VERTEX_POINT('',#3398);
#988=VERTEX_POINT('',#3400);
#989=VERTEX_POINT('',#3402);
#990=VERTEX_POINT('',#3404);
#991=VERTEX_POINT('',#3407);
#992=VERTEX_POINT('',#3409);
#993=VERTEX_POINT('',#3411);
#994=VERTEX_POINT('',#3413);
#995=VERTEX_POINT('',#3415);
#996=VERTEX_POINT('',#3417);
#997=VERTEX_POINT('',#3419);
#998=VERTEX_POINT('',#3421);
#999=VERTEX_POINT('',#3423);
#1000=VERTEX_POINT('',#3425);
#1001=VERTEX_POINT('',#3427);
#1002=VERTEX_POINT('',#3429);
#1003=VERTEX_POINT('',#3432);
#1004=VERTEX_POINT('',#3434);
#1005=VERTEX_POINT('',#3436);
#1006=VERTEX_POINT('',#3438);
#1007=VERTEX_POINT('',#3440);
#1008=VERTEX_POINT('',#3442);
#1009=VERTEX_POINT('',#3444);
#1010=VERTEX_POINT('',#3446);
#1011=VERTEX_POINT('',#3448);
#1012=VERTEX_POINT('',#3450);
#1013=VERTEX_POINT('',#3452);
#1014=VERTEX_POINT('',#3454);
#1015=VERTEX_POINT('',#3456);
#1016=VERTEX_POINT('',#3458);
#1017=VERTEX_POINT('',#3460);
#1018=VERTEX_POINT('',#3462);
#1019=VERTEX_POINT('',#3464);
#1020=VERTEX_POINT('',#3466);
#1021=VERTEX_POINT('',#3468);
#1022=VERTEX_POINT('',#3470);
#1023=VERTEX_POINT('',#3472);
#1024=VERTEX_POINT('',#3474);
#1025=VERTEX_POINT('',#3477);
#1026=VERTEX_POINT('',#3479);
#1027=VERTEX_POINT('',#3481);
#1028=VERTEX_POINT('',#3483);
#1029=VERTEX_POINT('',#3485);
#1030=VERTEX_POINT('',#3487);
#1031=VERTEX_POINT('',#3489);
#1032=VERTEX_POINT('',#3491);
#1033=VERTEX_POINT('',#3493);
#1034=VERTEX_POINT('',#3495);
#1035=VERTEX_POINT('',#3497);
#1036=VERTEX_POINT('',#3499);
#1037=VERTEX_POINT('',#3503);
#1038=VERTEX_POINT('',#3504);
#1039=VERTEX_POINT('',#3506);
#1040=VERTEX_POINT('',#3508);
#1041=VERTEX_POINT('',#3512);
#1042=VERTEX_POINT('',#3513);
#1043=VERTEX_POINT('',#3515);
#1044=VERTEX_POINT('',#3517);
#1045=VERTEX_POINT('',#3519);
#1046=VERTEX_POINT('',#3521);
#1047=VERTEX_POINT('',#3523);
#1048=VERTEX_POINT('',#3525);
#1049=VERTEX_POINT('',#3528);
#1050=VERTEX_POINT('',#3529);
#1051=VERTEX_POINT('',#3531);
#1052=VERTEX_POINT('',#3533);
#1053=VERTEX_POINT('',#3536);
#1054=VERTEX_POINT('',#3537);
#1055=VERTEX_POINT('',#3539);
#1056=VERTEX_POINT('',#3541);
#1057=VERTEX_POINT('',#3544);
#1058=VERTEX_POINT('',#3545);
#1059=VERTEX_POINT('',#3547);
#1060=VERTEX_POINT('',#3549);
#1061=VERTEX_POINT('',#3552);
#1062=VERTEX_POINT('',#3553);
#1063=VERTEX_POINT('',#3555);
#1064=VERTEX_POINT('',#3557);
#1065=VERTEX_POINT('',#3560);
#1066=VERTEX_POINT('',#3562);
#1067=VERTEX_POINT('',#3564);
#1068=VERTEX_POINT('',#3567);
#1069=VERTEX_POINT('',#3569);
#1070=VERTEX_POINT('',#3571);
#1071=VERTEX_POINT('',#3573);
#1072=VERTEX_POINT('',#3575);
#1073=VERTEX_POINT('',#3577);
#1074=VERTEX_POINT('',#3579);
#1075=VERTEX_POINT('',#3582);
#1076=VERTEX_POINT('',#3584);
#1077=VERTEX_POINT('',#3586);
#1078=VERTEX_POINT('',#3588);
#1079=VERTEX_POINT('',#3590);
#1080=VERTEX_POINT('',#3592);
#1081=VERTEX_POINT('',#3594);
#1082=VERTEX_POINT('',#3596);
#1083=VERTEX_POINT('',#3598);
#1084=VERTEX_POINT('',#3600);
#1085=VERTEX_POINT('',#3602);
#1086=VERTEX_POINT('',#3604);
#1087=VERTEX_POINT('',#3606);
#1088=VERTEX_POINT('',#3608);
#1089=VERTEX_POINT('',#3610);
#1090=VERTEX_POINT('',#3612);
#1091=VERTEX_POINT('',#3614);
#1092=VERTEX_POINT('',#3616);
#1093=VERTEX_POINT('',#3618);
#1094=VERTEX_POINT('',#3620);
#1095=VERTEX_POINT('',#3622);
#1096=VERTEX_POINT('',#3624);
#1097=VERTEX_POINT('',#3627);
#1098=VERTEX_POINT('',#3629);
#1099=VERTEX_POINT('',#3631);
#1100=VERTEX_POINT('',#3633);
#1101=VERTEX_POINT('',#3635);
#1102=VERTEX_POINT('',#3637);
#1103=VERTEX_POINT('',#3639);
#1104=VERTEX_POINT('',#3641);
#1105=VERTEX_POINT('',#3643);
#1106=VERTEX_POINT('',#3645);
#1107=VERTEX_POINT('',#3647);
#1108=VERTEX_POINT('',#3649);
#1109=VERTEX_POINT('',#3652);
#1110=VERTEX_POINT('',#3654);
#1111=VERTEX_POINT('',#3656);
#1112=VERTEX_POINT('',#3658);
#1113=VERTEX_POINT('',#3660);
#1114=VERTEX_POINT('',#3662);
#1115=VERTEX_POINT('',#3664);
#1116=VERTEX_POINT('',#3666);
#1117=VERTEX_POINT('',#3668);
#1118=VERTEX_POINT('',#3670);
#1119=VERTEX_POINT('',#3672);
#1120=VERTEX_POINT('',#3674);
#1121=VERTEX_POINT('',#3676);
#1122=VERTEX_POINT('',#3678);
#1123=VERTEX_POINT('',#3680);
#1124=VERTEX_POINT('',#3682);
#1125=VERTEX_POINT('',#3684);
#1126=VERTEX_POINT('',#3686);
#1127=VERTEX_POINT('',#3690);
#1128=VERTEX_POINT('',#3692);
#1129=VERTEX_POINT('',#3696);
#1130=VERTEX_POINT('',#3700);
#1131=VERTEX_POINT('',#3701);
#1132=VERTEX_POINT('',#3706);
#1133=VERTEX_POINT('',#3710);
#1134=VERTEX_POINT('',#3712);
#1135=VERTEX_POINT('',#3714);
#1136=VERTEX_POINT('',#3716);
#1137=VERTEX_POINT('',#3718);
#1138=VERTEX_POINT('',#3721);
#1139=VERTEX_POINT('',#3723);
#1140=VERTEX_POINT('',#3731);
#1141=VERTEX_POINT('',#3732);
#1142=VERTEX_POINT('',#3737);
#1143=VERTEX_POINT('',#3741);
#1144=VERTEX_POINT('',#3743);
#1145=VERTEX_POINT('',#3745);
#1146=VERTEX_POINT('',#3747);
#1147=VERTEX_POINT('',#3749);
#1148=VERTEX_POINT('',#3752);
#1149=VERTEX_POINT('',#3754);
#1150=VERTEX_POINT('',#3762);
#1151=VERTEX_POINT('',#3763);
#1152=VERTEX_POINT('',#3768);
#1153=VERTEX_POINT('',#3772);
#1154=VERTEX_POINT('',#3774);
#1155=VERTEX_POINT('',#3776);
#1156=VERTEX_POINT('',#3778);
#1157=VERTEX_POINT('',#3780);
#1158=VERTEX_POINT('',#3783);
#1159=VERTEX_POINT('',#3785);
#1160=VERTEX_POINT('',#3808);
#1161=VERTEX_POINT('',#3809);
#1162=VERTEX_POINT('',#3835);
#1163=VERTEX_POINT('',#3839);
#1164=VERTEX_POINT('',#3845);
#1165=VERTEX_POINT('',#3850);
#1166=VERTEX_POINT('',#3853);
#1167=VERTEX_POINT('',#3861);
#1168=VERTEX_POINT('',#3869);
#1169=VERTEX_POINT('',#3874);
#1170=VERTEX_POINT('',#3882);
#1171=VERTEX_POINT('',#4002);
#1172=VERTEX_POINT('',#4007);
#1173=EDGE_CURVE('',#949,#950,#413,.T.);
#1174=EDGE_CURVE('',#951,#949,#414,.T.);
#1175=EDGE_CURVE('',#952,#951,#415,.T.);
#1176=EDGE_CURVE('',#952,#950,#416,.T.);
#1177=EDGE_CURVE('',#953,#954,#417,.T.);
#1178=EDGE_CURVE('',#955,#953,#418,.T.);
#1179=EDGE_CURVE('',#956,#955,#419,.T.);
#1180=EDGE_CURVE('',#956,#954,#420,.T.);
#1181=EDGE_CURVE('',#957,#958,#421,.T.);
#1182=EDGE_CURVE('',#959,#957,#422,.T.);
#1183=EDGE_CURVE('',#960,#959,#423,.T.);
#1184=EDGE_CURVE('',#960,#958,#424,.T.);
#1185=EDGE_CURVE('',#961,#962,#425,.T.);
#1186=EDGE_CURVE('',#963,#961,#426,.T.);
#1187=EDGE_CURVE('',#964,#963,#427,.T.);
#1188=EDGE_CURVE('',#964,#962,#428,.T.);
#1189=EDGE_CURVE('',#965,#966,#429,.T.);
#1190=EDGE_CURVE('',#967,#966,#71,.T.);
#1191=EDGE_CURVE('',#967,#968,#430,.T.);
#1192=EDGE_CURVE('',#969,#968,#72,.T.);
#1193=EDGE_CURVE('',#969,#970,#431,.T.);
#1194=EDGE_CURVE('',#971,#970,#73,.T.);
#1195=EDGE_CURVE('',#971,#972,#432,.T.);
#1196=EDGE_CURVE('',#965,#972,#74,.T.);
#1197=EDGE_CURVE('',#951,#973,#75,.T.);
#1198=EDGE_CURVE('',#973,#974,#433,.T.);
#1199=EDGE_CURVE('',#974,#975,#76,.T.);
#1200=EDGE_CURVE('',#976,#975,#434,.T.);
#1201=EDGE_CURVE('',#977,#976,#77,.T.);
#1202=EDGE_CURVE('',#977,#978,#435,.T.);
#1203=EDGE_CURVE('',#979,#978,#436,.T.);
#1204=EDGE_CURVE('',#979,#980,#437,.T.);
#1205=EDGE_CURVE('',#981,#980,#438,.T.);
#1206=EDGE_CURVE('',#981,#982,#439,.T.);
#1207=EDGE_CURVE('',#982,#983,#440,.T.);
#1208=EDGE_CURVE('',#983,#984,#441,.T.);
#1209=EDGE_CURVE('',#984,#985,#442,.T.);
#1210=EDGE_CURVE('',#985,#986,#443,.T.);
#1211=EDGE_CURVE('',#987,#986,#78,.T.);
#1212=EDGE_CURVE('',#987,#988,#444,.T.);
#1213=EDGE_CURVE('',#988,#989,#79,.T.);
#1214=EDGE_CURVE('',#989,#990,#445,.T.);
#1215=EDGE_CURVE('',#990,#964,#80,.T.);
#1216=EDGE_CURVE('',#991,#963,#446,.T.);
#1217=EDGE_CURVE('',#992,#991,#81,.T.);
#1218=EDGE_CURVE('',#992,#993,#447,.T.);
#1219=EDGE_CURVE('',#994,#993,#448,.T.);
#1220=EDGE_CURVE('',#994,#995,#449,.T.);
#1221=EDGE_CURVE('',#996,#995,#450,.T.);
#1222=EDGE_CURVE('',#996,#997,#451,.T.);
#1223=EDGE_CURVE('',#998,#997,#452,.T.);
#1224=EDGE_CURVE('',#998,#999,#453,.T.);
#1225=EDGE_CURVE('',#1000,#999,#454,.T.);
#1226=EDGE_CURVE('',#1000,#1001,#455,.T.);
#1227=EDGE_CURVE('',#1002,#1001,#82,.T.);
#1228=EDGE_CURVE('',#956,#1002,#456,.T.);
#1229=EDGE_CURVE('',#955,#1003,#83,.T.);
#1230=EDGE_CURVE('',#1003,#1004,#457,.T.);
#1231=EDGE_CURVE('',#1004,#1005,#84,.T.);
#1232=EDGE_CURVE('',#1005,#1006,#458,.T.);
#1233=EDGE_CURVE('',#1006,#1007,#85,.T.);
#1234=EDGE_CURVE('',#1007,#1008,#459,.T.);
#1235=EDGE_CURVE('',#1009,#1008,#86,.T.);
#1236=EDGE_CURVE('',#1009,#1010,#460,.T.);
#1237=EDGE_CURVE('',#1010,#1011,#461,.T.);
#1238=EDGE_CURVE('',#1011,#1012,#462,.T.);
#1239=EDGE_CURVE('',#1012,#1013,#463,.T.);
#1240=EDGE_CURVE('',#1013,#1014,#464,.T.);
#1241=EDGE_CURVE('',#1014,#1015,#465,.T.);
#1242=EDGE_CURVE('',#1015,#1016,#466,.T.);
#1243=EDGE_CURVE('',#1016,#1017,#467,.T.);
#1244=EDGE_CURVE('',#1017,#1018,#468,.T.);
#1245=EDGE_CURVE('',#1019,#1018,#87,.T.);
#1246=EDGE_CURVE('',#1020,#1019,#469,.T.);
#1247=EDGE_CURVE('',#1020,#1021,#88,.T.);
#1248=EDGE_CURVE('',#1021,#1022,#470,.T.);
#1249=EDGE_CURVE('',#1022,#1023,#89,.T.);
#1250=EDGE_CURVE('',#1023,#1024,#471,.T.);
#1251=EDGE_CURVE('',#1024,#960,#90,.T.);
#1252=EDGE_CURVE('',#1025,#959,#472,.T.);
#1253=EDGE_CURVE('',#1026,#1025,#91,.T.);
#1254=EDGE_CURVE('',#1026,#1027,#473,.T.);
#1255=EDGE_CURVE('',#1027,#1028,#474,.T.);
#1256=EDGE_CURVE('',#1028,#1029,#475,.T.);
#1257=EDGE_CURVE('',#1029,#1030,#476,.T.);
#1258=EDGE_CURVE('',#1030,#1031,#477,.T.);
#1259=EDGE_CURVE('',#1031,#1032,#478,.T.);
#1260=EDGE_CURVE('',#1032,#1033,#479,.T.);
#1261=EDGE_CURVE('',#1033,#1034,#480,.T.);
#1262=EDGE_CURVE('',#1034,#1035,#481,.T.);
#1263=EDGE_CURVE('',#1036,#1035,#92,.T.);
#1264=EDGE_CURVE('',#952,#1036,#482,.T.);
#1265=EDGE_CURVE('',#1037,#1038,#93,.T.);
#1266=EDGE_CURVE('',#1038,#1039,#483,.T.);
#1267=EDGE_CURVE('',#1039,#1040,#94,.T.);
#1268=EDGE_CURVE('',#1037,#1040,#484,.T.);
#1269=EDGE_CURVE('',#1041,#1042,#485,.T.);
#1270=EDGE_CURVE('',#1042,#1043,#95,.T.);
#1271=EDGE_CURVE('',#1043,#1044,#486,.T.);
#1272=EDGE_CURVE('',#1044,#1045,#96,.T.);
#1273=EDGE_CURVE('',#1045,#1046,#487,.T.);
#1274=EDGE_CURVE('',#1046,#1047,#97,.T.);
#1275=EDGE_CURVE('',#1047,#1048,#488,.T.);
#1276=EDGE_CURVE('',#1048,#1041,#98,.T.);
#1277=EDGE_CURVE('',#1049,#1050,#489,.T.);
#1278=EDGE_CURVE('',#1050,#1051,#490,.T.);
#1279=EDGE_CURVE('',#1051,#1052,#491,.T.);
#1280=EDGE_CURVE('',#1052,#1049,#492,.T.);
#1281=EDGE_CURVE('',#1053,#1054,#493,.T.);
#1282=EDGE_CURVE('',#1054,#1055,#494,.T.);
#1283=EDGE_CURVE('',#1055,#1056,#495,.T.);
#1284=EDGE_CURVE('',#1056,#1053,#496,.T.);
#1285=EDGE_CURVE('',#1057,#1058,#497,.T.);
#1286=EDGE_CURVE('',#1058,#1059,#498,.T.);
#1287=EDGE_CURVE('',#1059,#1060,#499,.T.);
#1288=EDGE_CURVE('',#1060,#1057,#500,.T.);
#1289=EDGE_CURVE('',#1061,#1062,#501,.T.);
#1290=EDGE_CURVE('',#1062,#1063,#502,.T.);
#1291=EDGE_CURVE('',#1063,#1064,#503,.T.);
#1292=EDGE_CURVE('',#1064,#1061,#504,.T.);
#1293=EDGE_CURVE('',#950,#1065,#505,.T.);
#1294=EDGE_CURVE('',#1065,#1066,#99,.T.);
#1295=EDGE_CURVE('',#1066,#1067,#506,.T.);
#1296=EDGE_CURVE('',#1067,#1040,#507,.T.);
#1297=EDGE_CURVE('',#1039,#1068,#508,.T.);
#1298=EDGE_CURVE('',#1068,#1069,#509,.T.);
#1299=EDGE_CURVE('',#1069,#1070,#510,.T.);
#1300=EDGE_CURVE('',#1071,#1070,#100,.T.);
#1301=EDGE_CURVE('',#1071,#1072,#511,.T.);
#1302=EDGE_CURVE('',#1072,#1073,#512,.T.);
#1303=EDGE_CURVE('',#1073,#1074,#101,.T.);
#1304=EDGE_CURVE('',#1074,#957,#513,.T.);
#1305=EDGE_CURVE('',#958,#1075,#102,.T.);
#1306=EDGE_CURVE('',#1075,#1076,#514,.T.);
#1307=EDGE_CURVE('',#1076,#1077,#103,.T.);
#1308=EDGE_CURVE('',#1077,#1078,#515,.T.);
#1309=EDGE_CURVE('',#1078,#1079,#104,.T.);
#1310=EDGE_CURVE('',#1079,#1080,#516,.T.);
#1311=EDGE_CURVE('',#1080,#1081,#105,.T.);
#1312=EDGE_CURVE('',#1081,#1082,#517,.T.);
#1313=EDGE_CURVE('',#1082,#1083,#518,.T.);
#1314=EDGE_CURVE('',#1084,#1083,#106,.T.);
#1315=EDGE_CURVE('',#1084,#1085,#519,.T.);
#1316=EDGE_CURVE('',#1085,#1086,#520,.T.);
#1317=EDGE_CURVE('',#1086,#1087,#521,.T.);
#1318=EDGE_CURVE('',#1088,#1087,#107,.T.);
#1319=EDGE_CURVE('',#1088,#1089,#522,.T.);
#1320=EDGE_CURVE('',#1089,#1090,#523,.T.);
#1321=EDGE_CURVE('',#1090,#1091,#108,.T.);
#1322=EDGE_CURVE('',#1091,#1092,#524,.T.);
#1323=EDGE_CURVE('',#1092,#1093,#109,.T.);
#1324=EDGE_CURVE('',#1093,#1094,#525,.T.);
#1325=EDGE_CURVE('',#1094,#1095,#110,.T.);
#1326=EDGE_CURVE('',#1095,#1096,#526,.T.);
#1327=EDGE_CURVE('',#1096,#953,#111,.T.);
#1328=EDGE_CURVE('',#954,#1097,#527,.T.);
#1329=EDGE_CURVE('',#1097,#1098,#112,.T.);
#1330=EDGE_CURVE('',#1098,#1099,#528,.T.);
#1331=EDGE_CURVE('',#1099,#1100,#529,.T.);
#1332=EDGE_CURVE('',#1101,#1100,#113,.T.);
#1333=EDGE_CURVE('',#1101,#1102,#530,.T.);
#1334=EDGE_CURVE('',#1102,#1103,#531,.T.);
#1335=EDGE_CURVE('',#1103,#1104,#532,.T.);
#1336=EDGE_CURVE('',#1105,#1104,#114,.T.);
#1337=EDGE_CURVE('',#1105,#1106,#533,.T.);
#1338=EDGE_CURVE('',#1106,#1107,#534,.T.);
#1339=EDGE_CURVE('',#1107,#1108,#115,.T.);
#1340=EDGE_CURVE('',#1108,#961,#535,.T.);
#1341=EDGE_CURVE('',#962,#1109,#116,.T.);
#1342=EDGE_CURVE('',#1109,#1110,#536,.T.);
#1343=EDGE_CURVE('',#1110,#1111,#117,.T.);
#1344=EDGE_CURVE('',#1111,#1112,#537,.T.);
#1345=EDGE_CURVE('',#1112,#1113,#118,.T.);
#1346=EDGE_CURVE('',#1113,#1114,#538,.T.);
#1347=EDGE_CURVE('',#1114,#1115,#539,.T.);
#1348=EDGE_CURVE('',#1116,#1115,#119,.T.);
#1349=EDGE_CURVE('',#1116,#1117,#540,.T.);
#1350=EDGE_CURVE('',#1117,#1118,#541,.T.);
#1351=EDGE_CURVE('',#1118,#1119,#542,.T.);
#1352=EDGE_CURVE('',#1120,#1119,#120,.T.);
#1353=EDGE_CURVE('',#1120,#1121,#543,.T.);
#1354=EDGE_CURVE('',#1121,#1122,#544,.T.);
#1355=EDGE_CURVE('',#1122,#1123,#121,.T.);
#1356=EDGE_CURVE('',#1123,#1124,#545,.T.);
#1357=EDGE_CURVE('',#1124,#1125,#122,.T.);
#1358=EDGE_CURVE('',#1125,#1126,#546,.T.);
#1359=EDGE_CURVE('',#1126,#949,#123,.T.);
#1360=EDGE_CURVE('',#1070,#1127,#547,.T.);
#1361=EDGE_CURVE('',#1127,#1128,#124,.T.);
#1362=EDGE_CURVE('',#1071,#1128,#548,.T.);
#1363=EDGE_CURVE('',#1129,#1069,#549,.T.);
#1364=EDGE_CURVE('',#1129,#1127,#550,.T.);
#1365=EDGE_CURVE('',#1130,#1131,#125,.T.);
#1366=EDGE_CURVE('',#1131,#1084,#551,.T.);
#1367=EDGE_CURVE('',#1130,#1083,#552,.T.);
#1368=EDGE_CURVE('',#1132,#1131,#553,.T.);
#1369=EDGE_CURVE('',#1132,#1085,#554,.T.);
#1370=EDGE_CURVE('',#1133,#1130,#555,.T.);
#1371=EDGE_CURVE('',#1134,#1133,#556,.T.);
#1372=EDGE_CURVE('',#1135,#1134,#557,.T.);
#1373=EDGE_CURVE('',#1136,#1135,#126,.T.);
#1374=EDGE_CURVE('',#1137,#1136,#558,.T.);
#1375=EDGE_CURVE('',#1132,#1137,#559,.T.);
#1376=EDGE_CURVE('',#1138,#1138,#127,.T.);
#1377=EDGE_CURVE('',#1139,#1139,#128,.T.);
#1378=EDGE_CURVE('',#1087,#1136,#560,.T.);
#1379=EDGE_CURVE('',#1088,#1135,#561,.T.);
#1380=EDGE_CURVE('',#1137,#1086,#562,.T.);
#1381=EDGE_CURVE('',#1140,#1141,#129,.T.);
#1382=EDGE_CURVE('',#1141,#1101,#563,.T.);
#1383=EDGE_CURVE('',#1140,#1100,#564,.T.);
#1384=EDGE_CURVE('',#1142,#1141,#565,.T.);
#1385=EDGE_CURVE('',#1142,#1102,#566,.T.);
#1386=EDGE_CURVE('',#1143,#1140,#567,.T.);
#1387=EDGE_CURVE('',#1143,#1144,#568,.T.);
#1388=EDGE_CURVE('',#1145,#1144,#569,.T.);
#1389=EDGE_CURVE('',#1146,#1145,#130,.T.);
#1390=EDGE_CURVE('',#1146,#1147,#570,.T.);
#1391=EDGE_CURVE('',#1142,#1147,#571,.T.);
#1392=EDGE_CURVE('',#1148,#1148,#131,.T.);
#1393=EDGE_CURVE('',#1149,#1149,#132,.T.);
#1394=EDGE_CURVE('',#1104,#1146,#572,.T.);
#1395=EDGE_CURVE('',#1105,#1145,#573,.T.);
#1396=EDGE_CURVE('',#1147,#1103,#574,.T.);
#1397=EDGE_CURVE('',#1150,#1151,#133,.T.);
#1398=EDGE_CURVE('',#1151,#1116,#575,.T.);
#1399=EDGE_CURVE('',#1150,#1115,#576,.T.);
#1400=EDGE_CURVE('',#1152,#1151,#577,.T.);
#1401=EDGE_CURVE('',#1152,#1117,#578,.T.);
#1402=EDGE_CURVE('',#1153,#1150,#579,.T.);
#1403=EDGE_CURVE('',#1153,#1154,#580,.T.);
#1404=EDGE_CURVE('',#1155,#1154,#581,.T.);
#1405=EDGE_CURVE('',#1156,#1155,#134,.T.);
#1406=EDGE_CURVE('',#1156,#1157,#582,.T.);
#1407=EDGE_CURVE('',#1157,#1152,#583,.T.);
#1408=EDGE_CURVE('',#1158,#1158,#135,.T.);
#1409=EDGE_CURVE('',#1159,#1159,#136,.T.);
#1410=EDGE_CURVE('',#1119,#1156,#584,.T.);
#1411=EDGE_CURVE('',#1120,#1155,#585,.T.);
#1412=EDGE_CURVE('',#1157,#1118,#586,.T.);
#1413=EDGE_CURVE('',#1135,#1011,#587,.T.);
#1414=EDGE_CURVE('',#1010,#1089,#588,.T.);
#1415=EDGE_CURVE('',#1128,#1028,#589,.T.);
#1416=EDGE_CURVE('',#1027,#1072,#590,.T.);
#1417=EDGE_CURVE('',#1155,#979,#591,.T.);
#1418=EDGE_CURVE('',#978,#1121,#592,.T.);
#1419=EDGE_CURVE('',#1050,#1153,#593,.T.);
#1420=EDGE_CURVE('',#1154,#1049,#594,.T.);
#1421=EDGE_CURVE('',#1153,#983,#595,.T.);
#1422=EDGE_CURVE('',#982,#1051,#596,.T.);
#1423=EDGE_CURVE('',#1160,#1161,#597,.T.);
#1424=EDGE_CURVE('',#1061,#1161,#598,.T.);
#1425=EDGE_CURVE('',#1160,#1064,#599,.T.);
#1426=EDGE_CURVE('',#1161,#1032,#600,.T.);
#1427=EDGE_CURVE('',#1031,#1062,#601,.T.);
#1428=EDGE_CURVE('',#985,#1114,#602,.T.);
#1429=EDGE_CURVE('',#984,#1150,#603,.T.);
#1430=EDGE_CURVE('',#1145,#994,#604,.T.);
#1431=EDGE_CURVE('',#993,#1106,#605,.T.);
#1432=EDGE_CURVE('',#1057,#1143,#606,.T.);
#1433=EDGE_CURVE('',#1144,#1060,#607,.T.);
#1434=EDGE_CURVE('',#1143,#998,#608,.T.);
#1435=EDGE_CURVE('',#997,#1058,#609,.T.);
#1436=EDGE_CURVE('',#1053,#1133,#610,.T.);
#1437=EDGE_CURVE('',#1134,#1056,#611,.T.);
#1438=EDGE_CURVE('',#1133,#1015,#612,.T.);
#1439=EDGE_CURVE('',#1014,#1054,#613,.T.);
#1440=EDGE_CURVE('',#1038,#1162,#614,.T.);
#1441=EDGE_CURVE('',#1162,#1068,#615,.T.);
#1442=EDGE_CURVE('',#1163,#1163,#137,.T.);
#1443=EDGE_CURVE('',#1163,#1158,#616,.T.);
#1444=EDGE_CURVE('',#1164,#1164,#138,.T.);
#1445=EDGE_CURVE('',#1164,#1149,#617,.T.);
#1446=EDGE_CURVE('',#1165,#1165,#139,.T.);
#1447=EDGE_CURVE('',#1165,#1166,#618,.T.);
#1448=EDGE_CURVE('',#1166,#1166,#140,.T.);
#1449=EDGE_CURVE('',#1128,#1160,#619,.T.);
#1450=EDGE_CURVE('',#1029,#1160,#620,.T.);
#1451=EDGE_CURVE('',#1167,#1167,#141,.T.);
#1452=EDGE_CURVE('',#1167,#1139,#621,.T.);
#1453=EDGE_CURVE('',#1016,#1130,#622,.T.);
#1454=EDGE_CURVE('',#1168,#1168,#142,.T.);
#1455=EDGE_CURVE('',#1168,#1159,#623,.T.);
#1456=EDGE_CURVE('',#1169,#1169,#143,.T.);
#1457=EDGE_CURVE('',#1169,#1148,#624,.T.);
#1458=EDGE_CURVE('',#1162,#1129,#625,.T.);
#1459=EDGE_CURVE('',#1161,#1037,#626,.T.);
#1460=EDGE_CURVE('',#1170,#1170,#144,.T.);
#1461=EDGE_CURVE('',#1033,#1037,#627,.T.);
#1462=EDGE_CURVE('',#1012,#1134,#628,.T.);
#1463=EDGE_CURVE('',#965,#1042,#629,.T.);
#1464=EDGE_CURVE('',#966,#1041,#630,.T.);
#1465=EDGE_CURVE('',#972,#1043,#631,.T.);
#1466=EDGE_CURVE('',#971,#1044,#632,.T.);
#1467=EDGE_CURVE('',#970,#1045,#633,.T.);
#1468=EDGE_CURVE('',#969,#1046,#634,.T.);
#1469=EDGE_CURVE('',#968,#1047,#635,.T.);
#1470=EDGE_CURVE('',#967,#1048,#636,.T.);
#1471=EDGE_CURVE('',#991,#1108,#637,.T.);
#1472=EDGE_CURVE('',#992,#1107,#638,.T.);
#1473=EDGE_CURVE('',#990,#1109,#639,.T.);
#1474=EDGE_CURVE('',#989,#1110,#640,.T.);
#1475=EDGE_CURVE('',#988,#1111,#641,.T.);
#1476=EDGE_CURVE('',#987,#1112,#642,.T.);
#1477=EDGE_CURVE('',#986,#1113,#643,.T.);
#1478=EDGE_CURVE('',#981,#1052,#644,.T.);
#1479=EDGE_CURVE('',#977,#1122,#645,.T.);
#1480=EDGE_CURVE('',#976,#1123,#646,.T.);
#1481=EDGE_CURVE('',#975,#1124,#647,.T.);
#1482=EDGE_CURVE('',#974,#1125,#648,.T.);
#1483=EDGE_CURVE('',#973,#1126,#649,.T.);
#1484=EDGE_CURVE('',#1036,#1065,#650,.T.);
#1485=EDGE_CURVE('',#1035,#1066,#651,.T.);
#1486=EDGE_CURVE('',#1034,#1067,#652,.T.);
#1487=EDGE_CURVE('',#1030,#1063,#653,.T.);
#1488=EDGE_CURVE('',#1026,#1073,#654,.T.);
#1489=EDGE_CURVE('',#1025,#1074,#655,.T.);
#1490=EDGE_CURVE('',#1024,#1075,#656,.T.);
#1491=EDGE_CURVE('',#1023,#1076,#657,.T.);
#1492=EDGE_CURVE('',#1022,#1077,#658,.T.);
#1493=EDGE_CURVE('',#1021,#1078,#659,.T.);
#1494=EDGE_CURVE('',#1020,#1079,#660,.T.);
#1495=EDGE_CURVE('',#1019,#1080,#661,.T.);
#1496=EDGE_CURVE('',#1018,#1081,#662,.T.);
#1497=EDGE_CURVE('',#1017,#1082,#663,.T.);
#1498=EDGE_CURVE('',#1013,#1055,#664,.T.);
#1499=EDGE_CURVE('',#1009,#1090,#665,.T.);
#1500=EDGE_CURVE('',#1008,#1091,#666,.T.);
#1501=EDGE_CURVE('',#1007,#1092,#667,.T.);
#1502=EDGE_CURVE('',#1006,#1093,#668,.T.);
#1503=EDGE_CURVE('',#1005,#1094,#669,.T.);
#1504=EDGE_CURVE('',#1004,#1095,#670,.T.);
#1505=EDGE_CURVE('',#1003,#1096,#671,.T.);
#1506=EDGE_CURVE('',#1002,#1097,#672,.T.);
#1507=EDGE_CURVE('',#1001,#1098,#673,.T.);
#1508=EDGE_CURVE('',#1000,#1099,#674,.T.);
#1509=EDGE_CURVE('',#996,#1059,#675,.T.);
#1510=EDGE_CURVE('',#995,#1144,#676,.T.);
#1511=EDGE_CURVE('',#980,#1154,#677,.T.);
#1512=EDGE_CURVE('',#999,#1140,#678,.T.);
#1513=EDGE_CURVE('',#1171,#1171,#145,.T.);
#1514=EDGE_CURVE('',#1171,#1138,#679,.T.);
#1515=EDGE_CURVE('',#1172,#1172,#146,.T.);
#1516=EDGE_CURVE('',#1172,#1170,#680,.T.);
#1517=ORIENTED_EDGE('',*,*,#1173,.F.);
#1518=ORIENTED_EDGE('',*,*,#1174,.F.);
#1519=ORIENTED_EDGE('',*,*,#1175,.F.);
#1520=ORIENTED_EDGE('',*,*,#1176,.T.);
#1521=ORIENTED_EDGE('',*,*,#1177,.F.);
#1522=ORIENTED_EDGE('',*,*,#1178,.F.);
#1523=ORIENTED_EDGE('',*,*,#1179,.F.);
#1524=ORIENTED_EDGE('',*,*,#1180,.T.);
#1525=ORIENTED_EDGE('',*,*,#1181,.F.);
#1526=ORIENTED_EDGE('',*,*,#1182,.F.);
#1527=ORIENTED_EDGE('',*,*,#1183,.F.);
#1528=ORIENTED_EDGE('',*,*,#1184,.T.);
#1529=ORIENTED_EDGE('',*,*,#1185,.F.);
#1530=ORIENTED_EDGE('',*,*,#1186,.F.);
#1531=ORIENTED_EDGE('',*,*,#1187,.F.);
#1532=ORIENTED_EDGE('',*,*,#1188,.T.);
#1533=ORIENTED_EDGE('',*,*,#1189,.T.);
#1534=ORIENTED_EDGE('',*,*,#1190,.F.);
#1535=ORIENTED_EDGE('',*,*,#1191,.T.);
#1536=ORIENTED_EDGE('',*,*,#1192,.F.);
#1537=ORIENTED_EDGE('',*,*,#1193,.T.);
#1538=ORIENTED_EDGE('',*,*,#1194,.F.);
#1539=ORIENTED_EDGE('',*,*,#1195,.T.);
#1540=ORIENTED_EDGE('',*,*,#1196,.F.);
#1541=ORIENTED_EDGE('',*,*,#1175,.T.);
#1542=ORIENTED_EDGE('',*,*,#1197,.T.);
#1543=ORIENTED_EDGE('',*,*,#1198,.T.);
#1544=ORIENTED_EDGE('',*,*,#1199,.T.);
#1545=ORIENTED_EDGE('',*,*,#1200,.F.);
#1546=ORIENTED_EDGE('',*,*,#1201,.F.);
#1547=ORIENTED_EDGE('',*,*,#1202,.T.);
#1548=ORIENTED_EDGE('',*,*,#1203,.F.);
#1549=ORIENTED_EDGE('',*,*,#1204,.T.);
#1550=ORIENTED_EDGE('',*,*,#1205,.F.);
#1551=ORIENTED_EDGE('',*,*,#1206,.T.);
#1552=ORIENTED_EDGE('',*,*,#1207,.T.);
#1553=ORIENTED_EDGE('',*,*,#1208,.T.);
#1554=ORIENTED_EDGE('',*,*,#1209,.T.);
#1555=ORIENTED_EDGE('',*,*,#1210,.T.);
#1556=ORIENTED_EDGE('',*,*,#1211,.F.);
#1557=ORIENTED_EDGE('',*,*,#1212,.T.);
#1558=ORIENTED_EDGE('',*,*,#1213,.T.);
#1559=ORIENTED_EDGE('',*,*,#1214,.T.);
#1560=ORIENTED_EDGE('',*,*,#1215,.T.);
#1561=ORIENTED_EDGE('',*,*,#1187,.T.);
#1562=ORIENTED_EDGE('',*,*,#1216,.F.);
#1563=ORIENTED_EDGE('',*,*,#1217,.F.);
#1564=ORIENTED_EDGE('',*,*,#1218,.T.);
#1565=ORIENTED_EDGE('',*,*,#1219,.F.);
#1566=ORIENTED_EDGE('',*,*,#1220,.T.);
#1567=ORIENTED_EDGE('',*,*,#1221,.F.);
#1568=ORIENTED_EDGE('',*,*,#1222,.T.);
#1569=ORIENTED_EDGE('',*,*,#1223,.F.);
#1570=ORIENTED_EDGE('',*,*,#1224,.T.);
#1571=ORIENTED_EDGE('',*,*,#1225,.F.);
#1572=ORIENTED_EDGE('',*,*,#1226,.T.);
#1573=ORIENTED_EDGE('',*,*,#1227,.F.);
#1574=ORIENTED_EDGE('',*,*,#1228,.F.);
#1575=ORIENTED_EDGE('',*,*,#1179,.T.);
#1576=ORIENTED_EDGE('',*,*,#1229,.T.);
#1577=ORIENTED_EDGE('',*,*,#1230,.T.);
#1578=ORIENTED_EDGE('',*,*,#1231,.T.);
#1579=ORIENTED_EDGE('',*,*,#1232,.T.);
#1580=ORIENTED_EDGE('',*,*,#1233,.T.);
#1581=ORIENTED_EDGE('',*,*,#1234,.T.);
#1582=ORIENTED_EDGE('',*,*,#1235,.F.);
#1583=ORIENTED_EDGE('',*,*,#1236,.T.);
#1584=ORIENTED_EDGE('',*,*,#1237,.T.);
#1585=ORIENTED_EDGE('',*,*,#1238,.T.);
#1586=ORIENTED_EDGE('',*,*,#1239,.T.);
#1587=ORIENTED_EDGE('',*,*,#1240,.T.);
#1588=ORIENTED_EDGE('',*,*,#1241,.T.);
#1589=ORIENTED_EDGE('',*,*,#1242,.T.);
#1590=ORIENTED_EDGE('',*,*,#1243,.T.);
#1591=ORIENTED_EDGE('',*,*,#1244,.T.);
#1592=ORIENTED_EDGE('',*,*,#1245,.F.);
#1593=ORIENTED_EDGE('',*,*,#1246,.F.);
#1594=ORIENTED_EDGE('',*,*,#1247,.T.);
#1595=ORIENTED_EDGE('',*,*,#1248,.T.);
#1596=ORIENTED_EDGE('',*,*,#1249,.T.);
#1597=ORIENTED_EDGE('',*,*,#1250,.T.);
#1598=ORIENTED_EDGE('',*,*,#1251,.T.);
#1599=ORIENTED_EDGE('',*,*,#1183,.T.);
#1600=ORIENTED_EDGE('',*,*,#1252,.F.);
#1601=ORIENTED_EDGE('',*,*,#1253,.F.);
#1602=ORIENTED_EDGE('',*,*,#1254,.T.);
#1603=ORIENTED_EDGE('',*,*,#1255,.T.);
#1604=ORIENTED_EDGE('',*,*,#1256,.T.);
#1605=ORIENTED_EDGE('',*,*,#1257,.T.);
#1606=ORIENTED_EDGE('',*,*,#1258,.T.);
#1607=ORIENTED_EDGE('',*,*,#1259,.T.);
#1608=ORIENTED_EDGE('',*,*,#1260,.T.);
#1609=ORIENTED_EDGE('',*,*,#1261,.T.);
#1610=ORIENTED_EDGE('',*,*,#1262,.T.);
#1611=ORIENTED_EDGE('',*,*,#1263,.F.);
#1612=ORIENTED_EDGE('',*,*,#1264,.F.);
#1613=ORIENTED_EDGE('',*,*,#1265,.T.);
#1614=ORIENTED_EDGE('',*,*,#1266,.T.);
#1615=ORIENTED_EDGE('',*,*,#1267,.T.);
#1616=ORIENTED_EDGE('',*,*,#1268,.F.);
#1617=ORIENTED_EDGE('',*,*,#1269,.T.);
#1618=ORIENTED_EDGE('',*,*,#1270,.T.);
#1619=ORIENTED_EDGE('',*,*,#1271,.T.);
#1620=ORIENTED_EDGE('',*,*,#1272,.T.);
#1621=ORIENTED_EDGE('',*,*,#1273,.T.);
#1622=ORIENTED_EDGE('',*,*,#1274,.T.);
#1623=ORIENTED_EDGE('',*,*,#1275,.T.);
#1624=ORIENTED_EDGE('',*,*,#1276,.T.);
#1625=ORIENTED_EDGE('',*,*,#1277,.T.);
#1626=ORIENTED_EDGE('',*,*,#1278,.T.);
#1627=ORIENTED_EDGE('',*,*,#1279,.T.);
#1628=ORIENTED_EDGE('',*,*,#1280,.T.);
#1629=ORIENTED_EDGE('',*,*,#1281,.T.);
#1630=ORIENTED_EDGE('',*,*,#1282,.T.);
#1631=ORIENTED_EDGE('',*,*,#1283,.T.);
#1632=ORIENTED_EDGE('',*,*,#1284,.T.);
#1633=ORIENTED_EDGE('',*,*,#1285,.T.);
#1634=ORIENTED_EDGE('',*,*,#1286,.T.);
#1635=ORIENTED_EDGE('',*,*,#1287,.T.);
#1636=ORIENTED_EDGE('',*,*,#1288,.T.);
#1637=ORIENTED_EDGE('',*,*,#1289,.T.);
#1638=ORIENTED_EDGE('',*,*,#1290,.T.);
#1639=ORIENTED_EDGE('',*,*,#1291,.T.);
#1640=ORIENTED_EDGE('',*,*,#1292,.T.);
#1641=ORIENTED_EDGE('',*,*,#1173,.T.);
#1642=ORIENTED_EDGE('',*,*,#1293,.T.);
#1643=ORIENTED_EDGE('',*,*,#1294,.T.);
#1644=ORIENTED_EDGE('',*,*,#1295,.T.);
#1645=ORIENTED_EDGE('',*,*,#1296,.T.);
#1646=ORIENTED_EDGE('',*,*,#1267,.F.);
#1647=ORIENTED_EDGE('',*,*,#1297,.T.);
#1648=ORIENTED_EDGE('',*,*,#1298,.T.);
#1649=ORIENTED_EDGE('',*,*,#1299,.T.);
#1650=ORIENTED_EDGE('',*,*,#1300,.F.);
#1651=ORIENTED_EDGE('',*,*,#1301,.T.);
#1652=ORIENTED_EDGE('',*,*,#1302,.T.);
#1653=ORIENTED_EDGE('',*,*,#1303,.T.);
#1654=ORIENTED_EDGE('',*,*,#1304,.T.);
#1655=ORIENTED_EDGE('',*,*,#1181,.T.);
#1656=ORIENTED_EDGE('',*,*,#1305,.T.);
#1657=ORIENTED_EDGE('',*,*,#1306,.T.);
#1658=ORIENTED_EDGE('',*,*,#1307,.T.);
#1659=ORIENTED_EDGE('',*,*,#1308,.T.);
#1660=ORIENTED_EDGE('',*,*,#1309,.T.);
#1661=ORIENTED_EDGE('',*,*,#1310,.T.);
#1662=ORIENTED_EDGE('',*,*,#1311,.T.);
#1663=ORIENTED_EDGE('',*,*,#1312,.T.);
#1664=ORIENTED_EDGE('',*,*,#1313,.T.);
#1665=ORIENTED_EDGE('',*,*,#1314,.F.);
#1666=ORIENTED_EDGE('',*,*,#1315,.T.);
#1667=ORIENTED_EDGE('',*,*,#1316,.T.);
#1668=ORIENTED_EDGE('',*,*,#1317,.T.);
#1669=ORIENTED_EDGE('',*,*,#1318,.F.);
#1670=ORIENTED_EDGE('',*,*,#1319,.T.);
#1671=ORIENTED_EDGE('',*,*,#1320,.T.);
#1672=ORIENTED_EDGE('',*,*,#1321,.T.);
#1673=ORIENTED_EDGE('',*,*,#1322,.T.);
#1674=ORIENTED_EDGE('',*,*,#1323,.T.);
#1675=ORIENTED_EDGE('',*,*,#1324,.T.);
#1676=ORIENTED_EDGE('',*,*,#1325,.T.);
#1677=ORIENTED_EDGE('',*,*,#1326,.T.);
#1678=ORIENTED_EDGE('',*,*,#1327,.T.);
#1679=ORIENTED_EDGE('',*,*,#1177,.T.);
#1680=ORIENTED_EDGE('',*,*,#1328,.T.);
#1681=ORIENTED_EDGE('',*,*,#1329,.T.);
#1682=ORIENTED_EDGE('',*,*,#1330,.T.);
#1683=ORIENTED_EDGE('',*,*,#1331,.T.);
#1684=ORIENTED_EDGE('',*,*,#1332,.F.);
#1685=ORIENTED_EDGE('',*,*,#1333,.T.);
#1686=ORIENTED_EDGE('',*,*,#1334,.T.);
#1687=ORIENTED_EDGE('',*,*,#1335,.T.);
#1688=ORIENTED_EDGE('',*,*,#1336,.F.);
#1689=ORIENTED_EDGE('',*,*,#1337,.T.);
#1690=ORIENTED_EDGE('',*,*,#1338,.T.);
#1691=ORIENTED_EDGE('',*,*,#1339,.T.);
#1692=ORIENTED_EDGE('',*,*,#1340,.T.);
#1693=ORIENTED_EDGE('',*,*,#1185,.T.);
#1694=ORIENTED_EDGE('',*,*,#1341,.T.);
#1695=ORIENTED_EDGE('',*,*,#1342,.T.);
#1696=ORIENTED_EDGE('',*,*,#1343,.T.);
#1697=ORIENTED_EDGE('',*,*,#1344,.T.);
#1698=ORIENTED_EDGE('',*,*,#1345,.T.);
#1699=ORIENTED_EDGE('',*,*,#1346,.T.);
#1700=ORIENTED_EDGE('',*,*,#1347,.T.);
#1701=ORIENTED_EDGE('',*,*,#1348,.F.);
#1702=ORIENTED_EDGE('',*,*,#1349,.T.);
#1703=ORIENTED_EDGE('',*,*,#1350,.T.);
#1704=ORIENTED_EDGE('',*,*,#1351,.T.);
#1705=ORIENTED_EDGE('',*,*,#1352,.F.);
#1706=ORIENTED_EDGE('',*,*,#1353,.T.);
#1707=ORIENTED_EDGE('',*,*,#1354,.T.);
#1708=ORIENTED_EDGE('',*,*,#1355,.T.);
#1709=ORIENTED_EDGE('',*,*,#1356,.T.);
#1710=ORIENTED_EDGE('',*,*,#1357,.T.);
#1711=ORIENTED_EDGE('',*,*,#1358,.T.);
#1712=ORIENTED_EDGE('',*,*,#1359,.T.);
#1713=ORIENTED_EDGE('',*,*,#1300,.T.);
#1714=ORIENTED_EDGE('',*,*,#1360,.T.);
#1715=ORIENTED_EDGE('',*,*,#1361,.T.);
#1716=ORIENTED_EDGE('',*,*,#1362,.F.);
#1717=ORIENTED_EDGE('',*,*,#1360,.F.);
#1718=ORIENTED_EDGE('',*,*,#1299,.F.);
#1719=ORIENTED_EDGE('',*,*,#1363,.F.);
#1720=ORIENTED_EDGE('',*,*,#1364,.T.);
#1721=ORIENTED_EDGE('',*,*,#1365,.T.);
#1722=ORIENTED_EDGE('',*,*,#1366,.T.);
#1723=ORIENTED_EDGE('',*,*,#1314,.T.);
#1724=ORIENTED_EDGE('',*,*,#1367,.F.);
#1725=ORIENTED_EDGE('',*,*,#1366,.F.);
#1726=ORIENTED_EDGE('',*,*,#1368,.F.);
#1727=ORIENTED_EDGE('',*,*,#1369,.T.);
#1728=ORIENTED_EDGE('',*,*,#1315,.F.);
#1729=ORIENTED_EDGE('',*,*,#1365,.F.);
#1730=ORIENTED_EDGE('',*,*,#1370,.F.);
#1731=ORIENTED_EDGE('',*,*,#1371,.F.);
#1732=ORIENTED_EDGE('',*,*,#1372,.F.);
#1733=ORIENTED_EDGE('',*,*,#1373,.F.);
#1734=ORIENTED_EDGE('',*,*,#1374,.F.);
#1735=ORIENTED_EDGE('',*,*,#1375,.F.);
#1736=ORIENTED_EDGE('',*,*,#1368,.T.);
#1737=ORIENTED_EDGE('',*,*,#1376,.F.);
#1738=ORIENTED_EDGE('',*,*,#1377,.F.);
#1739=ORIENTED_EDGE('',*,*,#1318,.T.);
#1740=ORIENTED_EDGE('',*,*,#1378,.T.);
#1741=ORIENTED_EDGE('',*,*,#1373,.T.);
#1742=ORIENTED_EDGE('',*,*,#1379,.F.);
#1743=ORIENTED_EDGE('',*,*,#1378,.F.);
#1744=ORIENTED_EDGE('',*,*,#1317,.F.);
#1745=ORIENTED_EDGE('',*,*,#1380,.F.);
#1746=ORIENTED_EDGE('',*,*,#1374,.T.);
#1747=ORIENTED_EDGE('',*,*,#1381,.T.);
#1748=ORIENTED_EDGE('',*,*,#1382,.T.);
#1749=ORIENTED_EDGE('',*,*,#1332,.T.);
#1750=ORIENTED_EDGE('',*,*,#1383,.F.);
#1751=ORIENTED_EDGE('',*,*,#1382,.F.);
#1752=ORIENTED_EDGE('',*,*,#1384,.F.);
#1753=ORIENTED_EDGE('',*,*,#1385,.T.);
#1754=ORIENTED_EDGE('',*,*,#1333,.F.);
#1755=ORIENTED_EDGE('',*,*,#1381,.F.);
#1756=ORIENTED_EDGE('',*,*,#1386,.F.);
#1757=ORIENTED_EDGE('',*,*,#1387,.T.);
#1758=ORIENTED_EDGE('',*,*,#1388,.F.);
#1759=ORIENTED_EDGE('',*,*,#1389,.F.);
#1760=ORIENTED_EDGE('',*,*,#1390,.T.);
#1761=ORIENTED_EDGE('',*,*,#1391,.F.);
#1762=ORIENTED_EDGE('',*,*,#1384,.T.);
#1763=ORIENTED_EDGE('',*,*,#1392,.F.);
#1764=ORIENTED_EDGE('',*,*,#1393,.F.);
#1765=ORIENTED_EDGE('',*,*,#1336,.T.);
#1766=ORIENTED_EDGE('',*,*,#1394,.T.);
#1767=ORIENTED_EDGE('',*,*,#1389,.T.);
#1768=ORIENTED_EDGE('',*,*,#1395,.F.);
#1769=ORIENTED_EDGE('',*,*,#1394,.F.);
#1770=ORIENTED_EDGE('',*,*,#1335,.F.);
#1771=ORIENTED_EDGE('',*,*,#1396,.F.);
#1772=ORIENTED_EDGE('',*,*,#1390,.F.);
#1773=ORIENTED_EDGE('',*,*,#1397,.T.);
#1774=ORIENTED_EDGE('',*,*,#1398,.T.);
#1775=ORIENTED_EDGE('',*,*,#1348,.T.);
#1776=ORIENTED_EDGE('',*,*,#1399,.F.);
#1777=ORIENTED_EDGE('',*,*,#1398,.F.);
#1778=ORIENTED_EDGE('',*,*,#1400,.F.);
#1779=ORIENTED_EDGE('',*,*,#1401,.T.);
#1780=ORIENTED_EDGE('',*,*,#1349,.F.);
#1781=ORIENTED_EDGE('',*,*,#1397,.F.);
#1782=ORIENTED_EDGE('',*,*,#1402,.F.);
#1783=ORIENTED_EDGE('',*,*,#1403,.T.);
#1784=ORIENTED_EDGE('',*,*,#1404,.F.);
#1785=ORIENTED_EDGE('',*,*,#1405,.F.);
#1786=ORIENTED_EDGE('',*,*,#1406,.T.);
#1787=ORIENTED_EDGE('',*,*,#1407,.T.);
#1788=ORIENTED_EDGE('',*,*,#1400,.T.);
#1789=ORIENTED_EDGE('',*,*,#1408,.F.);
#1790=ORIENTED_EDGE('',*,*,#1409,.F.);
#1791=ORIENTED_EDGE('',*,*,#1352,.T.);
#1792=ORIENTED_EDGE('',*,*,#1410,.T.);
#1793=ORIENTED_EDGE('',*,*,#1405,.T.);
#1794=ORIENTED_EDGE('',*,*,#1411,.F.);
#1795=ORIENTED_EDGE('',*,*,#1410,.F.);
#1796=ORIENTED_EDGE('',*,*,#1351,.F.);
#1797=ORIENTED_EDGE('',*,*,#1412,.F.);
#1798=ORIENTED_EDGE('',*,*,#1406,.F.);
#1799=ORIENTED_EDGE('',*,*,#1379,.T.);
#1800=ORIENTED_EDGE('',*,*,#1413,.T.);
#1801=ORIENTED_EDGE('',*,*,#1237,.F.);
#1802=ORIENTED_EDGE('',*,*,#1414,.T.);
#1803=ORIENTED_EDGE('',*,*,#1319,.F.);
#1804=ORIENTED_EDGE('',*,*,#1362,.T.);
#1805=ORIENTED_EDGE('',*,*,#1415,.T.);
#1806=ORIENTED_EDGE('',*,*,#1255,.F.);
#1807=ORIENTED_EDGE('',*,*,#1416,.T.);
#1808=ORIENTED_EDGE('',*,*,#1301,.F.);
#1809=ORIENTED_EDGE('',*,*,#1411,.T.);
#1810=ORIENTED_EDGE('',*,*,#1417,.T.);
#1811=ORIENTED_EDGE('',*,*,#1203,.T.);
#1812=ORIENTED_EDGE('',*,*,#1418,.T.);
#1813=ORIENTED_EDGE('',*,*,#1353,.F.);
#1814=ORIENTED_EDGE('',*,*,#1403,.F.);
#1815=ORIENTED_EDGE('',*,*,#1419,.F.);
#1816=ORIENTED_EDGE('',*,*,#1277,.F.);
#1817=ORIENTED_EDGE('',*,*,#1420,.F.);
#1818=ORIENTED_EDGE('',*,*,#1419,.T.);
#1819=ORIENTED_EDGE('',*,*,#1421,.T.);
#1820=ORIENTED_EDGE('',*,*,#1207,.F.);
#1821=ORIENTED_EDGE('',*,*,#1422,.T.);
#1822=ORIENTED_EDGE('',*,*,#1278,.F.);
#1823=ORIENTED_EDGE('',*,*,#1423,.T.);
#1824=ORIENTED_EDGE('',*,*,#1424,.F.);
#1825=ORIENTED_EDGE('',*,*,#1292,.F.);
#1826=ORIENTED_EDGE('',*,*,#1425,.F.);
#1827=ORIENTED_EDGE('',*,*,#1424,.T.);
#1828=ORIENTED_EDGE('',*,*,#1426,.T.);
#1829=ORIENTED_EDGE('',*,*,#1259,.F.);
#1830=ORIENTED_EDGE('',*,*,#1427,.T.);
#1831=ORIENTED_EDGE('',*,*,#1289,.F.);
#1832=ORIENTED_EDGE('',*,*,#1399,.T.);
#1833=ORIENTED_EDGE('',*,*,#1347,.F.);
#1834=ORIENTED_EDGE('',*,*,#1428,.F.);
#1835=ORIENTED_EDGE('',*,*,#1209,.F.);
#1836=ORIENTED_EDGE('',*,*,#1429,.T.);
#1837=ORIENTED_EDGE('',*,*,#1395,.T.);
#1838=ORIENTED_EDGE('',*,*,#1430,.T.);
#1839=ORIENTED_EDGE('',*,*,#1219,.T.);
#1840=ORIENTED_EDGE('',*,*,#1431,.T.);
#1841=ORIENTED_EDGE('',*,*,#1337,.F.);
#1842=ORIENTED_EDGE('',*,*,#1387,.F.);
#1843=ORIENTED_EDGE('',*,*,#1432,.F.);
#1844=ORIENTED_EDGE('',*,*,#1288,.F.);
#1845=ORIENTED_EDGE('',*,*,#1433,.F.);
#1846=ORIENTED_EDGE('',*,*,#1432,.T.);
#1847=ORIENTED_EDGE('',*,*,#1434,.T.);
#1848=ORIENTED_EDGE('',*,*,#1223,.T.);
#1849=ORIENTED_EDGE('',*,*,#1435,.T.);
#1850=ORIENTED_EDGE('',*,*,#1285,.F.);
#1851=ORIENTED_EDGE('',*,*,#1371,.T.);
#1852=ORIENTED_EDGE('',*,*,#1436,.F.);
#1853=ORIENTED_EDGE('',*,*,#1284,.F.);
#1854=ORIENTED_EDGE('',*,*,#1437,.F.);
#1855=ORIENTED_EDGE('',*,*,#1436,.T.);
#1856=ORIENTED_EDGE('',*,*,#1438,.T.);
#1857=ORIENTED_EDGE('',*,*,#1241,.F.);
#1858=ORIENTED_EDGE('',*,*,#1439,.T.);
#1859=ORIENTED_EDGE('',*,*,#1281,.F.);
#1860=ORIENTED_EDGE('',*,*,#1266,.F.);
#1861=ORIENTED_EDGE('',*,*,#1440,.T.);
#1862=ORIENTED_EDGE('',*,*,#1441,.T.);
#1863=ORIENTED_EDGE('',*,*,#1297,.F.);
#1864=ORIENTED_EDGE('',*,*,#1442,.F.);
#1865=ORIENTED_EDGE('',*,*,#1443,.T.);
#1866=ORIENTED_EDGE('',*,*,#1408,.T.);
#1867=ORIENTED_EDGE('',*,*,#1443,.F.);
#1868=ORIENTED_EDGE('',*,*,#1442,.T.);
#1869=ORIENTED_EDGE('',*,*,#1391,.T.);
#1870=ORIENTED_EDGE('',*,*,#1396,.T.);
#1871=ORIENTED_EDGE('',*,*,#1334,.F.);
#1872=ORIENTED_EDGE('',*,*,#1385,.F.);
#1873=ORIENTED_EDGE('',*,*,#1444,.T.);
#1874=ORIENTED_EDGE('',*,*,#1444,.F.);
#1875=ORIENTED_EDGE('',*,*,#1445,.T.);
#1876=ORIENTED_EDGE('',*,*,#1393,.T.);
#1877=ORIENTED_EDGE('',*,*,#1445,.F.);
#1878=ORIENTED_EDGE('',*,*,#1446,.T.);
#1879=ORIENTED_EDGE('',*,*,#1446,.F.);
#1880=ORIENTED_EDGE('',*,*,#1447,.T.);
#1881=ORIENTED_EDGE('',*,*,#1448,.T.);
#1882=ORIENTED_EDGE('',*,*,#1447,.F.);
#1883=ORIENTED_EDGE('',*,*,#1449,.T.);
#1884=ORIENTED_EDGE('',*,*,#1450,.F.);
#1885=ORIENTED_EDGE('',*,*,#1256,.F.);
#1886=ORIENTED_EDGE('',*,*,#1415,.F.);
#1887=ORIENTED_EDGE('',*,*,#1375,.T.);
#1888=ORIENTED_EDGE('',*,*,#1380,.T.);
#1889=ORIENTED_EDGE('',*,*,#1316,.F.);
#1890=ORIENTED_EDGE('',*,*,#1369,.F.);
#1891=ORIENTED_EDGE('',*,*,#1451,.F.);
#1892=ORIENTED_EDGE('',*,*,#1452,.T.);
#1893=ORIENTED_EDGE('',*,*,#1377,.T.);
#1894=ORIENTED_EDGE('',*,*,#1452,.F.);
#1895=ORIENTED_EDGE('',*,*,#1451,.T.);
#1896=ORIENTED_EDGE('',*,*,#1370,.T.);
#1897=ORIENTED_EDGE('',*,*,#1453,.F.);
#1898=ORIENTED_EDGE('',*,*,#1242,.F.);
#1899=ORIENTED_EDGE('',*,*,#1438,.F.);
#1900=ORIENTED_EDGE('',*,*,#1407,.F.);
#1901=ORIENTED_EDGE('',*,*,#1412,.T.);
#1902=ORIENTED_EDGE('',*,*,#1350,.F.);
#1903=ORIENTED_EDGE('',*,*,#1401,.F.);
#1904=ORIENTED_EDGE('',*,*,#1454,.F.);
#1905=ORIENTED_EDGE('',*,*,#1455,.T.);
#1906=ORIENTED_EDGE('',*,*,#1409,.T.);
#1907=ORIENTED_EDGE('',*,*,#1455,.F.);
#1908=ORIENTED_EDGE('',*,*,#1454,.T.);
#1909=ORIENTED_EDGE('',*,*,#1456,.T.);
#1910=ORIENTED_EDGE('',*,*,#1456,.F.);
#1911=ORIENTED_EDGE('',*,*,#1457,.T.);
#1912=ORIENTED_EDGE('',*,*,#1392,.T.);
#1913=ORIENTED_EDGE('',*,*,#1457,.F.);
#1914=ORIENTED_EDGE('',*,*,#1458,.T.);
#1915=ORIENTED_EDGE('',*,*,#1363,.T.);
#1916=ORIENTED_EDGE('',*,*,#1298,.F.);
#1917=ORIENTED_EDGE('',*,*,#1441,.F.);
#1918=ORIENTED_EDGE('',*,*,#1265,.F.);
#1919=ORIENTED_EDGE('',*,*,#1459,.F.);
#1920=ORIENTED_EDGE('',*,*,#1423,.F.);
#1921=ORIENTED_EDGE('',*,*,#1449,.F.);
#1922=ORIENTED_EDGE('',*,*,#1361,.F.);
#1923=ORIENTED_EDGE('',*,*,#1364,.F.);
#1924=ORIENTED_EDGE('',*,*,#1458,.F.);
#1925=ORIENTED_EDGE('',*,*,#1440,.F.);
#1926=ORIENTED_EDGE('',*,*,#1448,.F.);
#1927=ORIENTED_EDGE('',*,*,#1460,.F.);
#1928=ORIENTED_EDGE('',*,*,#1459,.T.);
#1929=ORIENTED_EDGE('',*,*,#1461,.F.);
#1930=ORIENTED_EDGE('',*,*,#1260,.F.);
#1931=ORIENTED_EDGE('',*,*,#1426,.F.);
#1932=ORIENTED_EDGE('',*,*,#1372,.T.);
#1933=ORIENTED_EDGE('',*,*,#1462,.F.);
#1934=ORIENTED_EDGE('',*,*,#1238,.F.);
#1935=ORIENTED_EDGE('',*,*,#1413,.F.);
#1936=ORIENTED_EDGE('',*,*,#1189,.F.);
#1937=ORIENTED_EDGE('',*,*,#1463,.T.);
#1938=ORIENTED_EDGE('',*,*,#1269,.F.);
#1939=ORIENTED_EDGE('',*,*,#1464,.F.);
#1940=ORIENTED_EDGE('',*,*,#1196,.T.);
#1941=ORIENTED_EDGE('',*,*,#1465,.T.);
#1942=ORIENTED_EDGE('',*,*,#1270,.F.);
#1943=ORIENTED_EDGE('',*,*,#1463,.F.);
#1944=ORIENTED_EDGE('',*,*,#1195,.F.);
#1945=ORIENTED_EDGE('',*,*,#1466,.T.);
#1946=ORIENTED_EDGE('',*,*,#1271,.F.);
#1947=ORIENTED_EDGE('',*,*,#1465,.F.);
#1948=ORIENTED_EDGE('',*,*,#1194,.T.);
#1949=ORIENTED_EDGE('',*,*,#1467,.T.);
#1950=ORIENTED_EDGE('',*,*,#1272,.F.);
#1951=ORIENTED_EDGE('',*,*,#1466,.F.);
#1952=ORIENTED_EDGE('',*,*,#1193,.F.);
#1953=ORIENTED_EDGE('',*,*,#1468,.T.);
#1954=ORIENTED_EDGE('',*,*,#1273,.F.);
#1955=ORIENTED_EDGE('',*,*,#1467,.F.);
#1956=ORIENTED_EDGE('',*,*,#1192,.T.);
#1957=ORIENTED_EDGE('',*,*,#1469,.T.);
#1958=ORIENTED_EDGE('',*,*,#1274,.F.);
#1959=ORIENTED_EDGE('',*,*,#1468,.F.);
#1960=ORIENTED_EDGE('',*,*,#1191,.F.);
#1961=ORIENTED_EDGE('',*,*,#1470,.T.);
#1962=ORIENTED_EDGE('',*,*,#1275,.F.);
#1963=ORIENTED_EDGE('',*,*,#1469,.F.);
#1964=ORIENTED_EDGE('',*,*,#1190,.T.);
#1965=ORIENTED_EDGE('',*,*,#1464,.T.);
#1966=ORIENTED_EDGE('',*,*,#1276,.F.);
#1967=ORIENTED_EDGE('',*,*,#1470,.F.);
#1968=ORIENTED_EDGE('',*,*,#1217,.T.);
#1969=ORIENTED_EDGE('',*,*,#1471,.T.);
#1970=ORIENTED_EDGE('',*,*,#1339,.F.);
#1971=ORIENTED_EDGE('',*,*,#1472,.F.);
#1972=ORIENTED_EDGE('',*,*,#1216,.T.);
#1973=ORIENTED_EDGE('',*,*,#1186,.T.);
#1974=ORIENTED_EDGE('',*,*,#1340,.F.);
#1975=ORIENTED_EDGE('',*,*,#1471,.F.);
#1976=ORIENTED_EDGE('',*,*,#1215,.F.);
#1977=ORIENTED_EDGE('',*,*,#1473,.T.);
#1978=ORIENTED_EDGE('',*,*,#1341,.F.);
#1979=ORIENTED_EDGE('',*,*,#1188,.F.);
#1980=ORIENTED_EDGE('',*,*,#1214,.F.);
#1981=ORIENTED_EDGE('',*,*,#1474,.T.);
#1982=ORIENTED_EDGE('',*,*,#1342,.F.);
#1983=ORIENTED_EDGE('',*,*,#1473,.F.);
#1984=ORIENTED_EDGE('',*,*,#1213,.F.);
#1985=ORIENTED_EDGE('',*,*,#1475,.T.);
#1986=ORIENTED_EDGE('',*,*,#1343,.F.);
#1987=ORIENTED_EDGE('',*,*,#1474,.F.);
#1988=ORIENTED_EDGE('',*,*,#1212,.F.);
#1989=ORIENTED_EDGE('',*,*,#1476,.T.);
#1990=ORIENTED_EDGE('',*,*,#1344,.F.);
#1991=ORIENTED_EDGE('',*,*,#1475,.F.);
#1992=ORIENTED_EDGE('',*,*,#1211,.T.);
#1993=ORIENTED_EDGE('',*,*,#1477,.T.);
#1994=ORIENTED_EDGE('',*,*,#1345,.F.);
#1995=ORIENTED_EDGE('',*,*,#1476,.F.);
#1996=ORIENTED_EDGE('',*,*,#1210,.F.);
#1997=ORIENTED_EDGE('',*,*,#1428,.T.);
#1998=ORIENTED_EDGE('',*,*,#1346,.F.);
#1999=ORIENTED_EDGE('',*,*,#1477,.F.);
#2000=ORIENTED_EDGE('',*,*,#1206,.F.);
#2001=ORIENTED_EDGE('',*,*,#1478,.T.);
#2002=ORIENTED_EDGE('',*,*,#1279,.F.);
#2003=ORIENTED_EDGE('',*,*,#1422,.F.);
#2004=ORIENTED_EDGE('',*,*,#1202,.F.);
#2005=ORIENTED_EDGE('',*,*,#1479,.T.);
#2006=ORIENTED_EDGE('',*,*,#1354,.F.);
#2007=ORIENTED_EDGE('',*,*,#1418,.F.);
#2008=ORIENTED_EDGE('',*,*,#1201,.T.);
#2009=ORIENTED_EDGE('',*,*,#1480,.T.);
#2010=ORIENTED_EDGE('',*,*,#1355,.F.);
#2011=ORIENTED_EDGE('',*,*,#1479,.F.);
#2012=ORIENTED_EDGE('',*,*,#1200,.T.);
#2013=ORIENTED_EDGE('',*,*,#1481,.T.);
#2014=ORIENTED_EDGE('',*,*,#1356,.F.);
#2015=ORIENTED_EDGE('',*,*,#1480,.F.);
#2016=ORIENTED_EDGE('',*,*,#1199,.F.);
#2017=ORIENTED_EDGE('',*,*,#1482,.T.);
#2018=ORIENTED_EDGE('',*,*,#1357,.F.);
#2019=ORIENTED_EDGE('',*,*,#1481,.F.);
#2020=ORIENTED_EDGE('',*,*,#1198,.F.);
#2021=ORIENTED_EDGE('',*,*,#1483,.T.);
#2022=ORIENTED_EDGE('',*,*,#1358,.F.);
#2023=ORIENTED_EDGE('',*,*,#1482,.F.);
#2024=ORIENTED_EDGE('',*,*,#1197,.F.);
#2025=ORIENTED_EDGE('',*,*,#1174,.T.);
#2026=ORIENTED_EDGE('',*,*,#1359,.F.);
#2027=ORIENTED_EDGE('',*,*,#1483,.F.);
#2028=ORIENTED_EDGE('',*,*,#1264,.T.);
#2029=ORIENTED_EDGE('',*,*,#1484,.T.);
#2030=ORIENTED_EDGE('',*,*,#1293,.F.);
#2031=ORIENTED_EDGE('',*,*,#1176,.F.);
#2032=ORIENTED_EDGE('',*,*,#1263,.T.);
#2033=ORIENTED_EDGE('',*,*,#1485,.T.);
#2034=ORIENTED_EDGE('',*,*,#1294,.F.);
#2035=ORIENTED_EDGE('',*,*,#1484,.F.);
#2036=ORIENTED_EDGE('',*,*,#1262,.F.);
#2037=ORIENTED_EDGE('',*,*,#1486,.T.);
#2038=ORIENTED_EDGE('',*,*,#1295,.F.);
#2039=ORIENTED_EDGE('',*,*,#1485,.F.);
#2040=ORIENTED_EDGE('',*,*,#1258,.F.);
#2041=ORIENTED_EDGE('',*,*,#1487,.T.);
#2042=ORIENTED_EDGE('',*,*,#1290,.F.);
#2043=ORIENTED_EDGE('',*,*,#1427,.F.);
#2044=ORIENTED_EDGE('',*,*,#1254,.F.);
#2045=ORIENTED_EDGE('',*,*,#1488,.T.);
#2046=ORIENTED_EDGE('',*,*,#1302,.F.);
#2047=ORIENTED_EDGE('',*,*,#1416,.F.);
#2048=ORIENTED_EDGE('',*,*,#1253,.T.);
#2049=ORIENTED_EDGE('',*,*,#1489,.T.);
#2050=ORIENTED_EDGE('',*,*,#1303,.F.);
#2051=ORIENTED_EDGE('',*,*,#1488,.F.);
#2052=ORIENTED_EDGE('',*,*,#1252,.T.);
#2053=ORIENTED_EDGE('',*,*,#1182,.T.);
#2054=ORIENTED_EDGE('',*,*,#1304,.F.);
#2055=ORIENTED_EDGE('',*,*,#1489,.F.);
#2056=ORIENTED_EDGE('',*,*,#1251,.F.);
#2057=ORIENTED_EDGE('',*,*,#1490,.T.);
#2058=ORIENTED_EDGE('',*,*,#1305,.F.);
#2059=ORIENTED_EDGE('',*,*,#1184,.F.);
#2060=ORIENTED_EDGE('',*,*,#1250,.F.);
#2061=ORIENTED_EDGE('',*,*,#1491,.T.);
#2062=ORIENTED_EDGE('',*,*,#1306,.F.);
#2063=ORIENTED_EDGE('',*,*,#1490,.F.);
#2064=ORIENTED_EDGE('',*,*,#1249,.F.);
#2065=ORIENTED_EDGE('',*,*,#1492,.T.);
#2066=ORIENTED_EDGE('',*,*,#1307,.F.);
#2067=ORIENTED_EDGE('',*,*,#1491,.F.);
#2068=ORIENTED_EDGE('',*,*,#1248,.F.);
#2069=ORIENTED_EDGE('',*,*,#1493,.T.);
#2070=ORIENTED_EDGE('',*,*,#1308,.F.);
#2071=ORIENTED_EDGE('',*,*,#1492,.F.);
#2072=ORIENTED_EDGE('',*,*,#1247,.F.);
#2073=ORIENTED_EDGE('',*,*,#1494,.T.);
#2074=ORIENTED_EDGE('',*,*,#1309,.F.);
#2075=ORIENTED_EDGE('',*,*,#1493,.F.);
#2076=ORIENTED_EDGE('',*,*,#1246,.T.);
#2077=ORIENTED_EDGE('',*,*,#1495,.T.);
#2078=ORIENTED_EDGE('',*,*,#1310,.F.);
#2079=ORIENTED_EDGE('',*,*,#1494,.F.);
#2080=ORIENTED_EDGE('',*,*,#1245,.T.);
#2081=ORIENTED_EDGE('',*,*,#1496,.T.);
#2082=ORIENTED_EDGE('',*,*,#1311,.F.);
#2083=ORIENTED_EDGE('',*,*,#1495,.F.);
#2084=ORIENTED_EDGE('',*,*,#1244,.F.);
#2085=ORIENTED_EDGE('',*,*,#1497,.T.);
#2086=ORIENTED_EDGE('',*,*,#1312,.F.);
#2087=ORIENTED_EDGE('',*,*,#1496,.F.);
#2088=ORIENTED_EDGE('',*,*,#1240,.F.);
#2089=ORIENTED_EDGE('',*,*,#1498,.T.);
#2090=ORIENTED_EDGE('',*,*,#1282,.F.);
#2091=ORIENTED_EDGE('',*,*,#1439,.F.);
#2092=ORIENTED_EDGE('',*,*,#1236,.F.);
#2093=ORIENTED_EDGE('',*,*,#1499,.T.);
#2094=ORIENTED_EDGE('',*,*,#1320,.F.);
#2095=ORIENTED_EDGE('',*,*,#1414,.F.);
#2096=ORIENTED_EDGE('',*,*,#1235,.T.);
#2097=ORIENTED_EDGE('',*,*,#1500,.T.);
#2098=ORIENTED_EDGE('',*,*,#1321,.F.);
#2099=ORIENTED_EDGE('',*,*,#1499,.F.);
#2100=ORIENTED_EDGE('',*,*,#1234,.F.);
#2101=ORIENTED_EDGE('',*,*,#1501,.T.);
#2102=ORIENTED_EDGE('',*,*,#1322,.F.);
#2103=ORIENTED_EDGE('',*,*,#1500,.F.);
#2104=ORIENTED_EDGE('',*,*,#1233,.F.);
#2105=ORIENTED_EDGE('',*,*,#1502,.T.);
#2106=ORIENTED_EDGE('',*,*,#1323,.F.);
#2107=ORIENTED_EDGE('',*,*,#1501,.F.);
#2108=ORIENTED_EDGE('',*,*,#1232,.F.);
#2109=ORIENTED_EDGE('',*,*,#1503,.T.);
#2110=ORIENTED_EDGE('',*,*,#1324,.F.);
#2111=ORIENTED_EDGE('',*,*,#1502,.F.);
#2112=ORIENTED_EDGE('',*,*,#1231,.F.);
#2113=ORIENTED_EDGE('',*,*,#1504,.T.);
#2114=ORIENTED_EDGE('',*,*,#1325,.F.);
#2115=ORIENTED_EDGE('',*,*,#1503,.F.);
#2116=ORIENTED_EDGE('',*,*,#1230,.F.);
#2117=ORIENTED_EDGE('',*,*,#1505,.T.);
#2118=ORIENTED_EDGE('',*,*,#1326,.F.);
#2119=ORIENTED_EDGE('',*,*,#1504,.F.);
#2120=ORIENTED_EDGE('',*,*,#1229,.F.);
#2121=ORIENTED_EDGE('',*,*,#1178,.T.);
#2122=ORIENTED_EDGE('',*,*,#1327,.F.);
#2123=ORIENTED_EDGE('',*,*,#1505,.F.);
#2124=ORIENTED_EDGE('',*,*,#1228,.T.);
#2125=ORIENTED_EDGE('',*,*,#1506,.T.);
#2126=ORIENTED_EDGE('',*,*,#1328,.F.);
#2127=ORIENTED_EDGE('',*,*,#1180,.F.);
#2128=ORIENTED_EDGE('',*,*,#1227,.T.);
#2129=ORIENTED_EDGE('',*,*,#1507,.T.);
#2130=ORIENTED_EDGE('',*,*,#1329,.F.);
#2131=ORIENTED_EDGE('',*,*,#1506,.F.);
#2132=ORIENTED_EDGE('',*,*,#1226,.F.);
#2133=ORIENTED_EDGE('',*,*,#1508,.T.);
#2134=ORIENTED_EDGE('',*,*,#1330,.F.);
#2135=ORIENTED_EDGE('',*,*,#1507,.F.);
#2136=ORIENTED_EDGE('',*,*,#1222,.F.);
#2137=ORIENTED_EDGE('',*,*,#1509,.T.);
#2138=ORIENTED_EDGE('',*,*,#1286,.F.);
#2139=ORIENTED_EDGE('',*,*,#1435,.F.);
#2140=ORIENTED_EDGE('',*,*,#1218,.F.);
#2141=ORIENTED_EDGE('',*,*,#1472,.T.);
#2142=ORIENTED_EDGE('',*,*,#1338,.F.);
#2143=ORIENTED_EDGE('',*,*,#1431,.F.);
#2144=ORIENTED_EDGE('',*,*,#1433,.T.);
#2145=ORIENTED_EDGE('',*,*,#1287,.F.);
#2146=ORIENTED_EDGE('',*,*,#1509,.F.);
#2147=ORIENTED_EDGE('',*,*,#1221,.T.);
#2148=ORIENTED_EDGE('',*,*,#1510,.T.);
#2149=ORIENTED_EDGE('',*,*,#1367,.T.);
#2150=ORIENTED_EDGE('',*,*,#1313,.F.);
#2151=ORIENTED_EDGE('',*,*,#1497,.F.);
#2152=ORIENTED_EDGE('',*,*,#1243,.F.);
#2153=ORIENTED_EDGE('',*,*,#1453,.T.);
#2154=ORIENTED_EDGE('',*,*,#1425,.T.);
#2155=ORIENTED_EDGE('',*,*,#1291,.F.);
#2156=ORIENTED_EDGE('',*,*,#1487,.F.);
#2157=ORIENTED_EDGE('',*,*,#1257,.F.);
#2158=ORIENTED_EDGE('',*,*,#1450,.T.);
#2159=ORIENTED_EDGE('',*,*,#1420,.T.);
#2160=ORIENTED_EDGE('',*,*,#1280,.F.);
#2161=ORIENTED_EDGE('',*,*,#1478,.F.);
#2162=ORIENTED_EDGE('',*,*,#1205,.T.);
#2163=ORIENTED_EDGE('',*,*,#1511,.T.);
#2164=ORIENTED_EDGE('',*,*,#1383,.T.);
#2165=ORIENTED_EDGE('',*,*,#1331,.F.);
#2166=ORIENTED_EDGE('',*,*,#1508,.F.);
#2167=ORIENTED_EDGE('',*,*,#1225,.T.);
#2168=ORIENTED_EDGE('',*,*,#1512,.T.);
#2169=ORIENTED_EDGE('',*,*,#1437,.T.);
#2170=ORIENTED_EDGE('',*,*,#1283,.F.);
#2171=ORIENTED_EDGE('',*,*,#1498,.F.);
#2172=ORIENTED_EDGE('',*,*,#1239,.F.);
#2173=ORIENTED_EDGE('',*,*,#1462,.T.);
#2174=ORIENTED_EDGE('',*,*,#1268,.T.);
#2175=ORIENTED_EDGE('',*,*,#1296,.F.);
#2176=ORIENTED_EDGE('',*,*,#1486,.F.);
#2177=ORIENTED_EDGE('',*,*,#1261,.F.);
#2178=ORIENTED_EDGE('',*,*,#1461,.T.);
#2179=ORIENTED_EDGE('',*,*,#1402,.T.);
#2180=ORIENTED_EDGE('',*,*,#1429,.F.);
#2181=ORIENTED_EDGE('',*,*,#1208,.F.);
#2182=ORIENTED_EDGE('',*,*,#1421,.F.);
#2183=ORIENTED_EDGE('',*,*,#1388,.T.);
#2184=ORIENTED_EDGE('',*,*,#1510,.F.);
#2185=ORIENTED_EDGE('',*,*,#1220,.F.);
#2186=ORIENTED_EDGE('',*,*,#1430,.F.);
#2187=ORIENTED_EDGE('',*,*,#1404,.T.);
#2188=ORIENTED_EDGE('',*,*,#1511,.F.);
#2189=ORIENTED_EDGE('',*,*,#1204,.F.);
#2190=ORIENTED_EDGE('',*,*,#1417,.F.);
#2191=ORIENTED_EDGE('',*,*,#1386,.T.);
#2192=ORIENTED_EDGE('',*,*,#1512,.F.);
#2193=ORIENTED_EDGE('',*,*,#1224,.F.);
#2194=ORIENTED_EDGE('',*,*,#1434,.F.);
#2195=ORIENTED_EDGE('',*,*,#1513,.F.);
#2196=ORIENTED_EDGE('',*,*,#1514,.T.);
#2197=ORIENTED_EDGE('',*,*,#1376,.T.);
#2198=ORIENTED_EDGE('',*,*,#1514,.F.);
#2199=ORIENTED_EDGE('',*,*,#1513,.T.);
#2200=ORIENTED_EDGE('',*,*,#1515,.F.);
#2201=ORIENTED_EDGE('',*,*,#1516,.T.);
#2202=ORIENTED_EDGE('',*,*,#1460,.T.);
#2203=ORIENTED_EDGE('',*,*,#1516,.F.);
#2204=ORIENTED_EDGE('',*,*,#1515,.T.);
#2205=PLANE('',#2434);
#2206=PLANE('',#2435);
#2207=PLANE('',#2436);
#2208=PLANE('',#2437);
#2209=PLANE('',#2438);
#2210=PLANE('',#2464);
#2211=PLANE('',#2496);
#2212=PLANE('',#2499);
#2213=PLANE('',#2500);
#2214=PLANE('',#2505);
#2215=PLANE('',#2508);
#2216=PLANE('',#2509);
#2217=PLANE('',#2514);
#2218=PLANE('',#2517);
#2219=PLANE('',#2518);
#2220=PLANE('',#2523);
#2221=PLANE('',#2524);
#2222=PLANE('',#2525);
#2223=PLANE('',#2526);
#2224=PLANE('',#2527);
#2225=PLANE('',#2528);
#2226=PLANE('',#2529);
#2227=PLANE('',#2530);
#2228=PLANE('',#2531);
#2229=PLANE('',#2532);
#2230=PLANE('',#2533);
#2231=PLANE('',#2534);
#2232=PLANE('',#2535);
#2233=PLANE('',#2536);
#2234=PLANE('',#2537);
#2235=PLANE('',#2540);
#2236=PLANE('',#2541);
#2237=PLANE('',#2542);
#2238=PLANE('',#2545);
#2239=PLANE('',#2549);
#2240=PLANE('',#2550);
#2241=PLANE('',#2553);
#2242=PLANE('',#2554);
#2243=PLANE('',#2555);
#2244=PLANE('',#2558);
#2245=PLANE('',#2559);
#2246=PLANE('',#2562);
#2247=PLANE('',#2563);
#2248=PLANE('',#2565);
#2249=PLANE('',#2566);
#2250=PLANE('',#2567);
#2251=PLANE('',#2569);
#2252=PLANE('',#2571);
#2253=PLANE('',#2573);
#2254=PLANE('',#2576);
#2255=PLANE('',#2578);
#2256=PLANE('',#2580);
#2257=PLANE('',#2582);
#2258=PLANE('',#2583);
#2259=PLANE('',#2584);
#2260=PLANE('',#2586);
#2261=PLANE('',#2588);
#2262=PLANE('',#2590);
#2263=PLANE('',#2592);
#2264=PLANE('',#2593);
#2265=PLANE('',#2594);
#2266=PLANE('',#2596);
#2267=PLANE('',#2598);
#2268=PLANE('',#2600);
#2269=PLANE('',#2602);
#2270=PLANE('',#2604);
#2271=PLANE('',#2605);
#2272=PLANE('',#2606);
#2273=PLANE('',#2608);
#2274=PLANE('',#2610);
#2275=PLANE('',#2612);
#2276=PLANE('',#2614);
#2277=PLANE('',#2616);
#2278=PLANE('',#2617);
#2279=PLANE('',#2618);
#2280=PLANE('',#2619);
#2281=PLANE('',#2620);
#2282=PLANE('',#2621);
#2283=PLANE('',#2622);
#2284=PLANE('',#2623);
#2285=PLANE('',#2624);
#2286=PLANE('',#2625);
#2287=PLANE('',#2626);
#2288=PLANE('',#2627);
#2289=PLANE('',#2628);
#2290=PLANE('',#2629);
#2291=PLANE('',#2632);
#2292=PLANE('',#2635);
#2293=ADVANCED_FACE('',(#147),#2205,.F.);
#2294=ADVANCED_FACE('',(#148),#2206,.F.);
#2295=ADVANCED_FACE('',(#149),#2207,.F.);
#2296=ADVANCED_FACE('',(#150),#2208,.F.);
#2297=ADVANCED_FACE('',(#151,#57),#2209,.F.);
#2298=ADVANCED_FACE('',(#152),#19,.T.);
#2299=ADVANCED_FACE('',(#153,#58,#59,#60,#61,#62),#2210,.T.);
#2300=ADVANCED_FACE('',(#154),#20,.T.);
#2301=ADVANCED_FACE('',(#155),#2211,.T.);
#2302=ADVANCED_FACE('',(#156),#21,.T.);
#2303=ADVANCED_FACE('',(#157),#2212,.T.);
#2304=ADVANCED_FACE('',(#158,#63,#64),#2213,.F.);
#2305=ADVANCED_FACE('',(#159),#22,.T.);
#2306=ADVANCED_FACE('',(#160),#2214,.T.);
#2307=ADVANCED_FACE('',(#161),#23,.T.);
#2308=ADVANCED_FACE('',(#162),#2215,.T.);
#2309=ADVANCED_FACE('',(#163,#65,#66),#2216,.F.);
#2310=ADVANCED_FACE('',(#164),#24,.T.);
#2311=ADVANCED_FACE('',(#165),#2217,.T.);
#2312=ADVANCED_FACE('',(#166),#25,.T.);
#2313=ADVANCED_FACE('',(#167),#2218,.T.);
#2314=ADVANCED_FACE('',(#168,#67,#68),#2219,.F.);
#2315=ADVANCED_FACE('',(#169),#26,.T.);
#2316=ADVANCED_FACE('',(#170),#2220,.T.);
#2317=ADVANCED_FACE('',(#171),#2221,.T.);
#2318=ADVANCED_FACE('',(#172),#2222,.T.);
#2319=ADVANCED_FACE('',(#173),#2223,.T.);
#2320=ADVANCED_FACE('',(#174),#2224,.T.);
#2321=ADVANCED_FACE('',(#175),#2225,.T.);
#2322=ADVANCED_FACE('',(#176),#2226,.T.);
#2323=ADVANCED_FACE('',(#177),#2227,.T.);
#2324=ADVANCED_FACE('',(#178),#2228,.T.);
#2325=ADVANCED_FACE('',(#179),#2229,.T.);
#2326=ADVANCED_FACE('',(#180),#2230,.T.);
#2327=ADVANCED_FACE('',(#181),#2231,.T.);
#2328=ADVANCED_FACE('',(#182),#2232,.T.);
#2329=ADVANCED_FACE('',(#183),#2233,.T.);
#2330=ADVANCED_FACE('',(#184),#2234,.T.);
#2331=ADVANCED_FACE('',(#185),#27,.T.);
#2332=ADVANCED_FACE('',(#186),#2235,.F.);
#2333=ADVANCED_FACE('',(#187),#2236,.T.);
#2334=ADVANCED_FACE('',(#188),#2237,.F.);
#2335=ADVANCED_FACE('',(#189),#28,.T.);
#2336=ADVANCED_FACE('',(#190),#2238,.F.);
#2337=ADVANCED_FACE('',(#191),#29,.T.);
#2338=ADVANCED_FACE('',(#192),#2239,.F.);
#2339=ADVANCED_FACE('',(#193),#2240,.T.);
#2340=ADVANCED_FACE('',(#194),#30,.T.);
#2341=ADVANCED_FACE('',(#195),#2241,.F.);
#2342=ADVANCED_FACE('',(#196),#2242,.F.);
#2343=ADVANCED_FACE('',(#197),#2243,.T.);
#2344=ADVANCED_FACE('',(#198),#31,.T.);
#2345=ADVANCED_FACE('',(#199),#2244,.F.);
#2346=ADVANCED_FACE('',(#200),#2245,.F.);
#2347=ADVANCED_FACE('',(#201),#32,.T.);
#2348=ADVANCED_FACE('',(#202),#2246,.T.);
#2349=ADVANCED_FACE('',(#203,#69,#70),#2247,.F.);
#2350=ADVANCED_FACE('',(#204),#2248,.F.);
#2351=ADVANCED_FACE('',(#205),#2249,.F.);
#2352=ADVANCED_FACE('',(#206),#2250,.T.);
#2353=ADVANCED_FACE('',(#207),#33,.T.);
#2354=ADVANCED_FACE('',(#208),#2251,.T.);
#2355=ADVANCED_FACE('',(#209),#34,.T.);
#2356=ADVANCED_FACE('',(#210),#2252,.T.);
#2357=ADVANCED_FACE('',(#211),#35,.T.);
#2358=ADVANCED_FACE('',(#212),#2253,.T.);
#2359=ADVANCED_FACE('',(#213),#36,.T.);
#2360=ADVANCED_FACE('',(#214),#37,.T.);
#2361=ADVANCED_FACE('',(#215),#2254,.T.);
#2362=ADVANCED_FACE('',(#216),#38,.F.);
#2363=ADVANCED_FACE('',(#217),#2255,.T.);
#2364=ADVANCED_FACE('',(#218),#39,.F.);
#2365=ADVANCED_FACE('',(#219),#2256,.T.);
#2366=ADVANCED_FACE('',(#220),#40,.T.);
#2367=ADVANCED_FACE('',(#221),#2257,.T.);
#2368=ADVANCED_FACE('',(#222),#2258,.T.);
#2369=ADVANCED_FACE('',(#223),#2259,.T.);
#2370=ADVANCED_FACE('',(#224),#41,.T.);
#2371=ADVANCED_FACE('',(#225),#2260,.T.);
#2372=ADVANCED_FACE('',(#226),#42,.F.);
#2373=ADVANCED_FACE('',(#227),#2261,.T.);
#2374=ADVANCED_FACE('',(#228),#43,.F.);
#2375=ADVANCED_FACE('',(#229),#2262,.T.);
#2376=ADVANCED_FACE('',(#230),#44,.T.);
#2377=ADVANCED_FACE('',(#231),#2263,.T.);
#2378=ADVANCED_FACE('',(#232),#2264,.T.);
#2379=ADVANCED_FACE('',(#233),#2265,.T.);
#2380=ADVANCED_FACE('',(#234),#45,.T.);
#2381=ADVANCED_FACE('',(#235),#2266,.T.);
#2382=ADVANCED_FACE('',(#236),#46,.F.);
#2383=ADVANCED_FACE('',(#237),#2267,.T.);
#2384=ADVANCED_FACE('',(#238),#47,.F.);
#2385=ADVANCED_FACE('',(#239),#2268,.T.);
#2386=ADVANCED_FACE('',(#240),#48,.F.);
#2387=ADVANCED_FACE('',(#241),#2269,.T.);
#2388=ADVANCED_FACE('',(#242),#49,.T.);
#2389=ADVANCED_FACE('',(#243),#2270,.T.);
#2390=ADVANCED_FACE('',(#244),#2271,.T.);
#2391=ADVANCED_FACE('',(#245),#2272,.T.);
#2392=ADVANCED_FACE('',(#246),#50,.T.);
#2393=ADVANCED_FACE('',(#247),#2273,.T.);
#2394=ADVANCED_FACE('',(#248),#51,.F.);
#2395=ADVANCED_FACE('',(#249),#2274,.T.);
#2396=ADVANCED_FACE('',(#250),#52,.F.);
#2397=ADVANCED_FACE('',(#251),#2275,.T.);
#2398=ADVANCED_FACE('',(#252),#53,.F.);
#2399=ADVANCED_FACE('',(#253),#2276,.T.);
#2400=ADVANCED_FACE('',(#254),#54,.T.);
#2401=ADVANCED_FACE('',(#255),#2277,.T.);
#2402=ADVANCED_FACE('',(#256),#2278,.T.);
#2403=ADVANCED_FACE('',(#257),#2279,.T.);
#2404=ADVANCED_FACE('',(#258),#2280,.T.);
#2405=ADVANCED_FACE('',(#259),#2281,.T.);
#2406=ADVANCED_FACE('',(#260),#2282,.T.);
#2407=ADVANCED_FACE('',(#261),#2283,.T.);
#2408=ADVANCED_FACE('',(#262),#2284,.T.);
#2409=ADVANCED_FACE('',(#263),#2285,.T.);
#2410=ADVANCED_FACE('',(#264),#2286,.T.);
#2411=ADVANCED_FACE('',(#265),#2287,.F.);
#2412=ADVANCED_FACE('',(#266),#2288,.F.);
#2413=ADVANCED_FACE('',(#267),#2289,.F.);
#2414=ADVANCED_FACE('',(#268),#2290,.F.);
#2415=ADVANCED_FACE('',(#269),#55,.T.);
#2416=ADVANCED_FACE('',(#270),#2291,.F.);
#2417=ADVANCED_FACE('',(#271),#56,.T.);
#2418=ADVANCED_FACE('',(#272),#2292,.F.);
#2419=CLOSED_SHELL('',(#2293,#2294,#2295,#2296,#2297,#2298,#2299,#2300,
#2301,#2302,#2303,#2304,#2305,#2306,#2307,#2308,#2309,#2310,#2311,#2312,
#2313,#2314,#2315,#2316,#2317,#2318,#2319,#2320,#2321,#2322,#2323,#2324,
#2325,#2326,#2327,#2328,#2329,#2330,#2331,#2332,#2333,#2334,#2335,#2336,
#2337,#2338,#2339,#2340,#2341,#2342,#2343,#2344,#2345,#2346,#2347,#2348,
#2349,#2350,#2351,#2352,#2353,#2354,#2355,#2356,#2357,#2358,#2359,#2360,
#2361,#2362,#2363,#2364,#2365,#2366,#2367,#2368,#2369,#2370,#2371,#2372,
#2373,#2374,#2375,#2376,#2377,#2378,#2379,#2380,#2381,#2382,#2383,#2384,
#2385,#2386,#2387,#2388,#2389,#2390,#2391,#2392,#2393,#2394,#2395,#2396,
#2397,#2398,#2399,#2400,#2401,#2402,#2403,#2404,#2405,#2406,#2407,#2408,
#2409,#2410,#2411,#2412,#2413,#2414,#2415,#2416,#2417,#2418));
#2420=DERIVED_UNIT_ELEMENT(#2422,1.);
#2421=DERIVED_UNIT_ELEMENT(#4019,-3.);
#2422=(
MASS_UNIT()
NAMED_UNIT(*)
SI_UNIT(.KILO.,.GRAM.)
);
#2423=DERIVED_UNIT((#2420,#2421));
#2424=MEASURE_REPRESENTATION_ITEM('density measure',
POSITIVE_RATIO_MEASURE(7850.),#2423);
#2425=PROPERTY_DEFINITION_REPRESENTATION(#2430,#2427);
#2426=PROPERTY_DEFINITION_REPRESENTATION(#2431,#2428);
#2427=REPRESENTATION('material name',(#2429),#4016);
#2428=REPRESENTATION('density',(#2424),#4016);
#2429=DESCRIPTIVE_REPRESENTATION_ITEM('Steel','Steel');
#2430=PROPERTY_DEFINITION('material property','material name',#4031);
#2431=PROPERTY_DEFINITION('material property','density of part',#4031);
#2432=AXIS2_PLACEMENT_3D('',#3315,#2637,#2638);
#2433=AXIS2_PLACEMENT_3D('',#3316,#2639,#2640);
#2434=AXIS2_PLACEMENT_3D('',#3317,#2641,#2642);
#2435=AXIS2_PLACEMENT_3D('',#3326,#2647,#2648);
#2436=AXIS2_PLACEMENT_3D('',#3335,#2653,#2654);
#2437=AXIS2_PLACEMENT_3D('',#3344,#2659,#2660);
#2438=AXIS2_PLACEMENT_3D('',#3353,#2665,#2666);
#2439=AXIS2_PLACEMENT_3D('',#3358,#2668,#2669);
#2440=AXIS2_PLACEMENT_3D('',#3362,#2671,#2672);
#2441=AXIS2_PLACEMENT_3D('',#3366,#2674,#2675);
#2442=AXIS2_PLACEMENT_3D('',#3369,#2677,#2678);
#2443=AXIS2_PLACEMENT_3D('',#3371,#2679,#2680);
#2444=AXIS2_PLACEMENT_3D('',#3375,#2682,#2683);
#2445=AXIS2_PLACEMENT_3D('',#3379,#2685,#2686);
#2446=AXIS2_PLACEMENT_3D('',#3399,#2696,#2697);
#2447=AXIS2_PLACEMENT_3D('',#3403,#2699,#2700);
#2448=AXIS2_PLACEMENT_3D('',#3406,#2702,#2703);
#2449=AXIS2_PLACEMENT_3D('',#3410,#2705,#2706);
#2450=AXIS2_PLACEMENT_3D('',#3430,#2716,#2717);
#2451=AXIS2_PLACEMENT_3D('',#3433,#2719,#2720);
#2452=AXIS2_PLACEMENT_3D('',#3437,#2722,#2723);
#2453=AXIS2_PLACEMENT_3D('',#3441,#2725,#2726);
#2454=AXIS2_PLACEMENT_3D('',#3445,#2728,#2729);
#2455=AXIS2_PLACEMENT_3D('',#3465,#2739,#2740);
#2456=AXIS2_PLACEMENT_3D('',#3469,#2742,#2743);
#2457=AXIS2_PLACEMENT_3D('',#3473,#2745,#2746);
#2458=AXIS2_PLACEMENT_3D('',#3476,#2748,#2749);
#2459=AXIS2_PLACEMENT_3D('',#3480,#2751,#2752);
#2460=AXIS2_PLACEMENT_3D('',#3500,#2762,#2763);
#2461=AXIS2_PLACEMENT_3D('',#3502,#2765,#2766);
#2462=AXIS2_PLACEMENT_3D('',#3505,#2767,#2768);
#2463=AXIS2_PLACEMENT_3D('',#3509,#2770,#2771);
#2464=AXIS2_PLACEMENT_3D('',#3511,#2773,#2774);
#2465=AXIS2_PLACEMENT_3D('',#3516,#2776,#2777);
#2466=AXIS2_PLACEMENT_3D('',#3520,#2779,#2780);
#2467=AXIS2_PLACEMENT_3D('',#3524,#2782,#2783);
#2468=AXIS2_PLACEMENT_3D('',#3527,#2785,#2786);
#2469=AXIS2_PLACEMENT_3D('',#3563,#2804,#2805);
#2470=AXIS2_PLACEMENT_3D('',#3574,#2811,#2812);
#2471=AXIS2_PLACEMENT_3D('',#3580,#2815,#2816);
#2472=AXIS2_PLACEMENT_3D('',#3583,#2818,#2819);
#2473=AXIS2_PLACEMENT_3D('',#3587,#2821,#2822);
#2474=AXIS2_PLACEMENT_3D('',#3591,#2824,#2825);
#2475=AXIS2_PLACEMENT_3D('',#3595,#2827,#2828);
#2476=AXIS2_PLACEMENT_3D('',#3601,#2831,#2832);
#2477=AXIS2_PLACEMENT_3D('',#3609,#2836,#2837);
#2478=AXIS2_PLACEMENT_3D('',#3615,#2840,#2841);
#2479=AXIS2_PLACEMENT_3D('',#3619,#2843,#2844);
#2480=AXIS2_PLACEMENT_3D('',#3623,#2846,#2847);
#2481=AXIS2_PLACEMENT_3D('',#3626,#2849,#2850);
#2482=AXIS2_PLACEMENT_3D('',#3630,#2852,#2853);
#2483=AXIS2_PLACEMENT_3D('',#3636,#2856,#2857);
#2484=AXIS2_PLACEMENT_3D('',#3644,#2861,#2862);
#2485=AXIS2_PLACEMENT_3D('',#3650,#2865,#2866);
#2486=AXIS2_PLACEMENT_3D('',#3653,#2868,#2869);
#2487=AXIS2_PLACEMENT_3D('',#3657,#2871,#2872);
#2488=AXIS2_PLACEMENT_3D('',#3661,#2874,#2875);
#2489=AXIS2_PLACEMENT_3D('',#3667,#2878,#2879);
#2490=AXIS2_PLACEMENT_3D('',#3675,#2883,#2884);
#2491=AXIS2_PLACEMENT_3D('',#3681,#2887,#2888);
#2492=AXIS2_PLACEMENT_3D('',#3685,#2890,#2891);
#2493=AXIS2_PLACEMENT_3D('',#3688,#2893,#2894);
#2494=AXIS2_PLACEMENT_3D('',#3689,#2895,#2896);
#2495=AXIS2_PLACEMENT_3D('',#3693,#2898,#2899);
#2496=AXIS2_PLACEMENT_3D('',#3695,#2901,#2902);
#2497=AXIS2_PLACEMENT_3D('',#3699,#2905,#2906);
#2498=AXIS2_PLACEMENT_3D('',#3702,#2907,#2908);
#2499=AXIS2_PLACEMENT_3D('',#3705,#2911,#2912);
#2500=AXIS2_PLACEMENT_3D('',#3709,#2915,#2916);
#2501=AXIS2_PLACEMENT_3D('',#3717,#2920,#2921);
#2502=AXIS2_PLACEMENT_3D('',#3722,#2924,#2925);
#2503=AXIS2_PLACEMENT_3D('',#3724,#2926,#2927);
#2504=AXIS2_PLACEMENT_3D('',#3725,#2928,#2929);
#2505=AXIS2_PLACEMENT_3D('',#3728,#2932,#2933);
#2506=AXIS2_PLACEMENT_3D('',#3730,#2935,#2936);
#2507=AXIS2_PLACEMENT_3D('',#3733,#2937,#2938);
#2508=AXIS2_PLACEMENT_3D('',#3736,#2941,#2942);
#2509=AXIS2_PLACEMENT_3D('',#3740,#2945,#2946);
#2510=AXIS2_PLACEMENT_3D('',#3748,#2950,#2951);
#2511=AXIS2_PLACEMENT_3D('',#3753,#2954,#2955);
#2512=AXIS2_PLACEMENT_3D('',#3755,#2956,#2957);
#2513=AXIS2_PLACEMENT_3D('',#3756,#2958,#2959);
#2514=AXIS2_PLACEMENT_3D('',#3759,#2962,#2963);
#2515=AXIS2_PLACEMENT_3D('',#3761,#2965,#2966);
#2516=AXIS2_PLACEMENT_3D('',#3764,#2967,#2968);
#2517=AXIS2_PLACEMENT_3D('',#3767,#2971,#2972);
#2518=AXIS2_PLACEMENT_3D('',#3771,#2975,#2976);
#2519=AXIS2_PLACEMENT_3D('',#3779,#2980,#2981);
#2520=AXIS2_PLACEMENT_3D('',#3784,#2984,#2985);
#2521=AXIS2_PLACEMENT_3D('',#3786,#2986,#2987);
#2522=AXIS2_PLACEMENT_3D('',#3787,#2988,#2989);
#2523=AXIS2_PLACEMENT_3D('',#3790,#2992,#2993);
#2524=AXIS2_PLACEMENT_3D('',#3792,#2995,#2996);
#2525=AXIS2_PLACEMENT_3D('',#3795,#2999,#3000);
#2526=AXIS2_PLACEMENT_3D('',#3798,#3003,#3004);
#2527=AXIS2_PLACEMENT_3D('',#3801,#3007,#3008);
#2528=AXIS2_PLACEMENT_3D('',#3804,#3011,#3012);
#2529=AXIS2_PLACEMENT_3D('',#3807,#3015,#3016);
#2530=AXIS2_PLACEMENT_3D('',#3813,#3020,#3021);
#2531=AXIS2_PLACEMENT_3D('',#3816,#3024,#3025);
#2532=AXIS2_PLACEMENT_3D('',#3819,#3028,#3029);
#2533=AXIS2_PLACEMENT_3D('',#3822,#3032,#3033);
#2534=AXIS2_PLACEMENT_3D('',#3825,#3036,#3037);
#2535=AXIS2_PLACEMENT_3D('',#3828,#3040,#3041);
#2536=AXIS2_PLACEMENT_3D('',#3831,#3044,#3045);
#2537=AXIS2_PLACEMENT_3D('',#3834,#3048,#3049);
#2538=AXIS2_PLACEMENT_3D('',#3838,#3052,#3053);
#2539=AXIS2_PLACEMENT_3D('',#3840,#3054,#3055);
#2540=AXIS2_PLACEMENT_3D('',#3842,#3057,#3058);
#2541=AXIS2_PLACEMENT_3D('',#3843,#3059,#3060);
#2542=AXIS2_PLACEMENT_3D('',#3844,#3061,#3062);
#2543=AXIS2_PLACEMENT_3D('',#3846,#3063,#3064);
#2544=AXIS2_PLACEMENT_3D('',#3847,#3065,#3066);
#2545=AXIS2_PLACEMENT_3D('',#3849,#3068,#3069);
#2546=AXIS2_PLACEMENT_3D('',#3851,#3070,#3071);
#2547=AXIS2_PLACEMENT_3D('',#3852,#3072,#3073);
#2548=AXIS2_PLACEMENT_3D('',#3855,#3075,#3076);
#2549=AXIS2_PLACEMENT_3D('',#3856,#3077,#3078);
#2550=AXIS2_PLACEMENT_3D('',#3859,#3081,#3082);
#2551=AXIS2_PLACEMENT_3D('',#3860,#3083,#3084);
#2552=AXIS2_PLACEMENT_3D('',#3862,#3085,#3086);
#2553=AXIS2_PLACEMENT_3D('',#3864,#3088,#3089);
#2554=AXIS2_PLACEMENT_3D('',#3865,#3090,#3091);
#2555=AXIS2_PLACEMENT_3D('',#3867,#3093,#3094);
#2556=AXIS2_PLACEMENT_3D('',#3868,#3095,#3096);
#2557=AXIS2_PLACEMENT_3D('',#3870,#3097,#3098);
#2558=AXIS2_PLACEMENT_3D('',#3872,#3100,#3101);
#2559=AXIS2_PLACEMENT_3D('',#3873,#3102,#3103);
#2560=AXIS2_PLACEMENT_3D('',#3875,#3104,#3105);
#2561=AXIS2_PLACEMENT_3D('',#3876,#3106,#3107);
#2562=AXIS2_PLACEMENT_3D('',#3878,#3109,#3110);
#2563=AXIS2_PLACEMENT_3D('',#3880,#3112,#3113);
#2564=AXIS2_PLACEMENT_3D('',#3883,#3115,#3116);
#2565=AXIS2_PLACEMENT_3D('',#3884,#3117,#3118);
#2566=AXIS2_PLACEMENT_3D('',#3886,#3120,#3121);
#2567=AXIS2_PLACEMENT_3D('',#3888,#3123,#3124);
#2568=AXIS2_PLACEMENT_3D('',#3891,#3127,#3128);
#2569=AXIS2_PLACEMENT_3D('',#3893,#3130,#3131);
#2570=AXIS2_PLACEMENT_3D('',#3895,#3133,#3134);
#2571=AXIS2_PLACEMENT_3D('',#3897,#3136,#3137);
#2572=AXIS2_PLACEMENT_3D('',#3899,#3139,#3140);
#2573=AXIS2_PLACEMENT_3D('',#3901,#3142,#3143);
#2574=AXIS2_PLACEMENT_3D('',#3903,#3145,#3146);
#2575=AXIS2_PLACEMENT_3D('',#3904,#3147,#3148);
#2576=AXIS2_PLACEMENT_3D('',#3907,#3151,#3152);
#2577=AXIS2_PLACEMENT_3D('',#3908,#3153,#3154);
#2578=AXIS2_PLACEMENT_3D('',#3910,#3156,#3157);
#2579=AXIS2_PLACEMENT_3D('',#3912,#3159,#3160);
#2580=AXIS2_PLACEMENT_3D('',#3914,#3162,#3163);
#2581=AXIS2_PLACEMENT_3D('',#3916,#3165,#3166);
#2582=AXIS2_PLACEMENT_3D('',#3918,#3168,#3169);
#2583=AXIS2_PLACEMENT_3D('',#3919,#3170,#3171);
#2584=AXIS2_PLACEMENT_3D('',#3921,#3173,#3174);
#2585=AXIS2_PLACEMENT_3D('',#3923,#3176,#3177);
#2586=AXIS2_PLACEMENT_3D('',#3925,#3179,#3180);
#2587=AXIS2_PLACEMENT_3D('',#3927,#3182,#3183);
#2588=AXIS2_PLACEMENT_3D('',#3929,#3185,#3186);
#2589=AXIS2_PLACEMENT_3D('',#3931,#3188,#3189);
#2590=AXIS2_PLACEMENT_3D('',#3932,#3190,#3191);
#2591=AXIS2_PLACEMENT_3D('',#3934,#3193,#3194);
#2592=AXIS2_PLACEMENT_3D('',#3936,#3196,#3197);
#2593=AXIS2_PLACEMENT_3D('',#3938,#3199,#3200);
#2594=AXIS2_PLACEMENT_3D('',#3940,#3202,#3203);
#2595=AXIS2_PLACEMENT_3D('',#3942,#3205,#3206);
#2596=AXIS2_PLACEMENT_3D('',#3944,#3208,#3209);
#2597=AXIS2_PLACEMENT_3D('',#3945,#3210,#3211);
#2598=AXIS2_PLACEMENT_3D('',#3947,#3213,#3214);
#2599=AXIS2_PLACEMENT_3D('',#3949,#3216,#3217);
#2600=AXIS2_PLACEMENT_3D('',#3951,#3219,#3220);
#2601=AXIS2_PLACEMENT_3D('',#3953,#3222,#3223);
#2602=AXIS2_PLACEMENT_3D('',#3955,#3225,#3226);
#2603=AXIS2_PLACEMENT_3D('',#3957,#3228,#3229);
#2604=AXIS2_PLACEMENT_3D('',#3959,#3231,#3232);
#2605=AXIS2_PLACEMENT_3D('',#3961,#3234,#3235);
#2606=AXIS2_PLACEMENT_3D('',#3963,#3237,#3238);
#2607=AXIS2_PLACEMENT_3D('',#3965,#3240,#3241);
#2608=AXIS2_PLACEMENT_3D('',#3967,#3243,#3244);
#2609=AXIS2_PLACEMENT_3D('',#3969,#3246,#3247);
#2610=AXIS2_PLACEMENT_3D('',#3971,#3249,#3250);
#2611=AXIS2_PLACEMENT_3D('',#3973,#3252,#3253);
#2612=AXIS2_PLACEMENT_3D('',#3975,#3255,#3256);
#2613=AXIS2_PLACEMENT_3D('',#3977,#3258,#3259);
#2614=AXIS2_PLACEMENT_3D('',#3978,#3260,#3261);
#2615=AXIS2_PLACEMENT_3D('',#3980,#3263,#3264);
#2616=AXIS2_PLACEMENT_3D('',#3982,#3266,#3267);
#2617=AXIS2_PLACEMENT_3D('',#3984,#3269,#3270);
#2618=AXIS2_PLACEMENT_3D('',#3986,#3272,#3273);
#2619=AXIS2_PLACEMENT_3D('',#3987,#3274,#3275);
#2620=AXIS2_PLACEMENT_3D('',#3989,#3277,#3278);
#2621=AXIS2_PLACEMENT_3D('',#3990,#3279,#3280);
#2622=AXIS2_PLACEMENT_3D('',#3991,#3281,#3282);
#2623=AXIS2_PLACEMENT_3D('',#3993,#3284,#3285);
#2624=AXIS2_PLACEMENT_3D('',#3995,#3287,#3288);
#2625=AXIS2_PLACEMENT_3D('',#3996,#3289,#3290);
#2626=AXIS2_PLACEMENT_3D('',#3997,#3291,#3292);
#2627=AXIS2_PLACEMENT_3D('',#3998,#3293,#3294);
#2628=AXIS2_PLACEMENT_3D('',#3999,#3295,#3296);
#2629=AXIS2_PLACEMENT_3D('',#4000,#3297,#3298);
#2630=AXIS2_PLACEMENT_3D('',#4001,#3299,#3300);
#2631=AXIS2_PLACEMENT_3D('',#4003,#3301,#3302);
#2632=AXIS2_PLACEMENT_3D('',#4005,#3304,#3305);
#2633=AXIS2_PLACEMENT_3D('',#4006,#3306,#3307);
#2634=AXIS2_PLACEMENT_3D('',#4008,#3308,#3309);
#2635=AXIS2_PLACEMENT_3D('',#4010,#3311,#3312);
#2636=AXIS2_PLACEMENT_3D('',#4011,#3313,#3314);
#2637=DIRECTION('axis',(0.,0.,1.));
#2638=DIRECTION('refdir',(1.,0.,0.));
#2639=DIRECTION('axis',(0.,0.,1.));
#2640=DIRECTION('refdir',(1.,0.,0.));
#2641=DIRECTION('center_axis',(-0.999827383685682,-0.0185796348792077,0.));
#2642=DIRECTION('ref_axis',(-0.0185796348792077,0.999827383685682,0.));
#2643=DIRECTION('',(-0.0185796348792077,0.999827383685682,0.));
#2644=DIRECTION('',(0.,0.,1.));
#2645=DIRECTION('',(0.0185796348792077,-0.999827383685682,0.));
#2646=DIRECTION('',(0.,0.,1.));
#2647=DIRECTION('center_axis',(0.99982738368568,0.0185796348792834,0.));
#2648=DIRECTION('ref_axis',(0.0185796348792834,-0.99982738368568,0.));
#2649=DIRECTION('',(0.0185796348792834,-0.99982738368568,0.));
#2650=DIRECTION('',(0.,0.,1.));
#2651=DIRECTION('',(-0.0185796348792834,0.99982738368568,0.));
#2652=DIRECTION('',(0.,0.,1.));
#2653=DIRECTION('center_axis',(-0.999827383685681,0.0185796348792328,0.));
#2654=DIRECTION('ref_axis',(0.0185796348792328,0.999827383685681,0.));
#2655=DIRECTION('',(0.0185796348792328,0.999827383685681,0.));
#2656=DIRECTION('',(0.,0.,1.));
#2657=DIRECTION('',(-0.0185796348792328,-0.999827383685681,0.));
#2658=DIRECTION('',(0.,0.,1.));
#2659=DIRECTION('center_axis',(0.999827383685682,-0.0185796348791838,0.));
#2660=DIRECTION('ref_axis',(-0.0185796348791838,-0.999827383685682,0.));
#2661=DIRECTION('',(-0.0185796348791838,-0.999827383685682,0.));
#2662=DIRECTION('',(0.,0.,1.));
#2663=DIRECTION('',(0.0185796348791838,0.999827383685682,0.));
#2664=DIRECTION('',(0.,0.,1.));
#2665=DIRECTION('center_axis',(0.,0.,1.));
#2666=DIRECTION('ref_axis',(-1.,0.,0.));
#2667=DIRECTION('',(0.,1.,0.));
#2668=DIRECTION('center_axis',(0.,0.,1.));
#2669=DIRECTION('ref_axis',(-1.,0.,0.));
#2670=DIRECTION('',(1.,0.,0.));
#2671=DIRECTION('center_axis',(0.,0.,1.));
#2672=DIRECTION('ref_axis',(-1.,0.,0.));
#2673=DIRECTION('',(0.,-1.,0.));
#2674=DIRECTION('center_axis',(0.,0.,1.));
#2675=DIRECTION('ref_axis',(-1.,0.,0.));
#2676=DIRECTION('',(-1.,0.,0.));
#2677=DIRECTION('center_axis',(0.,0.,1.));
#2678=DIRECTION('ref_axis',(-1.,0.,0.));
#2679=DIRECTION('center_axis',(0.,0.,1.));
#2680=DIRECTION('ref_axis',(-1.,0.,0.));
#2681=DIRECTION('',(0.,1.,0.));
#2682=DIRECTION('center_axis',(0.,0.,1.));
#2683=DIRECTION('ref_axis',(-1.,0.,0.));
#2684=DIRECTION('',(-0.707106781186548,-0.707106781186548,0.));
#2685=DIRECTION('center_axis',(0.,0.,1.));
#2686=DIRECTION('ref_axis',(-1.,0.,0.));
#2687=DIRECTION('',(1.,0.,0.));
#2688=DIRECTION('',(0.,-1.,0.));
#2689=DIRECTION('',(1.,0.,0.));
#2690=DIRECTION('',(0.,1.,0.));
#2691=DIRECTION('',(1.,0.,0.));
#2692=DIRECTION('',(0.,1.,0.));
#2693=DIRECTION('',(1.,0.,0.));
#2694=DIRECTION('',(0.,-1.,0.));
#2695=DIRECTION('',(1.,0.,0.));
#2696=DIRECTION('center_axis',(0.,0.,1.));
#2697=DIRECTION('ref_axis',(-1.,0.,0.));
#2698=DIRECTION('',(0.707106781186547,-0.707106781186548,0.));
#2699=DIRECTION('center_axis',(0.,0.,1.));
#2700=DIRECTION('ref_axis',(-1.,0.,0.));
#2701=DIRECTION('',(0.,-1.,0.));
#2702=DIRECTION('center_axis',(0.,0.,1.));
#2703=DIRECTION('ref_axis',(-1.,0.,0.));
#2704=DIRECTION('',(0.,-1.,0.));
#2705=DIRECTION('center_axis',(0.,0.,1.));
#2706=DIRECTION('ref_axis',(-1.,0.,0.));
#2707=DIRECTION('',(0.,1.,0.));
#2708=DIRECTION('',(1.,0.,0.));
#2709=DIRECTION('',(0.,1.,0.));
#2710=DIRECTION('',(-1.,0.,0.));
#2711=DIRECTION('',(0.,1.,0.));
#2712=DIRECTION('',(1.,0.,0.));
#2713=DIRECTION('',(0.,1.,0.));
#2714=DIRECTION('',(-1.,0.,0.));
#2715=DIRECTION('',(0.,1.,0.));
#2716=DIRECTION('center_axis',(0.,0.,1.));
#2717=DIRECTION('ref_axis',(-1.,0.,0.));
#2718=DIRECTION('',(0.,-1.,0.));
#2719=DIRECTION('center_axis',(0.,0.,1.));
#2720=DIRECTION('ref_axis',(-1.,0.,0.));
#2721=DIRECTION('',(1.,0.,0.));
#2722=DIRECTION('center_axis',(0.,0.,1.));
#2723=DIRECTION('ref_axis',(-1.,0.,0.));
#2724=DIRECTION('',(0.,-1.,0.));
#2725=DIRECTION('center_axis',(0.,0.,1.));
#2726=DIRECTION('ref_axis',(-1.,0.,0.));
#2727=DIRECTION('',(-0.707106781186547,-0.707106781186548,0.));
#2728=DIRECTION('center_axis',(0.,0.,1.));
#2729=DIRECTION('ref_axis',(-1.,0.,0.));
#2730=DIRECTION('',(-1.,0.,0.));
#2731=DIRECTION('',(0.,-1.,0.));
#2732=DIRECTION('',(-1.,0.,0.));
#2733=DIRECTION('',(0.,1.,0.));
#2734=DIRECTION('',(-1.,0.,0.));
#2735=DIRECTION('',(0.,-1.,0.));
#2736=DIRECTION('',(-1.,0.,0.));
#2737=DIRECTION('',(0.,1.,0.));
#2738=DIRECTION('',(-1.,0.,0.));
#2739=DIRECTION('center_axis',(0.,0.,1.));
#2740=DIRECTION('ref_axis',(-1.,0.,0.));
#2741=DIRECTION('',(0.707106781186548,-0.707106781186547,0.));
#2742=DIRECTION('center_axis',(0.,0.,1.));
#2743=DIRECTION('ref_axis',(-1.,0.,0.));
#2744=DIRECTION('',(0.,1.,0.));
#2745=DIRECTION('center_axis',(0.,0.,1.));
#2746=DIRECTION('ref_axis',(-1.,0.,0.));
#2747=DIRECTION('',(1.,0.,0.));
#2748=DIRECTION('center_axis',(0.,0.,1.));
#2749=DIRECTION('ref_axis',(-1.,0.,0.));
#2750=DIRECTION('',(0.,1.,0.));
#2751=DIRECTION('center_axis',(0.,0.,1.));
#2752=DIRECTION('ref_axis',(-1.,0.,0.));
#2753=DIRECTION('',(0.,-1.,0.));
#2754=DIRECTION('',(1.,0.,0.));
#2755=DIRECTION('',(0.,-1.,0.));
#2756=DIRECTION('',(-1.,0.,0.));
#2757=DIRECTION('',(0.,-1.,0.));
#2758=DIRECTION('',(1.,0.,0.));
#2759=DIRECTION('',(0.,-1.,0.));
#2760=DIRECTION('',(-1.,0.,0.));
#2761=DIRECTION('',(0.,-1.,0.));
#2762=DIRECTION('center_axis',(0.,0.,1.));
#2763=DIRECTION('ref_axis',(-1.,0.,0.));
#2764=DIRECTION('',(0.,1.,0.));
#2765=DIRECTION('center_axis',(0.,0.,1.));
#2766=DIRECTION('ref_axis',(-0.866025403784438,-0.500000000000001,0.));
#2767=DIRECTION('center_axis',(0.,0.,1.));
#2768=DIRECTION('ref_axis',(-0.866025403784438,-0.500000000000001,0.));
#2769=DIRECTION('',(0.,0.,1.));
#2770=DIRECTION('center_axis',(0.,0.,-1.));
#2771=DIRECTION('ref_axis',(-0.866025403784438,-0.500000000000001,0.));
#2772=DIRECTION('',(0.,0.,1.));
#2773=DIRECTION('center_axis',(0.,0.,1.));
#2774=DIRECTION('ref_axis',(-1.,0.,0.));
#2775=DIRECTION('',(0.,-1.,0.));
#2776=DIRECTION('center_axis',(0.,0.,1.));
#2777=DIRECTION('ref_axis',(-1.,0.,0.));
#2778=DIRECTION('',(1.,0.,0.));
#2779=DIRECTION('center_axis',(0.,0.,1.));
#2780=DIRECTION('ref_axis',(-1.,0.,0.));
#2781=DIRECTION('',(0.,1.,0.));
#2782=DIRECTION('center_axis',(0.,0.,1.));
#2783=DIRECTION('ref_axis',(-1.,0.,0.));
#2784=DIRECTION('',(-1.,0.,0.));
#2785=DIRECTION('center_axis',(0.,0.,1.));
#2786=DIRECTION('ref_axis',(-1.,0.,0.));
#2787=DIRECTION('',(1.,0.,0.));
#2788=DIRECTION('',(0.,-1.,0.));
#2789=DIRECTION('',(-1.,0.,0.));
#2790=DIRECTION('',(0.,1.,0.));
#2791=DIRECTION('',(0.,1.,0.));
#2792=DIRECTION('',(1.,0.,0.));
#2793=DIRECTION('',(0.,-1.,0.));
#2794=DIRECTION('',(-1.,0.,0.));
#2795=DIRECTION('',(1.,0.,0.));
#2796=DIRECTION('',(0.,-1.,0.));
#2797=DIRECTION('',(-1.,0.,0.));
#2798=DIRECTION('',(0.,1.,0.));
#2799=DIRECTION('',(-1.,0.,0.));
#2800=DIRECTION('',(0.,1.,0.));
#2801=DIRECTION('',(1.,0.,0.));
#2802=DIRECTION('',(0.,-1.,0.));
#2803=DIRECTION('',(0.,1.,0.));
#2804=DIRECTION('center_axis',(0.,0.,1.));
#2805=DIRECTION('ref_axis',(-1.,0.,0.));
#2806=DIRECTION('',(0.,1.,0.));
#2807=DIRECTION('',(1.,0.,0.));
#2808=DIRECTION('',(1.,0.,0.));
#2809=DIRECTION('',(0.,1.,0.));
#2810=DIRECTION('',(-1.,0.,0.));
#2811=DIRECTION('center_axis',(0.,0.,-1.));
#2812=DIRECTION('ref_axis',(-0.866025403784438,0.500000000000001,0.));
#2813=DIRECTION('',(-1.,0.,0.));
#2814=DIRECTION('',(0.,1.,0.));
#2815=DIRECTION('center_axis',(0.,0.,1.));
#2816=DIRECTION('ref_axis',(-1.,0.,0.));
#2817=DIRECTION('',(0.,1.,0.));
#2818=DIRECTION('center_axis',(0.,0.,-1.));
#2819=DIRECTION('ref_axis',(-1.,0.,0.));
#2820=DIRECTION('',(-1.,0.,0.));
#2821=DIRECTION('center_axis',(0.,0.,-1.));
#2822=DIRECTION('ref_axis',(-1.,0.,0.));
#2823=DIRECTION('',(0.,-1.,0.));
#2824=DIRECTION('center_axis',(0.,0.,-1.));
#2825=DIRECTION('ref_axis',(-1.,0.,0.));
#2826=DIRECTION('',(0.707106781186548,-0.707106781186547,0.));
#2827=DIRECTION('center_axis',(0.,0.,1.));
#2828=DIRECTION('ref_axis',(-1.,0.,0.));
#2829=DIRECTION('',(1.,0.,0.));
#2830=DIRECTION('',(0.,-1.,0.));
#2831=DIRECTION('center_axis',(0.,0.,-1.));
#2832=DIRECTION('ref_axis',(-0.5,0.866025403784439,0.));
#2833=DIRECTION('',(0.,-1.,0.));
#2834=DIRECTION('',(1.,0.,0.));
#2835=DIRECTION('',(0.,1.,0.));
#2836=DIRECTION('center_axis',(0.,0.,-1.));
#2837=DIRECTION('ref_axis',(0.5,0.866025403784439,0.));
#2838=DIRECTION('',(0.,1.,0.));
#2839=DIRECTION('',(1.,0.,0.));
#2840=DIRECTION('center_axis',(0.,0.,1.));
#2841=DIRECTION('ref_axis',(-1.,0.,0.));
#2842=DIRECTION('',(0.707106781186547,0.707106781186548,0.));
#2843=DIRECTION('center_axis',(0.,0.,-1.));
#2844=DIRECTION('ref_axis',(-1.,0.,0.));
#2845=DIRECTION('',(0.,1.,0.));
#2846=DIRECTION('center_axis',(0.,0.,-1.));
#2847=DIRECTION('ref_axis',(-1.,0.,0.));
#2848=DIRECTION('',(-1.,0.,0.));
#2849=DIRECTION('center_axis',(0.,0.,-1.));
#2850=DIRECTION('ref_axis',(-1.,0.,0.));
#2851=DIRECTION('',(0.,-1.,0.));
#2852=DIRECTION('center_axis',(0.,0.,1.));
#2853=DIRECTION('ref_axis',(-1.,0.,0.));
#2854=DIRECTION('',(0.,-1.,0.));
#2855=DIRECTION('',(-1.,0.,0.));
#2856=DIRECTION('center_axis',(0.,0.,-1.));
#2857=DIRECTION('ref_axis',(0.866025403784439,0.499999999999999,0.));
#2858=DIRECTION('',(-1.,0.,0.));
#2859=DIRECTION('',(0.,-1.,0.));
#2860=DIRECTION('',(1.,0.,0.));
#2861=DIRECTION('center_axis',(0.,0.,-1.));
#2862=DIRECTION('ref_axis',(0.866025403784439,-0.499999999999999,0.));
#2863=DIRECTION('',(1.,0.,0.));
#2864=DIRECTION('',(0.,-1.,0.));
#2865=DIRECTION('center_axis',(0.,0.,1.));
#2866=DIRECTION('ref_axis',(-1.,0.,0.));
#2867=DIRECTION('',(0.,-1.,0.));
#2868=DIRECTION('center_axis',(0.,0.,-1.));
#2869=DIRECTION('ref_axis',(-1.,0.,0.));
#2870=DIRECTION('',(0.,1.,0.));
#2871=DIRECTION('center_axis',(0.,0.,-1.));
#2872=DIRECTION('ref_axis',(-1.,0.,0.));
#2873=DIRECTION('',(-0.707106781186547,0.707106781186548,0.));
#2874=DIRECTION('center_axis',(0.,0.,1.));
#2875=DIRECTION('ref_axis',(-1.,0.,0.));
#2876=DIRECTION('',(-1.,0.,0.));
#2877=DIRECTION('',(0.,1.,0.));
#2878=DIRECTION('center_axis',(0.,0.,-1.));
#2879=DIRECTION('ref_axis',(0.500000000000001,-0.866025403784438,0.));
#2880=DIRECTION('',(0.,1.,0.));
#2881=DIRECTION('',(-1.,0.,0.));
#2882=DIRECTION('',(0.,-1.,0.));
#2883=DIRECTION('center_axis',(0.,0.,-1.));
#2884=DIRECTION('ref_axis',(-0.500000000000001,-0.866025403784438,0.));
#2885=DIRECTION('',(0.,-1.,0.));
#2886=DIRECTION('',(-1.,0.,0.));
#2887=DIRECTION('center_axis',(0.,0.,1.));
#2888=DIRECTION('ref_axis',(-1.,0.,0.));
#2889=DIRECTION('',(-0.707106781186548,-0.707106781186548,0.));
#2890=DIRECTION('center_axis',(0.,0.,-1.));
#2891=DIRECTION('ref_axis',(-1.,0.,0.));
#2892=DIRECTION('',(0.,-1.,0.));
#2893=DIRECTION('center_axis',(0.,0.,-1.));
#2894=DIRECTION('ref_axis',(-1.,0.,0.));
#2895=DIRECTION('center_axis',(0.,0.,-1.));
#2896=DIRECTION('ref_axis',(-0.866025403784438,0.500000000000001,0.));
#2897=DIRECTION('',(0.,0.,-1.));
#2898=DIRECTION('center_axis',(0.,0.,1.));
#2899=DIRECTION('ref_axis',(-0.866025403784438,0.500000000000001,0.));
#2900=DIRECTION('',(0.,0.,-1.));
#2901=DIRECTION('center_axis',(0.,1.,0.));
#2902=DIRECTION('ref_axis',(-1.,0.,0.));
#2903=DIRECTION('',(0.,0.,1.));
#2904=DIRECTION('',(-1.,0.,0.));
#2905=DIRECTION('center_axis',(0.,0.,1.));
#2906=DIRECTION('ref_axis',(-0.5,0.866025403784439,0.));
#2907=DIRECTION('center_axis',(0.,0.,1.));
#2908=DIRECTION('ref_axis',(-0.5,0.866025403784439,0.));
#2909=DIRECTION('',(0.,0.,1.));
#2910=DIRECTION('',(0.,0.,1.));
#2911=DIRECTION('center_axis',(-1.,0.,0.));
#2912=DIRECTION('ref_axis',(0.,-1.,0.));
#2913=DIRECTION('',(0.,1.,0.));
#2914=DIRECTION('',(0.,0.,1.));
#2915=DIRECTION('center_axis',(0.,0.,1.));
#2916=DIRECTION('ref_axis',(-1.,0.,0.));
#2917=DIRECTION('',(-1.,0.,0.));
#2918=DIRECTION('',(-1.,0.,0.));
#2919=DIRECTION('',(-1.,0.,0.));
#2920=DIRECTION('center_axis',(0.,0.,1.));
#2921=DIRECTION('ref_axis',(0.5,0.866025403784439,0.));
#2922=DIRECTION('',(0.,1.,0.));
#2923=DIRECTION('',(1.,0.,0.));
#2924=DIRECTION('center_axis',(0.,0.,-1.));
#2925=DIRECTION('ref_axis',(-1.,0.,0.));
#2926=DIRECTION('center_axis',(0.,0.,-1.));
#2927=DIRECTION('ref_axis',(-1.,0.,0.));
#2928=DIRECTION('center_axis',(0.,0.,-1.));
#2929=DIRECTION('ref_axis',(0.5,0.866025403784439,0.));
#2930=DIRECTION('',(0.,0.,-1.));
#2931=DIRECTION('',(0.,0.,-1.));
#2932=DIRECTION('center_axis',(1.,0.,0.));
#2933=DIRECTION('ref_axis',(0.,1.,0.));
#2934=DIRECTION('',(0.,0.,1.));
#2935=DIRECTION('center_axis',(0.,0.,1.));
#2936=DIRECTION('ref_axis',(0.866025403784439,0.499999999999999,0.));
#2937=DIRECTION('center_axis',(0.,0.,1.));
#2938=DIRECTION('ref_axis',(0.866025403784439,0.499999999999999,0.));
#2939=DIRECTION('',(0.,0.,1.));
#2940=DIRECTION('',(0.,0.,1.));
#2941=DIRECTION('center_axis',(0.,1.,0.));
#2942=DIRECTION('ref_axis',(-1.,0.,0.));
#2943=DIRECTION('',(1.,0.,0.));
#2944=DIRECTION('',(0.,0.,1.));
#2945=DIRECTION('center_axis',(0.,0.,1.));
#2946=DIRECTION('ref_axis',(-1.,0.,0.));
#2947=DIRECTION('',(0.,1.,0.));
#2948=DIRECTION('',(0.,-1.,0.));
#2949=DIRECTION('',(0.,1.,0.));
#2950=DIRECTION('center_axis',(0.,0.,1.));
#2951=DIRECTION('ref_axis',(0.866025403784439,-0.499999999999999,0.));
#2952=DIRECTION('',(-1.,0.,0.));
#2953=DIRECTION('',(0.,-1.,0.));
#2954=DIRECTION('center_axis',(0.,0.,-1.));
#2955=DIRECTION('ref_axis',(-1.,0.,0.));
#2956=DIRECTION('center_axis',(0.,0.,-1.));
#2957=DIRECTION('ref_axis',(-1.,0.,0.));
#2958=DIRECTION('center_axis',(0.,0.,-1.));
#2959=DIRECTION('ref_axis',(0.866025403784439,-0.499999999999999,0.));
#2960=DIRECTION('',(0.,0.,-1.));
#2961=DIRECTION('',(0.,0.,-1.));
#2962=DIRECTION('center_axis',(0.,-1.,0.));
#2963=DIRECTION('ref_axis',(1.,0.,0.));
#2964=DIRECTION('',(0.,0.,1.));
#2965=DIRECTION('center_axis',(0.,0.,1.));
#2966=DIRECTION('ref_axis',(0.500000000000001,-0.866025403784438,0.));
#2967=DIRECTION('center_axis',(0.,0.,1.));
#2968=DIRECTION('ref_axis',(0.500000000000001,-0.866025403784438,0.));
#2969=DIRECTION('',(0.,0.,1.));
#2970=DIRECTION('',(0.,0.,1.));
#2971=DIRECTION('center_axis',(1.,0.,0.));
#2972=DIRECTION('ref_axis',(0.,1.,0.));
#2973=DIRECTION('',(0.,-1.,0.));
#2974=DIRECTION('',(0.,0.,1.));
#2975=DIRECTION('center_axis',(0.,0.,1.));
#2976=DIRECTION('ref_axis',(-1.,0.,0.));
#2977=DIRECTION('',(1.,0.,0.));
#2978=DIRECTION('',(-1.,0.,0.));
#2979=DIRECTION('',(1.,0.,0.));
#2980=DIRECTION('center_axis',(0.,0.,1.));
#2981=DIRECTION('ref_axis',(-0.500000000000001,-0.866025403784438,0.));
#2982=DIRECTION('',(0.,1.,0.));
#2983=DIRECTION('',(1.,0.,0.));
#2984=DIRECTION('center_axis',(0.,0.,-1.));
#2985=DIRECTION('ref_axis',(-1.,0.,0.));
#2986=DIRECTION('center_axis',(0.,0.,-1.));
#2987=DIRECTION('ref_axis',(-1.,0.,0.));
#2988=DIRECTION('center_axis',(0.,0.,-1.));
#2989=DIRECTION('ref_axis',(-0.500000000000001,-0.866025403784438,0.));
#2990=DIRECTION('',(0.,0.,-1.));
#2991=DIRECTION('',(0.,0.,-1.));
#2992=DIRECTION('center_axis',(-1.,0.,0.));
#2993=DIRECTION('ref_axis',(0.,-1.,0.));
#2994=DIRECTION('',(0.,0.,1.));
#2995=DIRECTION('center_axis',(1.,0.,0.));
#2996=DIRECTION('ref_axis',(0.,1.,0.));
#2997=DIRECTION('',(0.,0.,-1.));
#2998=DIRECTION('',(0.,0.,1.));
#2999=DIRECTION('center_axis',(0.,1.,0.));
#3000=DIRECTION('ref_axis',(-1.,0.,0.));
#3001=DIRECTION('',(0.,0.,-1.));
#3002=DIRECTION('',(0.,0.,1.));
#3003=DIRECTION('center_axis',(-1.,0.,0.));
#3004=DIRECTION('ref_axis',(0.,-1.,0.));
#3005=DIRECTION('',(0.,0.,-1.));
#3006=DIRECTION('',(0.,0.,1.));
#3007=DIRECTION('center_axis',(0.,-1.,0.));
#3008=DIRECTION('ref_axis',(1.,0.,0.));
#3009=DIRECTION('',(0.,0.,-1.));
#3010=DIRECTION('',(0.,0.,1.));
#3011=DIRECTION('center_axis',(-1.,0.,0.));
#3012=DIRECTION('ref_axis',(0.,-1.,0.));
#3013=DIRECTION('',(0.,0.,-1.));
#3014=DIRECTION('',(0.,0.,1.));
#3015=DIRECTION('center_axis',(-1.,0.,0.));
#3016=DIRECTION('ref_axis',(0.,-1.,0.));
#3017=DIRECTION('',(0.,-1.,0.));
#3018=DIRECTION('',(0.,0.,-1.));
#3019=DIRECTION('',(0.,0.,1.));
#3020=DIRECTION('center_axis',(0.,1.,0.));
#3021=DIRECTION('ref_axis',(-1.,0.,0.));
#3022=DIRECTION('',(0.,0.,-1.));
#3023=DIRECTION('',(0.,0.,1.));
#3024=DIRECTION('center_axis',(1.,0.,0.));
#3025=DIRECTION('ref_axis',(0.,1.,0.));
#3026=DIRECTION('',(0.,0.,1.));
#3027=DIRECTION('',(0.,0.,1.));
#3028=DIRECTION('center_axis',(0.,-1.,0.));
#3029=DIRECTION('ref_axis',(1.,0.,0.));
#3030=DIRECTION('',(0.,0.,-1.));
#3031=DIRECTION('',(0.,0.,1.));
#3032=DIRECTION('center_axis',(1.,0.,0.));
#3033=DIRECTION('ref_axis',(0.,1.,0.));
#3034=DIRECTION('',(0.,0.,-1.));
#3035=DIRECTION('',(0.,0.,1.));
#3036=DIRECTION('center_axis',(0.,-1.,0.));
#3037=DIRECTION('ref_axis',(1.,0.,0.));
#3038=DIRECTION('',(0.,0.,-1.));
#3039=DIRECTION('',(0.,0.,1.));
#3040=DIRECTION('center_axis',(0.,1.,0.));
#3041=DIRECTION('ref_axis',(-1.,0.,0.));
#3042=DIRECTION('',(0.,0.,-1.));
#3043=DIRECTION('',(0.,0.,1.));
#3044=DIRECTION('center_axis',(1.,0.,0.));
#3045=DIRECTION('ref_axis',(0.,1.,0.));
#3046=DIRECTION('',(0.,0.,-1.));
#3047=DIRECTION('',(0.,0.,1.));
#3048=DIRECTION('center_axis',(0.,-1.,0.));
#3049=DIRECTION('ref_axis',(1.,0.,0.));
#3050=DIRECTION('',(1.,0.,0.));
#3051=DIRECTION('',(0.,0.,1.));
#3052=DIRECTION('center_axis',(0.,0.,1.));
#3053=DIRECTION('ref_axis',(-1.,0.,0.));
#3054=DIRECTION('center_axis',(0.,0.,-1.));
#3055=DIRECTION('ref_axis',(-1.,0.,0.));
#3056=DIRECTION('',(0.,0.,1.));
#3057=DIRECTION('center_axis',(0.,0.,1.));
#3058=DIRECTION('ref_axis',(-1.,0.,0.));
#3059=DIRECTION('center_axis',(-1.,0.,0.));
#3060=DIRECTION('ref_axis',(0.,-1.,0.));
#3061=DIRECTION('center_axis',(0.,0.,1.));
#3062=DIRECTION('ref_axis',(-1.,0.,0.));
#3063=DIRECTION('center_axis',(0.,0.,-1.));
#3064=DIRECTION('ref_axis',(-1.,0.,0.));
#3065=DIRECTION('center_axis',(0.,0.,1.));
#3066=DIRECTION('ref_axis',(-1.,0.,0.));
#3067=DIRECTION('',(0.,0.,1.));
#3068=DIRECTION('center_axis',(0.,0.,1.));
#3069=DIRECTION('ref_axis',(-1.,0.,0.));
#3070=DIRECTION('center_axis',(0.,0.,-1.));
#3071=DIRECTION('ref_axis',(-1.,0.,0.));
#3072=DIRECTION('center_axis',(0.,0.,1.));
#3073=DIRECTION('ref_axis',(-1.,0.,0.));
#3074=DIRECTION('',(0.,0.,1.));
#3075=DIRECTION('center_axis',(0.,0.,-1.));
#3076=DIRECTION('ref_axis',(-1.,0.,0.));
#3077=DIRECTION('center_axis',(-1.,0.,0.));
#3078=DIRECTION('ref_axis',(0.,-1.,0.));
#3079=DIRECTION('',(0.,-1.,0.));
#3080=DIRECTION('',(0.,0.,1.));
#3081=DIRECTION('center_axis',(0.,-1.,0.));
#3082=DIRECTION('ref_axis',(1.,0.,0.));
#3083=DIRECTION('center_axis',(0.,0.,1.));
#3084=DIRECTION('ref_axis',(-1.,0.,0.));
#3085=DIRECTION('center_axis',(0.,0.,-1.));
#3086=DIRECTION('ref_axis',(-1.,0.,0.));
#3087=DIRECTION('',(0.,0.,1.));
#3088=DIRECTION('center_axis',(0.,0.,1.));
#3089=DIRECTION('ref_axis',(-1.,0.,0.));
#3090=DIRECTION('center_axis',(0.,1.,0.));
#3091=DIRECTION('ref_axis',(-1.,0.,0.));
#3092=DIRECTION('',(0.,0.,1.));
#3093=DIRECTION('center_axis',(0.,1.,0.));
#3094=DIRECTION('ref_axis',(-1.,0.,0.));
#3095=DIRECTION('center_axis',(0.,0.,1.));
#3096=DIRECTION('ref_axis',(-1.,0.,0.));
#3097=DIRECTION('center_axis',(0.,0.,-1.));
#3098=DIRECTION('ref_axis',(-1.,0.,0.));
#3099=DIRECTION('',(0.,0.,1.));
#3100=DIRECTION('center_axis',(0.,0.,1.));
#3101=DIRECTION('ref_axis',(-1.,0.,0.));
#3102=DIRECTION('center_axis',(0.,0.,1.));
#3103=DIRECTION('ref_axis',(-1.,0.,0.));
#3104=DIRECTION('center_axis',(0.,0.,-1.));
#3105=DIRECTION('ref_axis',(-1.,0.,0.));
#3106=DIRECTION('center_axis',(0.,0.,1.));
#3107=DIRECTION('ref_axis',(-1.,0.,0.));
#3108=DIRECTION('',(0.,0.,1.));
#3109=DIRECTION('center_axis',(1.,0.,0.));
#3110=DIRECTION('ref_axis',(0.,1.,0.));
#3111=DIRECTION('',(0.,1.,0.));
#3112=DIRECTION('center_axis',(0.,0.,1.));
#3113=DIRECTION('ref_axis',(-1.,0.,0.));
#3114=DIRECTION('',(0.,-1.,0.));
#3115=DIRECTION('center_axis',(0.,0.,-1.));
#3116=DIRECTION('ref_axis',(-1.,0.,0.));
#3117=DIRECTION('center_axis',(-1.,0.,0.));
#3118=DIRECTION('ref_axis',(0.,-1.,0.));
#3119=DIRECTION('',(0.,0.,1.));
#3120=DIRECTION('center_axis',(0.,1.,0.));
#3121=DIRECTION('ref_axis',(-1.,0.,0.));
#3122=DIRECTION('',(0.,0.,1.));
#3123=DIRECTION('center_axis',(-1.,0.,0.));
#3124=DIRECTION('ref_axis',(0.,-1.,0.));
#3125=DIRECTION('',(0.,0.,1.));
#3126=DIRECTION('',(0.,0.,1.));
#3127=DIRECTION('center_axis',(0.,0.,1.));
#3128=DIRECTION('ref_axis',(-1.,0.,0.));
#3129=DIRECTION('',(0.,0.,1.));
#3130=DIRECTION('center_axis',(0.,-1.,0.));
#3131=DIRECTION('ref_axis',(1.,0.,0.));
#3132=DIRECTION('',(0.,0.,1.));
#3133=DIRECTION('center_axis',(0.,0.,1.));
#3134=DIRECTION('ref_axis',(0.707106781186548,-0.707106781186547,0.));
#3135=DIRECTION('',(0.,0.,1.));
#3136=DIRECTION('center_axis',(1.,0.,0.));
#3137=DIRECTION('ref_axis',(0.,1.,0.));
#3138=DIRECTION('',(0.,0.,1.));
#3139=DIRECTION('center_axis',(0.,0.,1.));
#3140=DIRECTION('ref_axis',(0.707106781186548,0.707106781186547,0.));
#3141=DIRECTION('',(0.,0.,1.));
#3142=DIRECTION('center_axis',(0.,1.,0.));
#3143=DIRECTION('ref_axis',(-1.,0.,0.));
#3144=DIRECTION('',(0.,0.,1.));
#3145=DIRECTION('center_axis',(0.,0.,1.));
#3146=DIRECTION('ref_axis',(-1.,0.,0.));
#3147=DIRECTION('center_axis',(0.,0.,1.));
#3148=DIRECTION('ref_axis',(-1.,0.,0.));
#3149=DIRECTION('',(0.,0.,1.));
#3150=DIRECTION('',(0.,0.,1.));
#3151=DIRECTION('center_axis',(-1.,0.,0.));
#3152=DIRECTION('ref_axis',(0.,-1.,0.));
#3153=DIRECTION('center_axis',(0.,0.,1.));
#3154=DIRECTION('ref_axis',(0.912371455580378,-0.409363319121464,0.));
#3155=DIRECTION('',(0.,0.,1.));
#3156=DIRECTION('center_axis',(1.,0.,0.));
#3157=DIRECTION('ref_axis',(0.,1.,0.));
#3158=DIRECTION('',(0.,0.,1.));
#3159=DIRECTION('center_axis',(0.,0.,1.));
#3160=DIRECTION('ref_axis',(-1.,0.,0.));
#3161=DIRECTION('',(0.,0.,1.));
#3162=DIRECTION('center_axis',(0.707106781186548,0.707106781186547,0.));
#3163=DIRECTION('ref_axis',(-0.707106781186547,0.707106781186548,0.));
#3164=DIRECTION('',(0.,0.,1.));
#3165=DIRECTION('center_axis',(0.,0.,1.));
#3166=DIRECTION('ref_axis',(-1.,0.,0.));
#3167=DIRECTION('',(0.,0.,1.));
#3168=DIRECTION('center_axis',(0.,1.,0.));
#3169=DIRECTION('ref_axis',(-1.,0.,0.));
#3170=DIRECTION('center_axis',(0.,1.,0.));
#3171=DIRECTION('ref_axis',(-1.,0.,0.));
#3172=DIRECTION('',(0.,0.,1.));
#3173=DIRECTION('center_axis',(0.,1.,0.));
#3174=DIRECTION('ref_axis',(-1.,0.,0.));
#3175=DIRECTION('',(0.,0.,1.));
#3176=DIRECTION('center_axis',(0.,0.,1.));
#3177=DIRECTION('ref_axis',(-1.,0.,0.));
#3178=DIRECTION('',(0.,0.,1.));
#3179=DIRECTION('center_axis',(-0.707106781186548,0.707106781186548,0.));
#3180=DIRECTION('ref_axis',(-0.707106781186548,-0.707106781186548,0.));
#3181=DIRECTION('',(0.,0.,1.));
#3182=DIRECTION('center_axis',(0.,0.,1.));
#3183=DIRECTION('ref_axis',(-1.,0.,0.));
#3184=DIRECTION('',(0.,0.,1.));
#3185=DIRECTION('center_axis',(-1.,0.,0.));
#3186=DIRECTION('ref_axis',(0.,-1.,0.));
#3187=DIRECTION('',(0.,0.,1.));
#3188=DIRECTION('center_axis',(0.,0.,1.));
#3189=DIRECTION('ref_axis',(-1.,0.,0.));
#3190=DIRECTION('center_axis',(1.,0.,0.));
#3191=DIRECTION('ref_axis',(0.,1.,0.));
#3192=DIRECTION('',(0.,0.,1.));
#3193=DIRECTION('center_axis',(0.,0.,1.));
#3194=DIRECTION('ref_axis',(-1.,0.,0.));
#3195=DIRECTION('',(0.,0.,1.));
#3196=DIRECTION('center_axis',(1.,0.,0.));
#3197=DIRECTION('ref_axis',(0.,1.,0.));
#3198=DIRECTION('',(0.,0.,1.));
#3199=DIRECTION('center_axis',(1.,0.,0.));
#3200=DIRECTION('ref_axis',(0.,1.,0.));
#3201=DIRECTION('',(0.,0.,1.));
#3202=DIRECTION('center_axis',(1.,0.,0.));
#3203=DIRECTION('ref_axis',(0.,1.,0.));
#3204=DIRECTION('',(0.,0.,1.));
#3205=DIRECTION('center_axis',(0.,0.,1.));
#3206=DIRECTION('ref_axis',(-1.,0.,0.));
#3207=DIRECTION('',(0.,0.,1.));
#3208=DIRECTION('center_axis',(1.,0.,0.));
#3209=DIRECTION('ref_axis',(0.,1.,0.));
#3210=DIRECTION('center_axis',(0.,0.,1.));
#3211=DIRECTION('ref_axis',(-1.,0.,0.));
#3212=DIRECTION('',(0.,0.,1.));
#3213=DIRECTION('center_axis',(0.,1.,0.));
#3214=DIRECTION('ref_axis',(-1.,0.,0.));
#3215=DIRECTION('',(0.,0.,1.));
#3216=DIRECTION('center_axis',(0.,0.,1.));
#3217=DIRECTION('ref_axis',(-1.,0.,0.));
#3218=DIRECTION('',(0.,0.,1.));
#3219=DIRECTION('center_axis',(-1.,0.,0.));
#3220=DIRECTION('ref_axis',(0.,-1.,0.));
#3221=DIRECTION('',(0.,0.,1.));
#3222=DIRECTION('center_axis',(0.,0.,1.));
#3223=DIRECTION('ref_axis',(-1.,0.,0.));
#3224=DIRECTION('',(0.,0.,1.));
#3225=DIRECTION('center_axis',(-0.707106781186547,-0.707106781186548,0.));
#3226=DIRECTION('ref_axis',(0.707106781186548,-0.707106781186547,0.));
#3227=DIRECTION('',(0.,0.,1.));
#3228=DIRECTION('center_axis',(0.,0.,1.));
#3229=DIRECTION('ref_axis',(-1.,0.,0.));
#3230=DIRECTION('',(0.,0.,1.));
#3231=DIRECTION('center_axis',(0.,-1.,0.));
#3232=DIRECTION('ref_axis',(1.,0.,0.));
#3233=DIRECTION('',(0.,0.,1.));
#3234=DIRECTION('center_axis',(0.,-1.,0.));
#3235=DIRECTION('ref_axis',(1.,0.,0.));
#3236=DIRECTION('',(0.,0.,1.));
#3237=DIRECTION('center_axis',(0.,-1.,0.));
#3238=DIRECTION('ref_axis',(1.,0.,0.));
#3239=DIRECTION('',(0.,0.,1.));
#3240=DIRECTION('center_axis',(0.,0.,1.));
#3241=DIRECTION('ref_axis',(-1.,0.,0.));
#3242=DIRECTION('',(0.,0.,1.));
#3243=DIRECTION('center_axis',(0.707106781186548,-0.707106781186547,0.));
#3244=DIRECTION('ref_axis',(0.707106781186547,0.707106781186548,0.));
#3245=DIRECTION('',(0.,0.,1.));
#3246=DIRECTION('center_axis',(0.,0.,1.));
#3247=DIRECTION('ref_axis',(-1.,0.,0.));
#3248=DIRECTION('',(0.,0.,1.));
#3249=DIRECTION('center_axis',(1.,0.,0.));
#3250=DIRECTION('ref_axis',(0.,1.,0.));
#3251=DIRECTION('',(0.,0.,1.));
#3252=DIRECTION('center_axis',(0.,0.,1.));
#3253=DIRECTION('ref_axis',(0.707106781186548,0.707106781186547,0.));
#3254=DIRECTION('',(0.,0.,1.));
#3255=DIRECTION('center_axis',(0.,1.,0.));
#3256=DIRECTION('ref_axis',(-1.,0.,0.));
#3257=DIRECTION('',(0.,0.,1.));
#3258=DIRECTION('center_axis',(0.,0.,1.));
#3259=DIRECTION('ref_axis',(-1.,0.,0.));
#3260=DIRECTION('center_axis',(-1.,0.,0.));
#3261=DIRECTION('ref_axis',(0.,-1.,0.));
#3262=DIRECTION('',(0.,0.,1.));
#3263=DIRECTION('center_axis',(0.,0.,1.));
#3264=DIRECTION('ref_axis',(-1.,0.,0.));
#3265=DIRECTION('',(0.,0.,1.));
#3266=DIRECTION('center_axis',(-1.,0.,0.));
#3267=DIRECTION('ref_axis',(0.,-1.,0.));
#3268=DIRECTION('',(0.,0.,1.));
#3269=DIRECTION('center_axis',(-1.,0.,0.));
#3270=DIRECTION('ref_axis',(0.,-1.,0.));
#3271=DIRECTION('',(0.,0.,1.));
#3272=DIRECTION('center_axis',(-1.,0.,0.));
#3273=DIRECTION('ref_axis',(0.,-1.,0.));
#3274=DIRECTION('center_axis',(0.,1.,0.));
#3275=DIRECTION('ref_axis',(-1.,0.,0.));
#3276=DIRECTION('',(0.,0.,1.));
#3277=DIRECTION('center_axis',(-1.,0.,0.));
#3278=DIRECTION('ref_axis',(0.,-1.,0.));
#3279=DIRECTION('center_axis',(0.,-1.,0.));
#3280=DIRECTION('ref_axis',(1.,0.,0.));
#3281=DIRECTION('center_axis',(1.,0.,0.));
#3282=DIRECTION('ref_axis',(0.,1.,0.));
#3283=DIRECTION('',(0.,0.,1.));
#3284=DIRECTION('center_axis',(0.,1.,0.));
#3285=DIRECTION('ref_axis',(-1.,0.,0.));
#3286=DIRECTION('',(0.,0.,1.));
#3287=DIRECTION('center_axis',(-1.,0.,0.));
#3288=DIRECTION('ref_axis',(0.,-1.,0.));
#3289=DIRECTION('center_axis',(0.,-1.,0.));
#3290=DIRECTION('ref_axis',(1.,0.,0.));
#3291=DIRECTION('center_axis',(0.,-1.,0.));
#3292=DIRECTION('ref_axis',(1.,0.,0.));
#3293=DIRECTION('center_axis',(1.,0.,0.));
#3294=DIRECTION('ref_axis',(0.,1.,0.));
#3295=DIRECTION('center_axis',(0.,-1.,0.));
#3296=DIRECTION('ref_axis',(1.,0.,0.));
#3297=DIRECTION('center_axis',(1.,0.,0.));
#3298=DIRECTION('ref_axis',(0.,1.,0.));
#3299=DIRECTION('center_axis',(0.,0.,1.));
#3300=DIRECTION('ref_axis',(-1.,0.,0.));
#3301=DIRECTION('center_axis',(0.,0.,-1.));
#3302=DIRECTION('ref_axis',(-1.,0.,0.));
#3303=DIRECTION('',(0.,0.,1.));
#3304=DIRECTION('center_axis',(0.,0.,1.));
#3305=DIRECTION('ref_axis',(-1.,0.,0.));
#3306=DIRECTION('center_axis',(0.,0.,1.));
#3307=DIRECTION('ref_axis',(-1.,0.,0.));
#3308=DIRECTION('center_axis',(0.,0.,-1.));
#3309=DIRECTION('ref_axis',(-1.,0.,0.));
#3310=DIRECTION('',(0.,0.,1.));
#3311=DIRECTION('center_axis',(0.,0.,1.));
#3312=DIRECTION('ref_axis',(-1.,0.,0.));
#3313=DIRECTION('',(0.,0.,1.));
#3314=DIRECTION('',(1.,0.,0.));
#3315=CARTESIAN_POINT('',(0.,0.,0.));
#3316=CARTESIAN_POINT('',(0.,0.,0.));
#3317=CARTESIAN_POINT('Origin',(110.873834591199,-126.429431502868,5.76));
#3318=CARTESIAN_POINT('',(110.873834591199,-126.429431502868,5.76));
#3319=CARTESIAN_POINT('',(110.8608,-125.728,5.76));
#3320=CARTESIAN_POINT('',(110.577316692327,-110.472890000715,5.76));
#3321=CARTESIAN_POINT('',(110.873834591199,-126.429431502868,1.56));
#3322=CARTESIAN_POINT('',(110.873834591199,-126.429431502868,1.56));
#3323=CARTESIAN_POINT('',(110.8608,-125.728,1.56));
#3324=CARTESIAN_POINT('',(110.577316692327,-110.472890000715,1.56));
#3325=CARTESIAN_POINT('',(110.8608,-125.728,1.56));
#3326=CARTESIAN_POINT('Origin',(175.847765408801,-70.0265684971319,5.76));
#3327=CARTESIAN_POINT('',(175.847765408801,-70.0265684971319,5.76));
#3328=CARTESIAN_POINT('',(175.8608,-70.728,5.76));
#3329=CARTESIAN_POINT('',(176.063914771687,-81.6582315186992,5.76));
#3330=CARTESIAN_POINT('',(175.847765408801,-70.0265684971319,1.56));
#3331=CARTESIAN_POINT('',(175.847765408801,-70.0265684971319,1.56));
#3332=CARTESIAN_POINT('',(175.8608,-70.728,1.56));
#3333=CARTESIAN_POINT('',(176.063914771687,-81.6582315186992,1.56));
#3334=CARTESIAN_POINT('',(175.8608,-70.728,1.56));
#3335=CARTESIAN_POINT('Origin',(110.8608,-70.728,5.76));
#3336=CARTESIAN_POINT('',(110.8608,-70.728,5.76));
#3337=CARTESIAN_POINT('',(110.873834591199,-70.0265684971319,5.76));
#3338=CARTESIAN_POINT('',(110.663681535383,-81.3355517648794,5.76));
#3339=CARTESIAN_POINT('',(110.8608,-70.728,1.56));
#3340=CARTESIAN_POINT('',(110.8608,-70.728,1.56));
#3341=CARTESIAN_POINT('',(110.873834591199,-70.0265684971319,1.56));
#3342=CARTESIAN_POINT('',(110.663681535383,-81.3355517648794,1.56));
#3343=CARTESIAN_POINT('',(110.873834591199,-70.0265684971319,1.56));
#3344=CARTESIAN_POINT('Origin',(175.8608,-125.728,5.76));
#3345=CARTESIAN_POINT('',(175.8608,-125.728,5.76));
#3346=CARTESIAN_POINT('',(175.847765408801,-126.429431502868,5.76));
#3347=CARTESIAN_POINT('',(176.163314205941,-109.448778744028,5.76));
#3348=CARTESIAN_POINT('',(175.8608,-125.728,1.56));
#3349=CARTESIAN_POINT('',(175.8608,-125.728,1.56));
#3350=CARTESIAN_POINT('',(175.847765408801,-126.429431502868,1.56));
#3351=CARTESIAN_POINT('',(176.163314205941,-109.448778744028,1.56));
#3352=CARTESIAN_POINT('',(175.847765408801,-126.429431502868,1.56));
#3353=CARTESIAN_POINT('Origin',(179.6108,-93.228,1.56));
#3354=CARTESIAN_POINT('',(87.3608,-116.641663752707,1.56));
#3355=CARTESIAN_POINT('',(87.3608,-79.8143362472932,1.56));
#3356=CARTESIAN_POINT('',(87.3608,-116.641663752707,1.56));
#3357=CARTESIAN_POINT('',(124.947136247293,-42.228,1.56));
#3358=CARTESIAN_POINT('Origin',(88.3608,-43.228,1.56));
#3359=CARTESIAN_POINT('',(161.774463752707,-42.228,1.56));
#3360=CARTESIAN_POINT('',(123.346511369072,-42.228,1.56));
#3361=CARTESIAN_POINT('',(199.3608,-79.8143362472932,1.56));
#3362=CARTESIAN_POINT('Origin',(198.3608,-43.228,1.56));
#3363=CARTESIAN_POINT('',(199.3608,-116.641663752707,1.56));
#3364=CARTESIAN_POINT('',(199.3608,-78.2137113690718,1.56));
#3365=CARTESIAN_POINT('',(161.774463752707,-154.228,1.56));
#3366=CARTESIAN_POINT('Origin',(198.3608,-153.228,1.56));
#3367=CARTESIAN_POINT('',(124.947136247293,-154.228,1.56));
#3368=CARTESIAN_POINT('',(163.375088630928,-154.228,1.56));
#3369=CARTESIAN_POINT('Origin',(88.3608,-153.228,1.56));
#3370=CARTESIAN_POINT('',(123.346511369072,-154.228,1.56));
#3371=CARTESIAN_POINT('Origin',(88.3608,-153.228,1.56));
#3372=CARTESIAN_POINT('',(123.346511369072,-152.228,1.56));
#3373=CARTESIAN_POINT('',(123.346511369072,-154.228,1.56));
#3374=CARTESIAN_POINT('',(114.463083342704,-129.911250563228,1.56));
#3375=CARTESIAN_POINT('Origin',(88.3608,-153.228,1.56));
#3376=CARTESIAN_POINT('',(115.596171315041,-128.778162590892,1.56));
#3377=CARTESIAN_POINT('',(118.646333905933,-125.728,1.56));
#3378=CARTESIAN_POINT('',(124.947136247293,-152.228,1.56));
#3379=CARTESIAN_POINT('Origin',(88.3608,-153.228,1.56));
#3380=CARTESIAN_POINT('',(135.8608,-152.228,1.56));
#3381=CARTESIAN_POINT('',(123.346511369072,-152.228,1.56));
#3382=CARTESIAN_POINT('',(135.8608,-133.228,1.56));
#3383=CARTESIAN_POINT('',(135.8608,-125.728,1.56));
#3384=CARTESIAN_POINT('',(140.8608,-133.228,1.56));
#3385=CARTESIAN_POINT('',(157.7358,-133.228,1.56));
#3386=CARTESIAN_POINT('',(140.8608,-152.228,1.56));
#3387=CARTESIAN_POINT('',(140.8608,-152.228,1.56));
#3388=CARTESIAN_POINT('',(145.8608,-152.228,1.56));
#3389=CARTESIAN_POINT('',(123.346511369072,-152.228,1.56));
#3390=CARTESIAN_POINT('',(145.8608,-133.228,1.56));
#3391=CARTESIAN_POINT('',(145.8608,-152.228,1.56));
#3392=CARTESIAN_POINT('',(150.8608,-133.228,1.56));
#3393=CARTESIAN_POINT('',(162.7358,-133.228,1.56));
#3394=CARTESIAN_POINT('',(150.8608,-152.228,1.56));
#3395=CARTESIAN_POINT('',(150.8608,-125.728,1.56));
#3396=CARTESIAN_POINT('',(161.774463752707,-152.228,1.56));
#3397=CARTESIAN_POINT('',(123.346511369072,-152.228,1.56));
#3398=CARTESIAN_POINT('',(171.125428684959,-128.778162590892,1.56));
#3399=CARTESIAN_POINT('Origin',(198.3608,-153.228,1.56));
#3400=CARTESIAN_POINT('',(172.258516657296,-129.911250563228,1.56));
#3401=CARTESIAN_POINT('',(168.075266094067,-125.728,1.56));
#3402=CARTESIAN_POINT('',(163.375088630928,-152.228,1.56));
#3403=CARTESIAN_POINT('Origin',(198.3608,-153.228,1.56));
#3404=CARTESIAN_POINT('',(163.375088630928,-154.228,1.56));
#3405=CARTESIAN_POINT('',(163.375088630928,-152.228,1.56));
#3406=CARTESIAN_POINT('Origin',(198.3608,-153.228,1.56));
#3407=CARTESIAN_POINT('',(175.8608,-124.360890688536,1.56));
#3408=CARTESIAN_POINT('',(175.8608,-70.728,1.56));
#3409=CARTESIAN_POINT('',(197.3608,-116.641663752707,1.56));
#3410=CARTESIAN_POINT('Origin',(198.3608,-153.228,1.56));
#3411=CARTESIAN_POINT('',(197.3608,-105.728,1.56));
#3412=CARTESIAN_POINT('',(197.3608,-116.641663752707,1.56));
#3413=CARTESIAN_POINT('',(183.3608,-105.728,1.56));
#3414=CARTESIAN_POINT('',(175.8608,-105.728,1.56));
#3415=CARTESIAN_POINT('',(183.3608,-100.728,1.56));
#3416=CARTESIAN_POINT('',(183.3608,-99.478,1.56));
#3417=CARTESIAN_POINT('',(197.3608,-100.728,1.56));
#3418=CARTESIAN_POINT('',(197.3608,-100.728,1.56));
#3419=CARTESIAN_POINT('',(197.3608,-95.728,1.56));
#3420=CARTESIAN_POINT('',(197.3608,-116.641663752707,1.56));
#3421=CARTESIAN_POINT('',(183.3608,-95.728,1.56));
#3422=CARTESIAN_POINT('',(175.8608,-95.728,1.56));
#3423=CARTESIAN_POINT('',(183.3608,-90.728,1.56));
#3424=CARTESIAN_POINT('',(183.3608,-94.478,1.56));
#3425=CARTESIAN_POINT('',(197.3608,-90.728,1.56));
#3426=CARTESIAN_POINT('',(197.3608,-90.728,1.56));
#3427=CARTESIAN_POINT('',(197.3608,-79.8143362472932,1.56));
#3428=CARTESIAN_POINT('',(197.3608,-116.641663752707,1.56));
#3429=CARTESIAN_POINT('',(175.8608,-72.0951093114638,1.56));
#3430=CARTESIAN_POINT('Origin',(198.3608,-43.228,1.56));
#3431=CARTESIAN_POINT('',(175.8608,-70.728,1.56));
#3432=CARTESIAN_POINT('',(197.3608,-78.2137113690718,1.56));
#3433=CARTESIAN_POINT('Origin',(198.3608,-43.228,1.56));
#3434=CARTESIAN_POINT('',(199.3608,-78.2137113690718,1.56));
#3435=CARTESIAN_POINT('',(197.3608,-78.2137113690718,1.56));
#3436=CARTESIAN_POINT('',(163.375088630928,-42.228,1.56));
#3437=CARTESIAN_POINT('Origin',(198.3608,-43.228,1.56));
#3438=CARTESIAN_POINT('',(163.375088630928,-44.228,1.56));
#3439=CARTESIAN_POINT('',(163.375088630928,-42.228,1.56));
#3440=CARTESIAN_POINT('',(172.258516657296,-66.5447494367715,1.56));
#3441=CARTESIAN_POINT('Origin',(198.3608,-43.228,1.56));
#3442=CARTESIAN_POINT('',(171.125428684959,-67.6778374091084,1.56));
#3443=CARTESIAN_POINT('',(191.850885383078,-46.9523807109891,1.56));
#3444=CARTESIAN_POINT('',(161.774463752707,-44.228,1.56));
#3445=CARTESIAN_POINT('Origin',(198.3608,-43.228,1.56));
#3446=CARTESIAN_POINT('',(150.8608,-44.228,1.56));
#3447=CARTESIAN_POINT('',(163.375088630928,-44.228,1.56));
#3448=CARTESIAN_POINT('',(150.8608,-63.228,1.56));
#3449=CARTESIAN_POINT('',(150.8608,-44.228,1.56));
#3450=CARTESIAN_POINT('',(145.8608,-63.228,1.56));
#3451=CARTESIAN_POINT('',(165.2358,-63.228,1.56));
#3452=CARTESIAN_POINT('',(145.8608,-44.228,1.56));
#3453=CARTESIAN_POINT('',(145.8608,-70.728,1.56));
#3454=CARTESIAN_POINT('',(140.8608,-44.228,1.56));
#3455=CARTESIAN_POINT('',(163.375088630928,-44.228,1.56));
#3456=CARTESIAN_POINT('',(140.8608,-63.228,1.56));
#3457=CARTESIAN_POINT('',(140.8608,-44.228,1.56));
#3458=CARTESIAN_POINT('',(135.8608,-63.228,1.56));
#3459=CARTESIAN_POINT('',(160.2358,-63.228,1.56));
#3460=CARTESIAN_POINT('',(135.8608,-44.228,1.56));
#3461=CARTESIAN_POINT('',(135.8608,-70.728,1.56));
#3462=CARTESIAN_POINT('',(124.947136247293,-44.228,1.56));
#3463=CARTESIAN_POINT('',(163.375088630928,-44.228,1.56));
#3464=CARTESIAN_POINT('',(115.596171315041,-67.6778374091084,1.56));
#3465=CARTESIAN_POINT('Origin',(88.3608,-43.228,1.56));
#3466=CARTESIAN_POINT('',(114.463083342704,-66.5447494367715,1.56));
#3467=CARTESIAN_POINT('',(94.8707146169218,-46.9523807109891,1.56));
#3468=CARTESIAN_POINT('',(123.346511369072,-44.228,1.56));
#3469=CARTESIAN_POINT('Origin',(88.3608,-43.228,1.56));
#3470=CARTESIAN_POINT('',(123.346511369072,-42.228,1.56));
#3471=CARTESIAN_POINT('',(123.346511369072,-44.228,1.56));
#3472=CARTESIAN_POINT('',(87.3608,-78.2137113690718,1.56));
#3473=CARTESIAN_POINT('Origin',(88.3608,-43.228,1.56));
#3474=CARTESIAN_POINT('',(89.3608,-78.2137113690718,1.56));
#3475=CARTESIAN_POINT('',(87.3608,-78.2137113690718,1.56));
#3476=CARTESIAN_POINT('Origin',(88.3608,-43.228,1.56));
#3477=CARTESIAN_POINT('',(110.8608,-72.0951093114638,1.56));
#3478=CARTESIAN_POINT('',(110.8608,-125.728,1.56));
#3479=CARTESIAN_POINT('',(89.3608,-79.8143362472932,1.56));
#3480=CARTESIAN_POINT('Origin',(88.3608,-43.228,1.56));
#3481=CARTESIAN_POINT('',(89.3608,-90.728,1.56));
#3482=CARTESIAN_POINT('',(89.3608,-78.2137113690718,1.56));
#3483=CARTESIAN_POINT('',(103.3608,-90.728,1.56));
#3484=CARTESIAN_POINT('',(89.3608,-90.728,1.56));
#3485=CARTESIAN_POINT('',(103.3608,-95.728,1.56));
#3486=CARTESIAN_POINT('',(103.3608,-91.978,1.56));
#3487=CARTESIAN_POINT('',(89.3608,-95.728,1.56));
#3488=CARTESIAN_POINT('',(110.8608,-95.728,1.56));
#3489=CARTESIAN_POINT('',(89.3608,-100.728,1.56));
#3490=CARTESIAN_POINT('',(89.3608,-78.2137113690718,1.56));
#3491=CARTESIAN_POINT('',(103.3608,-100.728,1.56));
#3492=CARTESIAN_POINT('',(89.3608,-100.728,1.56));
#3493=CARTESIAN_POINT('',(103.3608,-105.728,1.56));
#3494=CARTESIAN_POINT('',(103.3608,-96.978,1.56));
#3495=CARTESIAN_POINT('',(89.3608,-105.728,1.56));
#3496=CARTESIAN_POINT('',(110.8608,-105.728,1.56));
#3497=CARTESIAN_POINT('',(89.3608,-116.641663752707,1.56));
#3498=CARTESIAN_POINT('',(89.3608,-78.2137113690718,1.56));
#3499=CARTESIAN_POINT('',(110.8608,-124.360890688536,1.56));
#3500=CARTESIAN_POINT('Origin',(88.3608,-153.228,1.56));
#3501=CARTESIAN_POINT('',(110.8608,-125.728,1.56));
#3502=CARTESIAN_POINT('Origin',(107.690927018922,-103.228,2.61));
#3503=CARTESIAN_POINT('',(103.3608,-105.728,3.66));
#3504=CARTESIAN_POINT('',(107.690927018922,-108.228,3.66));
#3505=CARTESIAN_POINT('Origin',(107.690927018922,-103.228,3.66));
#3506=CARTESIAN_POINT('',(107.690927018922,-108.228,5.76));
#3507=CARTESIAN_POINT('',(107.690927018922,-108.228,2.61));
#3508=CARTESIAN_POINT('',(103.3608,-105.728,5.76));
#3509=CARTESIAN_POINT('Origin',(107.690927018922,-103.228,5.76));
#3510=CARTESIAN_POINT('',(103.3608,-105.728,2.61));
#3511=CARTESIAN_POINT('Origin',(179.6108,-93.228,5.76));
#3512=CARTESIAN_POINT('',(87.3608,-79.8143362472932,5.76));
#3513=CARTESIAN_POINT('',(87.3608,-116.641663752707,5.76));
#3514=CARTESIAN_POINT('',(87.3608,-116.641663752707,5.76));
#3515=CARTESIAN_POINT('',(124.947136247293,-154.228,5.76));
#3516=CARTESIAN_POINT('Origin',(88.3608,-153.228,5.76));
#3517=CARTESIAN_POINT('',(161.774463752707,-154.228,5.76));
#3518=CARTESIAN_POINT('',(163.375088630928,-154.228,5.76));
#3519=CARTESIAN_POINT('',(199.3608,-116.641663752707,5.76));
#3520=CARTESIAN_POINT('Origin',(198.3608,-153.228,5.76));
#3521=CARTESIAN_POINT('',(199.3608,-79.8143362472932,5.76));
#3522=CARTESIAN_POINT('',(199.3608,-78.2137113690718,5.76));
#3523=CARTESIAN_POINT('',(161.774463752707,-42.228,5.76));
#3524=CARTESIAN_POINT('Origin',(198.3608,-43.228,5.76));
#3525=CARTESIAN_POINT('',(124.947136247293,-42.228,5.76));
#3526=CARTESIAN_POINT('',(123.346511369072,-42.228,5.76));
#3527=CARTESIAN_POINT('Origin',(88.3608,-43.228,5.76));
#3528=CARTESIAN_POINT('',(140.8608,-133.228,5.76));
#3529=CARTESIAN_POINT('',(145.8608,-133.228,5.76));
#3530=CARTESIAN_POINT('',(153.3608,-133.228,5.76));
#3531=CARTESIAN_POINT('',(145.8608,-152.228,5.76));
#3532=CARTESIAN_POINT('',(145.8608,-152.228,5.76));
#3533=CARTESIAN_POINT('',(140.8608,-152.228,5.76));
#3534=CARTESIAN_POINT('',(123.346511369072,-152.228,5.76));
#3535=CARTESIAN_POINT('',(140.8608,-152.228,5.76));
#3536=CARTESIAN_POINT('',(140.8608,-63.228,5.76));
#3537=CARTESIAN_POINT('',(140.8608,-44.228,5.76));
#3538=CARTESIAN_POINT('',(140.8608,-44.228,5.76));
#3539=CARTESIAN_POINT('',(145.8608,-44.228,5.76));
#3540=CARTESIAN_POINT('',(163.375088630928,-44.228,5.76));
#3541=CARTESIAN_POINT('',(145.8608,-63.228,5.76));
#3542=CARTESIAN_POINT('',(145.8608,-70.728,5.76));
#3543=CARTESIAN_POINT('',(153.3608,-63.228,5.76));
#3544=CARTESIAN_POINT('',(183.3608,-95.728,5.76));
#3545=CARTESIAN_POINT('',(197.3608,-95.728,5.76));
#3546=CARTESIAN_POINT('',(175.8608,-95.728,5.76));
#3547=CARTESIAN_POINT('',(197.3608,-100.728,5.76));
#3548=CARTESIAN_POINT('',(197.3608,-116.641663752707,5.76));
#3549=CARTESIAN_POINT('',(183.3608,-100.728,5.76));
#3550=CARTESIAN_POINT('',(197.3608,-100.728,5.76));
#3551=CARTESIAN_POINT('',(183.3608,-88.228,5.76));
#3552=CARTESIAN_POINT('',(103.3608,-100.728,5.76));
#3553=CARTESIAN_POINT('',(89.3608,-100.728,5.76));
#3554=CARTESIAN_POINT('',(89.3608,-100.728,5.76));
#3555=CARTESIAN_POINT('',(89.3608,-95.728,5.76));
#3556=CARTESIAN_POINT('',(89.3608,-78.2137113690718,5.76));
#3557=CARTESIAN_POINT('',(103.3608,-95.728,5.76));
#3558=CARTESIAN_POINT('',(110.8608,-95.728,5.76));
#3559=CARTESIAN_POINT('',(103.3608,-88.228,5.76));
#3560=CARTESIAN_POINT('',(110.8608,-124.360890688536,5.76));
#3561=CARTESIAN_POINT('',(110.8608,-125.728,5.76));
#3562=CARTESIAN_POINT('',(89.3608,-116.641663752707,5.76));
#3563=CARTESIAN_POINT('Origin',(88.3608,-153.228,5.76));
#3564=CARTESIAN_POINT('',(89.3608,-105.728,5.76));
#3565=CARTESIAN_POINT('',(89.3608,-78.2137113690718,5.76));
#3566=CARTESIAN_POINT('',(110.8608,-105.728,5.76));
#3567=CARTESIAN_POINT('',(110.8608,-108.228,5.76));
#3568=CARTESIAN_POINT('',(103.3608,-108.228,5.76));
#3569=CARTESIAN_POINT('',(110.8608,-88.228,5.76));
#3570=CARTESIAN_POINT('',(110.8608,-125.728,5.76));
#3571=CARTESIAN_POINT('',(107.690927018922,-88.228,5.76));
#3572=CARTESIAN_POINT('',(110.8608,-88.228,5.76));
#3573=CARTESIAN_POINT('',(103.3608,-90.728,5.76));
#3574=CARTESIAN_POINT('Origin',(107.690927018922,-93.228,5.76));
#3575=CARTESIAN_POINT('',(89.3608,-90.728,5.76));
#3576=CARTESIAN_POINT('',(89.3608,-90.728,5.76));
#3577=CARTESIAN_POINT('',(89.3608,-79.8143362472932,5.76));
#3578=CARTESIAN_POINT('',(89.3608,-78.2137113690718,5.76));
#3579=CARTESIAN_POINT('',(110.8608,-72.0951093114638,5.76));
#3580=CARTESIAN_POINT('Origin',(88.3608,-43.228,5.76));
#3581=CARTESIAN_POINT('',(110.8608,-125.728,5.76));
#3582=CARTESIAN_POINT('',(89.3608,-78.2137113690718,5.76));
#3583=CARTESIAN_POINT('Origin',(88.3608,-43.228,5.76));
#3584=CARTESIAN_POINT('',(87.3608,-78.2137113690718,5.76));
#3585=CARTESIAN_POINT('',(87.3608,-78.2137113690718,5.76));
#3586=CARTESIAN_POINT('',(123.346511369072,-42.228,5.76));
#3587=CARTESIAN_POINT('Origin',(88.3608,-43.228,5.76));
#3588=CARTESIAN_POINT('',(123.346511369072,-44.228,5.76));
#3589=CARTESIAN_POINT('',(123.346511369072,-44.228,5.76));
#3590=CARTESIAN_POINT('',(114.463083342704,-66.5447494367715,5.76));
#3591=CARTESIAN_POINT('Origin',(88.3608,-43.228,5.76));
#3592=CARTESIAN_POINT('',(115.596171315041,-67.6778374091084,5.76));
#3593=CARTESIAN_POINT('',(94.8707146169218,-46.9523807109891,5.76));
#3594=CARTESIAN_POINT('',(124.947136247293,-44.228,5.76));
#3595=CARTESIAN_POINT('Origin',(88.3608,-43.228,5.76));
#3596=CARTESIAN_POINT('',(135.8608,-44.228,5.76));
#3597=CARTESIAN_POINT('',(163.375088630928,-44.228,5.76));
#3598=CARTESIAN_POINT('',(135.8608,-63.228,5.76));
#3599=CARTESIAN_POINT('',(135.8608,-70.728,5.76));
#3600=CARTESIAN_POINT('',(133.3608,-67.5581270189222,5.76));
#3601=CARTESIAN_POINT('Origin',(138.3608,-67.5581270189222,5.76));
#3602=CARTESIAN_POINT('',(133.3608,-70.728,5.76));
#3603=CARTESIAN_POINT('',(133.3608,-70.728,5.76));
#3604=CARTESIAN_POINT('',(153.3608,-70.728,5.76));
#3605=CARTESIAN_POINT('',(110.8608,-70.728,5.76));
#3606=CARTESIAN_POINT('',(153.3608,-67.5581270189222,5.76));
#3607=CARTESIAN_POINT('',(153.3608,-70.728,5.76));
#3608=CARTESIAN_POINT('',(150.8608,-63.228,5.76));
#3609=CARTESIAN_POINT('Origin',(148.3608,-67.5581270189222,5.76));
#3610=CARTESIAN_POINT('',(150.8608,-44.228,5.76));
#3611=CARTESIAN_POINT('',(150.8608,-44.228,5.76));
#3612=CARTESIAN_POINT('',(161.774463752707,-44.228,5.76));
#3613=CARTESIAN_POINT('',(163.375088630928,-44.228,5.76));
#3614=CARTESIAN_POINT('',(171.125428684959,-67.6778374091084,5.76));
#3615=CARTESIAN_POINT('Origin',(198.3608,-43.228,5.76));
#3616=CARTESIAN_POINT('',(172.258516657296,-66.5447494367715,5.76));
#3617=CARTESIAN_POINT('',(191.850885383078,-46.9523807109891,5.76));
#3618=CARTESIAN_POINT('',(163.375088630928,-44.228,5.76));
#3619=CARTESIAN_POINT('Origin',(198.3608,-43.228,5.76));
#3620=CARTESIAN_POINT('',(163.375088630928,-42.228,5.76));
#3621=CARTESIAN_POINT('',(163.375088630928,-42.228,5.76));
#3622=CARTESIAN_POINT('',(199.3608,-78.2137113690718,5.76));
#3623=CARTESIAN_POINT('Origin',(198.3608,-43.228,5.76));
#3624=CARTESIAN_POINT('',(197.3608,-78.2137113690718,5.76));
#3625=CARTESIAN_POINT('',(197.3608,-78.2137113690718,5.76));
#3626=CARTESIAN_POINT('Origin',(198.3608,-43.228,5.76));
#3627=CARTESIAN_POINT('',(175.8608,-72.0951093114638,5.76));
#3628=CARTESIAN_POINT('',(175.8608,-70.728,5.76));
#3629=CARTESIAN_POINT('',(197.3608,-79.8143362472932,5.76));
#3630=CARTESIAN_POINT('Origin',(198.3608,-43.228,5.76));
#3631=CARTESIAN_POINT('',(197.3608,-90.728,5.76));
#3632=CARTESIAN_POINT('',(197.3608,-116.641663752707,5.76));
#3633=CARTESIAN_POINT('',(183.3608,-90.728,5.76));
#3634=CARTESIAN_POINT('',(197.3608,-90.728,5.76));
#3635=CARTESIAN_POINT('',(179.030672981078,-88.228,5.76));
#3636=CARTESIAN_POINT('Origin',(179.030672981078,-93.228,5.76));
#3637=CARTESIAN_POINT('',(175.8608,-88.228,5.76));
#3638=CARTESIAN_POINT('',(175.8608,-88.228,5.76));
#3639=CARTESIAN_POINT('',(175.8608,-108.228,5.76));
#3640=CARTESIAN_POINT('',(175.8608,-70.728,5.76));
#3641=CARTESIAN_POINT('',(179.030672981078,-108.228,5.76));
#3642=CARTESIAN_POINT('',(183.3608,-108.228,5.76));
#3643=CARTESIAN_POINT('',(183.3608,-105.728,5.76));
#3644=CARTESIAN_POINT('Origin',(179.030672981078,-103.228,5.76));
#3645=CARTESIAN_POINT('',(197.3608,-105.728,5.76));
#3646=CARTESIAN_POINT('',(175.8608,-105.728,5.76));
#3647=CARTESIAN_POINT('',(197.3608,-116.641663752707,5.76));
#3648=CARTESIAN_POINT('',(197.3608,-116.641663752707,5.76));
#3649=CARTESIAN_POINT('',(175.8608,-124.360890688536,5.76));
#3650=CARTESIAN_POINT('Origin',(198.3608,-153.228,5.76));
#3651=CARTESIAN_POINT('',(175.8608,-70.728,5.76));
#3652=CARTESIAN_POINT('',(163.375088630928,-154.228,5.76));
#3653=CARTESIAN_POINT('Origin',(198.3608,-153.228,5.76));
#3654=CARTESIAN_POINT('',(163.375088630928,-152.228,5.76));
#3655=CARTESIAN_POINT('',(163.375088630928,-152.228,5.76));
#3656=CARTESIAN_POINT('',(172.258516657296,-129.911250563228,5.76));
#3657=CARTESIAN_POINT('Origin',(198.3608,-153.228,5.76));
#3658=CARTESIAN_POINT('',(171.125428684959,-128.778162590892,5.76));
#3659=CARTESIAN_POINT('',(168.075266094067,-125.728,5.76));
#3660=CARTESIAN_POINT('',(161.774463752707,-152.228,5.76));
#3661=CARTESIAN_POINT('Origin',(198.3608,-153.228,5.76));
#3662=CARTESIAN_POINT('',(150.8608,-152.228,5.76));
#3663=CARTESIAN_POINT('',(123.346511369072,-152.228,5.76));
#3664=CARTESIAN_POINT('',(150.8608,-133.228,5.76));
#3665=CARTESIAN_POINT('',(150.8608,-125.728,5.76));
#3666=CARTESIAN_POINT('',(153.3608,-128.897872981078,5.76));
#3667=CARTESIAN_POINT('Origin',(148.3608,-128.897872981078,5.76));
#3668=CARTESIAN_POINT('',(153.3608,-125.728,5.76));
#3669=CARTESIAN_POINT('',(153.3608,-125.728,5.76));
#3670=CARTESIAN_POINT('',(133.3608,-125.728,5.76));
#3671=CARTESIAN_POINT('',(175.8608,-125.728,5.76));
#3672=CARTESIAN_POINT('',(133.3608,-128.897872981078,5.76));
#3673=CARTESIAN_POINT('',(133.3608,-133.228,5.76));
#3674=CARTESIAN_POINT('',(135.8608,-133.228,5.76));
#3675=CARTESIAN_POINT('Origin',(138.3608,-128.897872981078,5.76));
#3676=CARTESIAN_POINT('',(135.8608,-152.228,5.76));
#3677=CARTESIAN_POINT('',(135.8608,-125.728,5.76));
#3678=CARTESIAN_POINT('',(124.947136247293,-152.228,5.76));
#3679=CARTESIAN_POINT('',(123.346511369072,-152.228,5.76));
#3680=CARTESIAN_POINT('',(115.596171315041,-128.778162590892,5.76));
#3681=CARTESIAN_POINT('Origin',(88.3608,-153.228,5.76));
#3682=CARTESIAN_POINT('',(114.463083342704,-129.911250563228,5.76));
#3683=CARTESIAN_POINT('',(118.646333905933,-125.728,5.76));
#3684=CARTESIAN_POINT('',(123.346511369072,-152.228,5.76));
#3685=CARTESIAN_POINT('Origin',(88.3608,-153.228,5.76));
#3686=CARTESIAN_POINT('',(123.346511369072,-154.228,5.76));
#3687=CARTESIAN_POINT('',(123.346511369072,-154.228,5.76));
#3688=CARTESIAN_POINT('Origin',(88.3608,-153.228,5.76));
#3689=CARTESIAN_POINT('Origin',(107.690927018922,-93.228,2.61));
#3690=CARTESIAN_POINT('',(107.690927018922,-88.228,3.66));
#3691=CARTESIAN_POINT('',(107.690927018922,-88.228,2.61));
#3692=CARTESIAN_POINT('',(103.3608,-90.728,3.66));
#3693=CARTESIAN_POINT('Origin',(107.690927018922,-93.228,3.66));
#3694=CARTESIAN_POINT('',(103.3608,-90.728,2.61));
#3695=CARTESIAN_POINT('Origin',(110.8608,-88.228,3.66));
#3696=CARTESIAN_POINT('',(110.8608,-88.228,3.66));
#3697=CARTESIAN_POINT('',(110.8608,-88.228,3.66));
#3698=CARTESIAN_POINT('',(110.8608,-88.228,3.66));
#3699=CARTESIAN_POINT('Origin',(138.3608,-67.5581270189222,2.61));
#3700=CARTESIAN_POINT('',(135.8608,-63.228,3.66));
#3701=CARTESIAN_POINT('',(133.3608,-67.5581270189222,3.66));
#3702=CARTESIAN_POINT('Origin',(138.3608,-67.5581270189222,3.66));
#3703=CARTESIAN_POINT('',(133.3608,-67.5581270189222,2.61));
#3704=CARTESIAN_POINT('',(135.8608,-63.228,2.61));
#3705=CARTESIAN_POINT('Origin',(133.3608,-63.228,3.66));
#3706=CARTESIAN_POINT('',(133.3608,-70.728,3.66));
#3707=CARTESIAN_POINT('',(133.3608,-70.728,3.66));
#3708=CARTESIAN_POINT('',(133.3608,-70.728,3.66));
#3709=CARTESIAN_POINT('Origin',(138.3608,-66.978,3.66));
#3710=CARTESIAN_POINT('',(140.8608,-63.228,3.66));
#3711=CARTESIAN_POINT('',(139.6108,-63.228,3.66));
#3712=CARTESIAN_POINT('',(145.8608,-63.228,3.66));
#3713=CARTESIAN_POINT('',(153.3608,-63.228,3.66));
#3714=CARTESIAN_POINT('',(150.8608,-63.228,3.66));
#3715=CARTESIAN_POINT('',(149.6108,-63.228,3.66));
#3716=CARTESIAN_POINT('',(153.3608,-67.5581270189222,3.66));
#3717=CARTESIAN_POINT('Origin',(148.3608,-67.5581270189222,3.66));
#3718=CARTESIAN_POINT('',(153.3608,-70.728,3.66));
#3719=CARTESIAN_POINT('',(153.3608,-70.728,3.66));
#3720=CARTESIAN_POINT('',(110.8608,-70.728,3.66));
#3721=CARTESIAN_POINT('',(149.8608,-66.978,3.66));
#3722=CARTESIAN_POINT('Origin',(148.3608,-66.978,3.66));
#3723=CARTESIAN_POINT('',(139.8608,-66.978,3.66));
#3724=CARTESIAN_POINT('Origin',(138.3608,-66.978,3.66));
#3725=CARTESIAN_POINT('Origin',(148.3608,-67.5581270189222,2.61));
#3726=CARTESIAN_POINT('',(153.3608,-67.5581270189222,2.61));
#3727=CARTESIAN_POINT('',(150.8608,-63.228,2.61));
#3728=CARTESIAN_POINT('Origin',(153.3608,-70.728,3.66));
#3729=CARTESIAN_POINT('',(153.3608,-70.728,3.66));
#3730=CARTESIAN_POINT('Origin',(179.030672981078,-93.228,2.61));
#3731=CARTESIAN_POINT('',(183.3608,-90.728,3.66));
#3732=CARTESIAN_POINT('',(179.030672981078,-88.228,3.66));
#3733=CARTESIAN_POINT('Origin',(179.030672981078,-93.228,3.66));
#3734=CARTESIAN_POINT('',(179.030672981078,-88.228,2.61));
#3735=CARTESIAN_POINT('',(183.3608,-90.728,2.61));
#3736=CARTESIAN_POINT('Origin',(183.3608,-88.228,3.66));
#3737=CARTESIAN_POINT('',(175.8608,-88.228,3.66));
#3738=CARTESIAN_POINT('',(175.8608,-88.228,3.66));
#3739=CARTESIAN_POINT('',(175.8608,-88.228,3.66));
#3740=CARTESIAN_POINT('Origin',(179.6108,-93.228,3.66));
#3741=CARTESIAN_POINT('',(183.3608,-95.728,3.66));
#3742=CARTESIAN_POINT('',(183.3608,-94.478,3.66));
#3743=CARTESIAN_POINT('',(183.3608,-100.728,3.66));
#3744=CARTESIAN_POINT('',(183.3608,-88.228,3.66));
#3745=CARTESIAN_POINT('',(183.3608,-105.728,3.66));
#3746=CARTESIAN_POINT('',(183.3608,-104.478,3.66));
#3747=CARTESIAN_POINT('',(179.030672981078,-108.228,3.66));
#3748=CARTESIAN_POINT('Origin',(179.030672981078,-103.228,3.66));
#3749=CARTESIAN_POINT('',(175.8608,-108.228,3.66));
#3750=CARTESIAN_POINT('',(183.3608,-108.228,3.66));
#3751=CARTESIAN_POINT('',(175.8608,-70.728,3.66));
#3752=CARTESIAN_POINT('',(181.1108,-103.228,3.66));
#3753=CARTESIAN_POINT('Origin',(179.6108,-103.228,3.66));
#3754=CARTESIAN_POINT('',(181.1108,-93.228,3.66));
#3755=CARTESIAN_POINT('Origin',(179.6108,-93.228,3.66));
#3756=CARTESIAN_POINT('Origin',(179.030672981078,-103.228,2.61));
#3757=CARTESIAN_POINT('',(179.030672981078,-108.228,2.61));
#3758=CARTESIAN_POINT('',(183.3608,-105.728,2.61));
#3759=CARTESIAN_POINT('Origin',(175.8608,-108.228,3.66));
#3760=CARTESIAN_POINT('',(175.8608,-108.228,3.66));
#3761=CARTESIAN_POINT('Origin',(148.3608,-128.897872981078,2.61));
#3762=CARTESIAN_POINT('',(150.8608,-133.228,3.66));
#3763=CARTESIAN_POINT('',(153.3608,-128.897872981078,3.66));
#3764=CARTESIAN_POINT('Origin',(148.3608,-128.897872981078,3.66));
#3765=CARTESIAN_POINT('',(153.3608,-128.897872981078,2.61));
#3766=CARTESIAN_POINT('',(150.8608,-133.228,2.61));
#3767=CARTESIAN_POINT('Origin',(153.3608,-133.228,3.66));
#3768=CARTESIAN_POINT('',(153.3608,-125.728,3.66));
#3769=CARTESIAN_POINT('',(153.3608,-125.728,3.66));
#3770=CARTESIAN_POINT('',(153.3608,-125.728,3.66));
#3771=CARTESIAN_POINT('Origin',(138.3608,-129.478,3.66));
#3772=CARTESIAN_POINT('',(145.8608,-133.228,3.66));
#3773=CARTESIAN_POINT('',(147.1108,-133.228,3.66));
#3774=CARTESIAN_POINT('',(140.8608,-133.228,3.66));
#3775=CARTESIAN_POINT('',(153.3608,-133.228,3.66));
#3776=CARTESIAN_POINT('',(135.8608,-133.228,3.66));
#3777=CARTESIAN_POINT('',(137.1108,-133.228,3.66));
#3778=CARTESIAN_POINT('',(133.3608,-128.897872981078,3.66));
#3779=CARTESIAN_POINT('Origin',(138.3608,-128.897872981078,3.66));
#3780=CARTESIAN_POINT('',(133.3608,-125.728,3.66));
#3781=CARTESIAN_POINT('',(133.3608,-133.228,3.66));
#3782=CARTESIAN_POINT('',(145.8608,-125.728,3.66));
#3783=CARTESIAN_POINT('',(149.8608,-129.478,3.66));
#3784=CARTESIAN_POINT('Origin',(148.3608,-129.478,3.66));
#3785=CARTESIAN_POINT('',(139.8608,-129.478,3.66));
#3786=CARTESIAN_POINT('Origin',(138.3608,-129.478,3.66));
#3787=CARTESIAN_POINT('Origin',(138.3608,-128.897872981078,2.61));
#3788=CARTESIAN_POINT('',(133.3608,-128.897872981078,2.61));
#3789=CARTESIAN_POINT('',(135.8608,-133.228,2.61));
#3790=CARTESIAN_POINT('Origin',(133.3608,-125.728,3.66));
#3791=CARTESIAN_POINT('',(133.3608,-125.728,3.66));
#3792=CARTESIAN_POINT('Origin',(150.8608,-70.728,1.56));
#3793=CARTESIAN_POINT('',(150.8608,-63.228,1.56));
#3794=CARTESIAN_POINT('',(150.8608,-44.228,1.56));
#3795=CARTESIAN_POINT('Origin',(110.8608,-90.728,1.56));
#3796=CARTESIAN_POINT('',(103.3608,-90.728,1.56));
#3797=CARTESIAN_POINT('',(89.3608,-90.728,1.56));
#3798=CARTESIAN_POINT('Origin',(135.8608,-125.728,1.56));
#3799=CARTESIAN_POINT('',(135.8608,-133.228,1.56));
#3800=CARTESIAN_POINT('',(135.8608,-152.228,1.56));
#3801=CARTESIAN_POINT('Origin',(140.8608,-133.228,3.66));
#3802=CARTESIAN_POINT('',(145.8608,-133.228,2.61));
#3803=CARTESIAN_POINT('',(140.8608,-133.228,2.61));
#3804=CARTESIAN_POINT('Origin',(145.8608,-125.728,1.56));
#3805=CARTESIAN_POINT('',(145.8608,-133.228,1.56));
#3806=CARTESIAN_POINT('',(145.8608,-152.228,1.56));
#3807=CARTESIAN_POINT('Origin',(103.3608,-95.728,3.66));
#3808=CARTESIAN_POINT('',(103.3608,-95.728,3.66));
#3809=CARTESIAN_POINT('',(103.3608,-100.728,3.66));
#3810=CARTESIAN_POINT('',(103.3608,-88.228,3.66));
#3811=CARTESIAN_POINT('',(103.3608,-100.728,2.61));
#3812=CARTESIAN_POINT('',(103.3608,-95.728,2.61));
#3813=CARTESIAN_POINT('Origin',(110.8608,-100.728,1.56));
#3814=CARTESIAN_POINT('',(103.3608,-100.728,1.56));
#3815=CARTESIAN_POINT('',(89.3608,-100.728,1.56));
#3816=CARTESIAN_POINT('Origin',(150.8608,-152.228,1.56));
#3817=CARTESIAN_POINT('',(150.8608,-152.228,1.56));
#3818=CARTESIAN_POINT('',(150.8608,-133.228,1.56));
#3819=CARTESIAN_POINT('Origin',(175.8608,-105.728,1.56));
#3820=CARTESIAN_POINT('',(183.3608,-105.728,1.56));
#3821=CARTESIAN_POINT('',(197.3608,-105.728,1.56));
#3822=CARTESIAN_POINT('Origin',(183.3608,-100.728,3.66));
#3823=CARTESIAN_POINT('',(183.3608,-95.728,2.61));
#3824=CARTESIAN_POINT('',(183.3608,-100.728,2.61));
#3825=CARTESIAN_POINT('Origin',(175.8608,-95.728,1.56));
#3826=CARTESIAN_POINT('',(183.3608,-95.728,1.56));
#3827=CARTESIAN_POINT('',(197.3608,-95.728,1.56));
#3828=CARTESIAN_POINT('Origin',(145.8608,-63.228,3.66));
#3829=CARTESIAN_POINT('',(140.8608,-63.228,2.61));
#3830=CARTESIAN_POINT('',(145.8608,-63.228,2.61));
#3831=CARTESIAN_POINT('Origin',(140.8608,-70.728,1.56));
#3832=CARTESIAN_POINT('',(140.8608,-63.228,1.56));
#3833=CARTESIAN_POINT('',(140.8608,-44.228,1.56));
#3834=CARTESIAN_POINT('Origin',(103.3608,-108.228,3.66));
#3835=CARTESIAN_POINT('',(110.8608,-108.228,3.66));
#3836=CARTESIAN_POINT('',(103.3608,-108.228,3.66));
#3837=CARTESIAN_POINT('',(110.8608,-108.228,3.66));
#3838=CARTESIAN_POINT('Origin',(148.3608,-129.478,1.56));
#3839=CARTESIAN_POINT('',(149.8608,-129.478,1.56));
#3840=CARTESIAN_POINT('Origin',(148.3608,-129.478,1.56));
#3841=CARTESIAN_POINT('',(149.8608,-129.478,1.56));
#3842=CARTESIAN_POINT('Origin',(179.6108,-93.228,1.56));
#3843=CARTESIAN_POINT('Origin',(175.8608,-90.728,3.66));
#3844=CARTESIAN_POINT('Origin',(179.6108,-93.228,1.56));
#3845=CARTESIAN_POINT('',(181.1108,-93.228,1.56));
#3846=CARTESIAN_POINT('Origin',(179.6108,-93.228,1.56));
#3847=CARTESIAN_POINT('Origin',(179.6108,-93.228,1.56));
#3848=CARTESIAN_POINT('',(181.1108,-93.228,1.56));
#3849=CARTESIAN_POINT('Origin',(179.6108,-93.228,1.56));
#3850=CARTESIAN_POINT('',(108.6108,-93.228,1.56));
#3851=CARTESIAN_POINT('Origin',(107.1108,-93.228,1.56));
#3852=CARTESIAN_POINT('Origin',(107.1108,-93.228,1.56));
#3853=CARTESIAN_POINT('',(108.6108,-93.228,3.66));
#3854=CARTESIAN_POINT('',(108.6108,-93.228,1.56));
#3855=CARTESIAN_POINT('Origin',(107.1108,-93.228,3.66));
#3856=CARTESIAN_POINT('Origin',(103.3608,-90.728,1.56));
#3857=CARTESIAN_POINT('',(103.3608,-91.978,3.66));
#3858=CARTESIAN_POINT('',(103.3608,-95.728,1.56));
#3859=CARTESIAN_POINT('Origin',(135.8608,-70.728,3.66));
#3860=CARTESIAN_POINT('Origin',(138.3608,-66.978,1.56));
#3861=CARTESIAN_POINT('',(139.8608,-66.978,1.56));
#3862=CARTESIAN_POINT('Origin',(138.3608,-66.978,1.56));
#3863=CARTESIAN_POINT('',(139.8608,-66.978,1.56));
#3864=CARTESIAN_POINT('Origin',(179.6108,-93.228,1.56));
#3865=CARTESIAN_POINT('Origin',(140.8608,-63.228,1.56));
#3866=CARTESIAN_POINT('',(135.8608,-63.228,1.56));
#3867=CARTESIAN_POINT('Origin',(140.8608,-125.728,3.66));
#3868=CARTESIAN_POINT('Origin',(138.3608,-129.478,1.56));
#3869=CARTESIAN_POINT('',(139.8608,-129.478,1.56));
#3870=CARTESIAN_POINT('Origin',(138.3608,-129.478,1.56));
#3871=CARTESIAN_POINT('',(139.8608,-129.478,1.56));
#3872=CARTESIAN_POINT('Origin',(179.6108,-93.228,1.56));
#3873=CARTESIAN_POINT('Origin',(179.6108,-93.228,1.56));
#3874=CARTESIAN_POINT('',(181.1108,-103.228,1.56));
#3875=CARTESIAN_POINT('Origin',(179.6108,-103.228,1.56));
#3876=CARTESIAN_POINT('Origin',(179.6108,-103.228,1.56));
#3877=CARTESIAN_POINT('',(181.1108,-103.228,1.56));
#3878=CARTESIAN_POINT('Origin',(110.8608,-105.728,3.66));
#3879=CARTESIAN_POINT('',(110.8608,-125.728,3.66));
#3880=CARTESIAN_POINT('Origin',(107.1108,-103.228,3.66));
#3881=CARTESIAN_POINT('',(103.3608,-101.978,3.66));
#3882=CARTESIAN_POINT('',(108.6108,-103.228,3.66));
#3883=CARTESIAN_POINT('Origin',(107.1108,-103.228,3.66));
#3884=CARTESIAN_POINT('Origin',(103.3608,-100.728,1.56));
#3885=CARTESIAN_POINT('',(103.3608,-105.728,1.56));
#3886=CARTESIAN_POINT('Origin',(150.8608,-63.228,1.56));
#3887=CARTESIAN_POINT('',(145.8608,-63.228,1.56));
#3888=CARTESIAN_POINT('Origin',(87.3608,-79.8143362472932,1.56));
#3889=CARTESIAN_POINT('',(87.3608,-116.641663752707,1.56));
#3890=CARTESIAN_POINT('',(87.3608,-79.8143362472932,1.56));
#3891=CARTESIAN_POINT('Origin',(88.3608,-153.228,1.56));
#3892=CARTESIAN_POINT('',(124.947136247293,-154.228,1.56));
#3893=CARTESIAN_POINT('Origin',(124.947136247293,-154.228,1.56));
#3894=CARTESIAN_POINT('',(161.774463752707,-154.228,1.56));
#3895=CARTESIAN_POINT('Origin',(198.3608,-153.228,1.56));
#3896=CARTESIAN_POINT('',(199.3608,-116.641663752707,1.56));
#3897=CARTESIAN_POINT('Origin',(199.3608,-116.641663752707,1.56));
#3898=CARTESIAN_POINT('',(199.3608,-79.8143362472932,1.56));
#3899=CARTESIAN_POINT('Origin',(198.3608,-43.228,1.56));
#3900=CARTESIAN_POINT('',(161.774463752707,-42.228,1.56));
#3901=CARTESIAN_POINT('Origin',(161.774463752707,-42.228,1.56));
#3902=CARTESIAN_POINT('',(124.947136247293,-42.228,1.56));
#3903=CARTESIAN_POINT('Origin',(88.3608,-43.228,1.56));
#3904=CARTESIAN_POINT('Origin',(198.3608,-153.228,1.56));
#3905=CARTESIAN_POINT('',(175.8608,-124.360890688536,1.56));
#3906=CARTESIAN_POINT('',(197.3608,-116.641663752707,1.56));
#3907=CARTESIAN_POINT('Origin',(175.8608,-124.360890688536,1.56));
#3908=CARTESIAN_POINT('Origin',(198.3608,-153.228,1.56));
#3909=CARTESIAN_POINT('',(163.375088630928,-154.228,1.56));
#3910=CARTESIAN_POINT('Origin',(163.375088630928,-154.228,1.56));
#3911=CARTESIAN_POINT('',(163.375088630928,-152.228,1.56));
#3912=CARTESIAN_POINT('Origin',(198.3608,-153.228,1.56));
#3913=CARTESIAN_POINT('',(172.258516657296,-129.911250563228,1.56));
#3914=CARTESIAN_POINT('Origin',(172.258516657296,-129.911250563228,1.56));
#3915=CARTESIAN_POINT('',(171.125428684959,-128.778162590892,1.56));
#3916=CARTESIAN_POINT('Origin',(198.3608,-153.228,1.56));
#3917=CARTESIAN_POINT('',(161.774463752707,-152.228,1.56));
#3918=CARTESIAN_POINT('Origin',(161.774463752707,-152.228,1.56));
#3919=CARTESIAN_POINT('Origin',(145.8608,-152.228,1.56));
#3920=CARTESIAN_POINT('',(140.8608,-152.228,1.56));
#3921=CARTESIAN_POINT('Origin',(135.8608,-152.228,1.56));
#3922=CARTESIAN_POINT('',(124.947136247293,-152.228,1.56));
#3923=CARTESIAN_POINT('Origin',(88.3608,-153.228,1.56));
#3924=CARTESIAN_POINT('',(115.596171315041,-128.778162590892,1.56));
#3925=CARTESIAN_POINT('Origin',(115.596171315041,-128.778162590892,1.56));
#3926=CARTESIAN_POINT('',(114.463083342704,-129.911250563228,1.56));
#3927=CARTESIAN_POINT('Origin',(88.3608,-153.228,1.56));
#3928=CARTESIAN_POINT('',(123.346511369072,-152.228,1.56));
#3929=CARTESIAN_POINT('Origin',(123.346511369072,-152.228,1.56));
#3930=CARTESIAN_POINT('',(123.346511369072,-154.228,1.56));
#3931=CARTESIAN_POINT('Origin',(88.3608,-153.228,1.56));
#3932=CARTESIAN_POINT('Origin',(110.8608,-125.728,1.56));
#3933=CARTESIAN_POINT('',(110.8608,-124.360890688536,1.56));
#3934=CARTESIAN_POINT('Origin',(88.3608,-153.228,1.56));
#3935=CARTESIAN_POINT('',(89.3608,-116.641663752707,1.56));
#3936=CARTESIAN_POINT('Origin',(89.3608,-116.641663752707,1.56));
#3937=CARTESIAN_POINT('',(89.3608,-105.728,1.56));
#3938=CARTESIAN_POINT('Origin',(89.3608,-100.728,1.56));
#3939=CARTESIAN_POINT('',(89.3608,-95.728,1.56));
#3940=CARTESIAN_POINT('Origin',(89.3608,-90.728,1.56));
#3941=CARTESIAN_POINT('',(89.3608,-79.8143362472932,1.56));
#3942=CARTESIAN_POINT('Origin',(88.3608,-43.228,1.56));
#3943=CARTESIAN_POINT('',(110.8608,-72.0951093114638,1.56));
#3944=CARTESIAN_POINT('Origin',(110.8608,-72.0951093114638,1.56));
#3945=CARTESIAN_POINT('Origin',(88.3608,-43.228,1.56));
#3946=CARTESIAN_POINT('',(89.3608,-78.2137113690718,1.56));
#3947=CARTESIAN_POINT('Origin',(89.3608,-78.2137113690718,1.56));
#3948=CARTESIAN_POINT('',(87.3608,-78.2137113690718,1.56));
#3949=CARTESIAN_POINT('Origin',(88.3608,-43.228,1.56));
#3950=CARTESIAN_POINT('',(123.346511369072,-42.228,1.56));
#3951=CARTESIAN_POINT('Origin',(123.346511369072,-42.228,1.56));
#3952=CARTESIAN_POINT('',(123.346511369072,-44.228,1.56));
#3953=CARTESIAN_POINT('Origin',(88.3608,-43.228,1.56));
#3954=CARTESIAN_POINT('',(114.463083342704,-66.5447494367715,1.56));
#3955=CARTESIAN_POINT('Origin',(114.463083342704,-66.5447494367715,1.56));
#3956=CARTESIAN_POINT('',(115.596171315041,-67.6778374091084,1.56));
#3957=CARTESIAN_POINT('Origin',(88.3608,-43.228,1.56));
#3958=CARTESIAN_POINT('',(124.947136247293,-44.228,1.56));
#3959=CARTESIAN_POINT('Origin',(124.947136247293,-44.228,1.56));
#3960=CARTESIAN_POINT('',(135.8608,-44.228,1.56));
#3961=CARTESIAN_POINT('Origin',(140.8608,-44.228,1.56));
#3962=CARTESIAN_POINT('',(145.8608,-44.228,1.56));
#3963=CARTESIAN_POINT('Origin',(150.8608,-44.228,1.56));
#3964=CARTESIAN_POINT('',(161.774463752707,-44.228,1.56));
#3965=CARTESIAN_POINT('Origin',(198.3608,-43.228,1.56));
#3966=CARTESIAN_POINT('',(171.125428684959,-67.6778374091084,1.56));
#3967=CARTESIAN_POINT('Origin',(171.125428684959,-67.6778374091084,1.56));
#3968=CARTESIAN_POINT('',(172.258516657296,-66.5447494367715,1.56));
#3969=CARTESIAN_POINT('Origin',(198.3608,-43.228,1.56));
#3970=CARTESIAN_POINT('',(163.375088630928,-44.228,1.56));
#3971=CARTESIAN_POINT('Origin',(163.375088630928,-44.228,1.56));
#3972=CARTESIAN_POINT('',(163.375088630928,-42.228,1.56));
#3973=CARTESIAN_POINT('Origin',(198.3608,-43.228,1.56));
#3974=CARTESIAN_POINT('',(199.3608,-78.2137113690718,1.56));
#3975=CARTESIAN_POINT('Origin',(199.3608,-78.2137113690718,1.56));
#3976=CARTESIAN_POINT('',(197.3608,-78.2137113690718,1.56));
#3977=CARTESIAN_POINT('Origin',(198.3608,-43.228,1.56));
#3978=CARTESIAN_POINT('Origin',(175.8608,-70.728,1.56));
#3979=CARTESIAN_POINT('',(175.8608,-72.0951093114638,1.56));
#3980=CARTESIAN_POINT('Origin',(198.3608,-43.228,1.56));
#3981=CARTESIAN_POINT('',(197.3608,-79.8143362472932,1.56));
#3982=CARTESIAN_POINT('Origin',(197.3608,-79.8143362472932,1.56));
#3983=CARTESIAN_POINT('',(197.3608,-90.728,1.56));
#3984=CARTESIAN_POINT('Origin',(197.3608,-95.728,1.56));
#3985=CARTESIAN_POINT('',(197.3608,-100.728,1.56));
#3986=CARTESIAN_POINT('Origin',(197.3608,-105.728,1.56));
#3987=CARTESIAN_POINT('Origin',(197.3608,-100.728,1.56));
#3988=CARTESIAN_POINT('',(183.3608,-100.728,1.56));
#3989=CARTESIAN_POINT('Origin',(135.8608,-44.228,1.56));
#3990=CARTESIAN_POINT('Origin',(89.3608,-95.728,1.56));
#3991=CARTESIAN_POINT('Origin',(140.8608,-152.228,1.56));
#3992=CARTESIAN_POINT('',(140.8608,-133.228,1.56));
#3993=CARTESIAN_POINT('Origin',(197.3608,-90.728,1.56));
#3994=CARTESIAN_POINT('',(183.3608,-90.728,1.56));
#3995=CARTESIAN_POINT('Origin',(145.8608,-44.228,1.56));
#3996=CARTESIAN_POINT('Origin',(89.3608,-105.728,1.56));
#3997=CARTESIAN_POINT('Origin',(145.8608,-133.228,1.56));
#3998=CARTESIAN_POINT('Origin',(183.3608,-105.728,1.56));
#3999=CARTESIAN_POINT('Origin',(135.8608,-133.228,1.56));
#4000=CARTESIAN_POINT('Origin',(183.3608,-95.728,1.56));
#4001=CARTESIAN_POINT('Origin',(148.3608,-66.978,1.56));
#4002=CARTESIAN_POINT('',(149.8608,-66.978,1.56));
#4003=CARTESIAN_POINT('Origin',(148.3608,-66.978,1.56));
#4004=CARTESIAN_POINT('',(149.8608,-66.978,1.56));
#4005=CARTESIAN_POINT('Origin',(179.6108,-93.228,1.56));
#4006=CARTESIAN_POINT('Origin',(107.1108,-103.228,1.56));
#4007=CARTESIAN_POINT('',(108.6108,-103.228,1.56));
#4008=CARTESIAN_POINT('Origin',(107.1108,-103.228,1.56));
#4009=CARTESIAN_POINT('',(108.6108,-103.228,1.56));
#4010=CARTESIAN_POINT('Origin',(179.6108,-93.228,1.56));
#4011=CARTESIAN_POINT('',(0.,0.,0.));
#4012=UNCERTAINTY_MEASURE_WITH_UNIT(LENGTH_MEASURE(0.01),#4018,
'DISTANCE_ACCURACY_VALUE',
'Maximum model space distance between geometric entities at asserted c
onnectivities');
#4013=UNCERTAINTY_MEASURE_WITH_UNIT(LENGTH_MEASURE(0.01),#4018,
'DISTANCE_ACCURACY_VALUE',
'Maximum model space distance between geometric entities at asserted c
onnectivities');
#4014=UNCERTAINTY_MEASURE_WITH_UNIT(LENGTH_MEASURE(0.01),#4018,
'DISTANCE_ACCURACY_VALUE',
'Maximum model space distance between geometric entities at asserted c
onnectivities');
#4015=(
GEOMETRIC_REPRESENTATION_CONTEXT(3)
GLOBAL_UNCERTAINTY_ASSIGNED_CONTEXT((#4012))
GLOBAL_UNIT_ASSIGNED_CONTEXT((#4018,#4020,#4021))
REPRESENTATION_CONTEXT('','3D')
);
#4016=(
GEOMETRIC_REPRESENTATION_CONTEXT(3)
GLOBAL_UNCERTAINTY_ASSIGNED_CONTEXT((#4013))
GLOBAL_UNIT_ASSIGNED_CONTEXT((#4018,#4020,#4021))
REPRESENTATION_CONTEXT('','3D')
);
#4017=(
GEOMETRIC_REPRESENTATION_CONTEXT(3)
GLOBAL_UNCERTAINTY_ASSIGNED_CONTEXT((#4014))
GLOBAL_UNIT_ASSIGNED_CONTEXT((#4018,#4020,#4021))
REPRESENTATION_CONTEXT('','3D')
);
#4018=(
LENGTH_UNIT()
NAMED_UNIT(*)
SI_UNIT(.MILLI.,.METRE.)
);
#4019=(
LENGTH_UNIT()
NAMED_UNIT(*)
SI_UNIT($,.METRE.)
);
#4020=(
NAMED_UNIT(*)
PLANE_ANGLE_UNIT()
SI_UNIT($,.RADIAN.)
);
#4021=(
NAMED_UNIT(*)
SI_UNIT($,.STERADIAN.)
SOLID_ANGLE_UNIT()
);
#4022=SHAPE_DEFINITION_REPRESENTATION(#4024,#4027);
#4023=SHAPE_DEFINITION_REPRESENTATION(#4025,#4028);
#4024=PRODUCT_DEFINITION_SHAPE('',$,#4030);
#4025=PRODUCT_DEFINITION_SHAPE('',$,#4031);
#4026=PRODUCT_DEFINITION_SHAPE($,$,#16);
#4027=SHAPE_REPRESENTATION('',(#2432,#2636),#4015);
#4028=SHAPE_REPRESENTATION('',(#2433),#4016);
#4029=PRODUCT_DEFINITION_CONTEXT('part definition',#4037,'design');
#4030=PRODUCT_DEFINITION('Quad0_PCB 1','Quad0_PCB (1)',#4032,#4029);
#4031=PRODUCT_DEFINITION('2026-09-12-17-08-20-928','BrushedFrame',#4033,
#4029);
#4032=PRODUCT_DEFINITION_FORMATION('',$,#4039);
#4033=PRODUCT_DEFINITION_FORMATION('',$,#4040);
#4034=PRODUCT_RELATED_PRODUCT_CATEGORY('Quad0_PCB (1)','Quad0_PCB (1)',
(#4039));
#4035=PRODUCT_RELATED_PRODUCT_CATEGORY('BrushedFrame','BrushedFrame',(#4040));
#4036=APPLICATION_PROTOCOL_DEFINITION('international standard',
'automotive_design',2009,#4037);
#4037=APPLICATION_CONTEXT(
'Core Data for Automotive Mechanical Design Process');
#4038=PRODUCT_CONTEXT('part definition',#4037,'mechanical');
#4039=PRODUCT('Quad0_PCB 1','Quad0_PCB (1)','KiCad electronic assembly',
(#4038));
#4040=PRODUCT('2026-09-12-17-08-20-928','BrushedFrame',$,(#4038));
#4041=PRESENTATION_STYLE_ASSIGNMENT((#4042));
#4042=SURFACE_STYLE_USAGE(.BOTH.,#4043);
#4043=SURFACE_SIDE_STYLE('',(#4044));
#4044=SURFACE_STYLE_FILL_AREA(#4045);
#4045=FILL_AREA_STYLE('Steel - Satin',(#4046));
#4046=FILL_AREA_STYLE_COLOUR('Steel - Satin',#4047);
#4047=COLOUR_RGB('Steel - Satin',0.627450980392157,0.627450980392157,0.627450980392157);
ENDSEC;
END-ISO-10303-21;
