ISO-10303-21;
HEADER;
/* Generated by software containing ST-Developer
 * from STEP Tools, Inc. (www.steptools.com) 
 */

FILE_DESCRIPTION(
/* description */ ('KiCad electronic assembly'),
/* implementation_level */ '2;1');

FILE_NAME(
/* name */ 'MainBody.step',
/* time_stamp */ '2026-09-22T19:26:24+05:30',
/* author */ (''),
/* organization */ (''),
/* preprocessor_version */ 'ST-DEVELOPER v20.2',
/* originating_system */ 'Autodesk Translation Framework v15.15.0.0',
/* authorisation */ '');

FILE_SCHEMA (('AUTOMOTIVE_DESIGN { 1 0 10303 214 3 1 1 }'));
ENDSEC;

DATA;
#10=MECHANICAL_DESIGN_GEOMETRIC_PRESENTATION_REPRESENTATION('',(#17),#4661);
#11=SHAPE_REPRESENTATION_RELATIONSHIP('SRR','None',#4671,#12);
#12=ADVANCED_BREP_SHAPE_REPRESENTATION('',(#18),#4659);
#13=ITEM_DEFINED_TRANSFORMATION($,$,#2807,#3072);
#14=(
REPRESENTATION_RELATIONSHIP($,$,#4672,#4671)
REPRESENTATION_RELATIONSHIP_WITH_TRANSFORMATION(#13)
SHAPE_REPRESENTATION_RELATIONSHIP()
);
#15=CONTEXT_DEPENDENT_SHAPE_REPRESENTATION(#14,#4670);
#16=NEXT_ASSEMBLY_USAGE_OCCURRENCE('BrushedFrame:1','BrushedFrame:1',
'BrushedFrame:1',#4674,#4675,'BrushedFrame:1');
#17=STYLED_ITEM('',(#4685),#18);
#18=MANIFOLD_SOLID_BREP('mainBody',#2793);
#19=FACE_BOUND('',#353,.T.);
#20=FACE_BOUND('',#354,.T.);
#21=FACE_BOUND('',#355,.T.);
#22=FACE_BOUND('',#356,.T.);
#23=FACE_BOUND('',#366,.T.);
#24=FACE_BOUND('',#367,.T.);
#25=FACE_BOUND('',#368,.T.);
#26=FACE_BOUND('',#369,.T.);
#27=FACE_BOUND('',#379,.T.);
#28=FACE_BOUND('',#380,.T.);
#29=FACE_BOUND('',#381,.T.);
#30=FACE_BOUND('',#382,.T.);
#31=FACE_BOUND('',#393,.T.);
#32=FACE_BOUND('',#394,.T.);
#33=FACE_BOUND('',#395,.T.);
#34=FACE_BOUND('',#396,.T.);
#35=FACE_BOUND('',#398,.T.);
#36=FACE_BOUND('',#399,.T.);
#37=FACE_BOUND('',#400,.T.);
#38=FACE_BOUND('',#401,.T.);
#39=FACE_BOUND('',#403,.T.);
#40=FACE_BOUND('',#404,.T.);
#41=FACE_BOUND('',#405,.T.);
#42=FACE_BOUND('',#406,.T.);
#43=FACE_BOUND('',#409,.T.);
#44=FACE_BOUND('',#410,.T.);
#45=FACE_BOUND('',#411,.T.);
#46=FACE_BOUND('',#412,.T.);
#47=FACE_BOUND('',#415,.T.);
#48=FACE_BOUND('',#416,.T.);
#49=FACE_BOUND('',#417,.T.);
#50=FACE_BOUND('',#418,.T.);
#51=FACE_BOUND('',#420,.T.);
#52=FACE_BOUND('',#421,.T.);
#53=FACE_BOUND('',#422,.T.);
#54=FACE_BOUND('',#423,.T.);
#55=FACE_BOUND('',#424,.T.);
#56=FACE_BOUND('',#425,.T.);
#57=FACE_BOUND('',#426,.T.);
#58=FACE_BOUND('',#427,.T.);
#59=FACE_BOUND('',#428,.T.);
#60=FACE_BOUND('',#429,.T.);
#61=FACE_BOUND('',#430,.T.);
#62=FACE_BOUND('',#431,.T.);
#63=FACE_BOUND('',#444,.T.);
#64=FACE_BOUND('',#445,.T.);
#65=FACE_BOUND('',#452,.T.);
#66=FACE_BOUND('',#453,.T.);
#67=FACE_BOUND('',#459,.T.);
#68=FACE_BOUND('',#460,.T.);
#69=FACE_BOUND('',#466,.T.);
#70=FACE_BOUND('',#467,.T.);
#71=FACE_BOUND('',#483,.T.);
#72=FACE_BOUND('',#485,.T.);
#73=FACE_BOUND('',#489,.T.);
#74=FACE_BOUND('',#491,.T.);
#75=FACE_BOUND('',#495,.T.);
#76=FACE_BOUND('',#497,.T.);
#77=FACE_BOUND('',#501,.T.);
#78=FACE_BOUND('',#503,.T.);
#79=FACE_BOUND('',#504,.T.);
#80=FACE_BOUND('',#505,.T.);
#81=FACE_BOUND('',#506,.T.);
#82=FACE_BOUND('',#507,.T.);
#83=FACE_BOUND('',#508,.T.);
#84=FACE_BOUND('',#509,.T.);
#85=FACE_BOUND('',#510,.T.);
#86=FACE_BOUND('',#511,.T.);
#87=FACE_BOUND('',#512,.T.);
#88=FACE_BOUND('',#513,.T.);
#89=FACE_BOUND('',#514,.T.);
#90=FACE_BOUND('',#544,.T.);
#91=PLANE('',#2859);
#92=PLANE('',#2860);
#93=PLANE('',#2861);
#94=PLANE('',#2862);
#95=PLANE('',#2863);
#96=PLANE('',#2864);
#97=PLANE('',#2865);
#98=PLANE('',#2866);
#99=PLANE('',#2867);
#100=PLANE('',#2870);
#101=PLANE('',#2871);
#102=PLANE('',#2872);
#103=PLANE('',#2873);
#104=PLANE('',#2874);
#105=PLANE('',#2875);
#106=PLANE('',#2876);
#107=PLANE('',#2877);
#108=PLANE('',#2878);
#109=PLANE('',#2880);
#110=PLANE('',#2881);
#111=PLANE('',#2882);
#112=PLANE('',#2883);
#113=PLANE('',#2884);
#114=PLANE('',#2885);
#115=PLANE('',#2886);
#116=PLANE('',#2887);
#117=PLANE('',#2888);
#118=PLANE('',#2893);
#119=PLANE('',#2894);
#120=PLANE('',#2895);
#121=PLANE('',#2896);
#122=PLANE('',#2897);
#123=PLANE('',#2898);
#124=PLANE('',#2899);
#125=PLANE('',#2900);
#126=PLANE('',#2901);
#127=PLANE('',#2904);
#128=PLANE('',#2906);
#129=PLANE('',#2910);
#130=PLANE('',#2914);
#131=PLANE('',#2916);
#132=PLANE('',#2939);
#133=PLANE('',#2944);
#134=PLANE('',#2949);
#135=PLANE('',#2954);
#136=PLANE('',#2955);
#137=PLANE('',#2964);
#138=PLANE('',#2965);
#139=PLANE('',#2966);
#140=PLANE('',#2971);
#141=PLANE('',#2972);
#142=PLANE('',#2973);
#143=PLANE('',#2978);
#144=PLANE('',#2979);
#145=PLANE('',#2980);
#146=PLANE('',#2983);
#147=PLANE('',#2984);
#148=PLANE('',#2988);
#149=PLANE('',#2992);
#150=PLANE('',#2996);
#151=PLANE('',#3000);
#152=PLANE('',#3007);
#153=PLANE('',#3008);
#154=PLANE('',#3015);
#155=PLANE('',#3016);
#156=PLANE('',#3023);
#157=PLANE('',#3024);
#158=PLANE('',#3031);
#159=PLANE('',#3032);
#160=PLANE('',#3043);
#161=PLANE('',#3044);
#162=PLANE('',#3050);
#163=PLANE('',#3051);
#164=PLANE('',#3052);
#165=PLANE('',#3053);
#166=PLANE('',#3054);
#167=PLANE('',#3056);
#168=PLANE('',#3057);
#169=PLANE('',#3058);
#170=PLANE('',#3059);
#171=PLANE('',#3061);
#172=PLANE('',#3062);
#173=PLANE('',#3063);
#174=PLANE('',#3064);
#175=PLANE('',#3065);
#176=PLANE('',#3067);
#177=PLANE('',#3068);
#178=PLANE('',#3069);
#179=PLANE('',#3070);
#180=PLANE('',#3071);
#181=FACE_OUTER_BOUND('',#327,.T.);
#182=FACE_OUTER_BOUND('',#328,.T.);
#183=FACE_OUTER_BOUND('',#329,.T.);
#184=FACE_OUTER_BOUND('',#330,.T.);
#185=FACE_OUTER_BOUND('',#331,.T.);
#186=FACE_OUTER_BOUND('',#332,.T.);
#187=FACE_OUTER_BOUND('',#333,.T.);
#188=FACE_OUTER_BOUND('',#334,.T.);
#189=FACE_OUTER_BOUND('',#335,.T.);
#190=FACE_OUTER_BOUND('',#336,.T.);
#191=FACE_OUTER_BOUND('',#337,.T.);
#192=FACE_OUTER_BOUND('',#338,.T.);
#193=FACE_OUTER_BOUND('',#339,.T.);
#194=FACE_OUTER_BOUND('',#340,.T.);
#195=FACE_OUTER_BOUND('',#341,.T.);
#196=FACE_OUTER_BOUND('',#342,.T.);
#197=FACE_OUTER_BOUND('',#343,.T.);
#198=FACE_OUTER_BOUND('',#344,.T.);
#199=FACE_OUTER_BOUND('',#345,.T.);
#200=FACE_OUTER_BOUND('',#346,.T.);
#201=FACE_OUTER_BOUND('',#347,.T.);
#202=FACE_OUTER_BOUND('',#348,.T.);
#203=FACE_OUTER_BOUND('',#349,.T.);
#204=FACE_OUTER_BOUND('',#350,.T.);
#205=FACE_OUTER_BOUND('',#351,.T.);
#206=FACE_OUTER_BOUND('',#352,.T.);
#207=FACE_OUTER_BOUND('',#357,.T.);
#208=FACE_OUTER_BOUND('',#358,.T.);
#209=FACE_OUTER_BOUND('',#359,.T.);
#210=FACE_OUTER_BOUND('',#360,.T.);
#211=FACE_OUTER_BOUND('',#361,.T.);
#212=FACE_OUTER_BOUND('',#362,.T.);
#213=FACE_OUTER_BOUND('',#363,.T.);
#214=FACE_OUTER_BOUND('',#364,.T.);
#215=FACE_OUTER_BOUND('',#365,.T.);
#216=FACE_OUTER_BOUND('',#370,.T.);
#217=FACE_OUTER_BOUND('',#371,.T.);
#218=FACE_OUTER_BOUND('',#372,.T.);
#219=FACE_OUTER_BOUND('',#373,.T.);
#220=FACE_OUTER_BOUND('',#374,.T.);
#221=FACE_OUTER_BOUND('',#375,.T.);
#222=FACE_OUTER_BOUND('',#376,.T.);
#223=FACE_OUTER_BOUND('',#377,.T.);
#224=FACE_OUTER_BOUND('',#378,.T.);
#225=FACE_OUTER_BOUND('',#383,.T.);
#226=FACE_OUTER_BOUND('',#384,.T.);
#227=FACE_OUTER_BOUND('',#385,.T.);
#228=FACE_OUTER_BOUND('',#386,.T.);
#229=FACE_OUTER_BOUND('',#387,.T.);
#230=FACE_OUTER_BOUND('',#388,.T.);
#231=FACE_OUTER_BOUND('',#389,.T.);
#232=FACE_OUTER_BOUND('',#390,.T.);
#233=FACE_OUTER_BOUND('',#391,.T.);
#234=FACE_OUTER_BOUND('',#392,.T.);
#235=FACE_OUTER_BOUND('',#397,.T.);
#236=FACE_OUTER_BOUND('',#402,.T.);
#237=FACE_OUTER_BOUND('',#407,.T.);
#238=FACE_OUTER_BOUND('',#408,.T.);
#239=FACE_OUTER_BOUND('',#413,.T.);
#240=FACE_OUTER_BOUND('',#414,.T.);
#241=FACE_OUTER_BOUND('',#419,.T.);
#242=FACE_OUTER_BOUND('',#432,.T.);
#243=FACE_OUTER_BOUND('',#433,.T.);
#244=FACE_OUTER_BOUND('',#434,.T.);
#245=FACE_OUTER_BOUND('',#435,.T.);
#246=FACE_OUTER_BOUND('',#436,.T.);
#247=FACE_OUTER_BOUND('',#437,.T.);
#248=FACE_OUTER_BOUND('',#438,.T.);
#249=FACE_OUTER_BOUND('',#439,.T.);
#250=FACE_OUTER_BOUND('',#440,.T.);
#251=FACE_OUTER_BOUND('',#441,.T.);
#252=FACE_OUTER_BOUND('',#442,.T.);
#253=FACE_OUTER_BOUND('',#443,.T.);
#254=FACE_OUTER_BOUND('',#446,.T.);
#255=FACE_OUTER_BOUND('',#447,.T.);
#256=FACE_OUTER_BOUND('',#448,.T.);
#257=FACE_OUTER_BOUND('',#449,.T.);
#258=FACE_OUTER_BOUND('',#450,.T.);
#259=FACE_OUTER_BOUND('',#451,.T.);
#260=FACE_OUTER_BOUND('',#454,.T.);
#261=FACE_OUTER_BOUND('',#455,.T.);
#262=FACE_OUTER_BOUND('',#456,.T.);
#263=FACE_OUTER_BOUND('',#457,.T.);
#264=FACE_OUTER_BOUND('',#458,.T.);
#265=FACE_OUTER_BOUND('',#461,.T.);
#266=FACE_OUTER_BOUND('',#462,.T.);
#267=FACE_OUTER_BOUND('',#463,.T.);
#268=FACE_OUTER_BOUND('',#464,.T.);
#269=FACE_OUTER_BOUND('',#465,.T.);
#270=FACE_OUTER_BOUND('',#468,.T.);
#271=FACE_OUTER_BOUND('',#469,.T.);
#272=FACE_OUTER_BOUND('',#470,.T.);
#273=FACE_OUTER_BOUND('',#471,.T.);
#274=FACE_OUTER_BOUND('',#472,.T.);
#275=FACE_OUTER_BOUND('',#473,.T.);
#276=FACE_OUTER_BOUND('',#474,.T.);
#277=FACE_OUTER_BOUND('',#475,.T.);
#278=FACE_OUTER_BOUND('',#476,.T.);
#279=FACE_OUTER_BOUND('',#477,.T.);
#280=FACE_OUTER_BOUND('',#478,.T.);
#281=FACE_OUTER_BOUND('',#479,.T.);
#282=FACE_OUTER_BOUND('',#480,.T.);
#283=FACE_OUTER_BOUND('',#481,.T.);
#284=FACE_OUTER_BOUND('',#482,.T.);
#285=FACE_OUTER_BOUND('',#484,.T.);
#286=FACE_OUTER_BOUND('',#486,.T.);
#287=FACE_OUTER_BOUND('',#487,.T.);
#288=FACE_OUTER_BOUND('',#488,.T.);
#289=FACE_OUTER_BOUND('',#490,.T.);
#290=FACE_OUTER_BOUND('',#492,.T.);
#291=FACE_OUTER_BOUND('',#493,.T.);
#292=FACE_OUTER_BOUND('',#494,.T.);
#293=FACE_OUTER_BOUND('',#496,.T.);
#294=FACE_OUTER_BOUND('',#498,.T.);
#295=FACE_OUTER_BOUND('',#499,.T.);
#296=FACE_OUTER_BOUND('',#500,.T.);
#297=FACE_OUTER_BOUND('',#502,.T.);
#298=FACE_OUTER_BOUND('',#515,.T.);
#299=FACE_OUTER_BOUND('',#516,.T.);
#300=FACE_OUTER_BOUND('',#517,.T.);
#301=FACE_OUTER_BOUND('',#518,.T.);
#302=FACE_OUTER_BOUND('',#519,.T.);
#303=FACE_OUTER_BOUND('',#520,.T.);
#304=FACE_OUTER_BOUND('',#521,.T.);
#305=FACE_OUTER_BOUND('',#522,.T.);
#306=FACE_OUTER_BOUND('',#523,.T.);
#307=FACE_OUTER_BOUND('',#524,.T.);
#308=FACE_OUTER_BOUND('',#525,.T.);
#309=FACE_OUTER_BOUND('',#526,.T.);
#310=FACE_OUTER_BOUND('',#527,.T.);
#311=FACE_OUTER_BOUND('',#528,.T.);
#312=FACE_OUTER_BOUND('',#529,.T.);
#313=FACE_OUTER_BOUND('',#530,.T.);
#314=FACE_OUTER_BOUND('',#531,.T.);
#315=FACE_OUTER_BOUND('',#532,.T.);
#316=FACE_OUTER_BOUND('',#533,.T.);
#317=FACE_OUTER_BOUND('',#534,.T.);
#318=FACE_OUTER_BOUND('',#535,.T.);
#319=FACE_OUTER_BOUND('',#536,.T.);
#320=FACE_OUTER_BOUND('',#537,.T.);
#321=FACE_OUTER_BOUND('',#538,.T.);
#322=FACE_OUTER_BOUND('',#539,.T.);
#323=FACE_OUTER_BOUND('',#540,.T.);
#324=FACE_OUTER_BOUND('',#541,.T.);
#325=FACE_OUTER_BOUND('',#542,.T.);
#326=FACE_OUTER_BOUND('',#543,.T.);
#327=EDGE_LOOP('',(#1827,#1828,#1829,#1830));
#328=EDGE_LOOP('',(#1831,#1832,#1833,#1834));
#329=EDGE_LOOP('',(#1835,#1836,#1837,#1838));
#330=EDGE_LOOP('',(#1839,#1840,#1841,#1842));
#331=EDGE_LOOP('',(#1843,#1844,#1845,#1846));
#332=EDGE_LOOP('',(#1847,#1848,#1849,#1850));
#333=EDGE_LOOP('',(#1851,#1852,#1853,#1854));
#334=EDGE_LOOP('',(#1855,#1856,#1857,#1858));
#335=EDGE_LOOP('',(#1859,#1860,#1861,#1862));
#336=EDGE_LOOP('',(#1863,#1864,#1865,#1866));
#337=EDGE_LOOP('',(#1867,#1868,#1869,#1870));
#338=EDGE_LOOP('',(#1871,#1872,#1873,#1874));
#339=EDGE_LOOP('',(#1875,#1876,#1877,#1878));
#340=EDGE_LOOP('',(#1879,#1880,#1881,#1882));
#341=EDGE_LOOP('',(#1883,#1884,#1885,#1886));
#342=EDGE_LOOP('',(#1887,#1888,#1889,#1890));
#343=EDGE_LOOP('',(#1891,#1892,#1893,#1894));
#344=EDGE_LOOP('',(#1895,#1896,#1897,#1898));
#345=EDGE_LOOP('',(#1899,#1900,#1901,#1902));
#346=EDGE_LOOP('',(#1903,#1904,#1905,#1906));
#347=EDGE_LOOP('',(#1907,#1908,#1909,#1910));
#348=EDGE_LOOP('',(#1911,#1912,#1913,#1914));
#349=EDGE_LOOP('',(#1915,#1916,#1917,#1918));
#350=EDGE_LOOP('',(#1919,#1920,#1921,#1922));
#351=EDGE_LOOP('',(#1923,#1924,#1925,#1926));
#352=EDGE_LOOP('',(#1927));
#353=EDGE_LOOP('',(#1928,#1929,#1930));
#354=EDGE_LOOP('',(#1931,#1932,#1933));
#355=EDGE_LOOP('',(#1934,#1935,#1936));
#356=EDGE_LOOP('',(#1937,#1938,#1939));
#357=EDGE_LOOP('',(#1940,#1941,#1942,#1943));
#358=EDGE_LOOP('',(#1944,#1945,#1946,#1947));
#359=EDGE_LOOP('',(#1948,#1949,#1950,#1951));
#360=EDGE_LOOP('',(#1952,#1953,#1954,#1955));
#361=EDGE_LOOP('',(#1956,#1957,#1958,#1959));
#362=EDGE_LOOP('',(#1960,#1961,#1962,#1963));
#363=EDGE_LOOP('',(#1964,#1965,#1966,#1967));
#364=EDGE_LOOP('',(#1968,#1969,#1970,#1971));
#365=EDGE_LOOP('',(#1972));
#366=EDGE_LOOP('',(#1973,#1974,#1975));
#367=EDGE_LOOP('',(#1976,#1977,#1978));
#368=EDGE_LOOP('',(#1979,#1980,#1981));
#369=EDGE_LOOP('',(#1982,#1983,#1984));
#370=EDGE_LOOP('',(#1985,#1986,#1987,#1988));
#371=EDGE_LOOP('',(#1989,#1990,#1991,#1992));
#372=EDGE_LOOP('',(#1993,#1994,#1995,#1996));
#373=EDGE_LOOP('',(#1997,#1998,#1999,#2000));
#374=EDGE_LOOP('',(#2001,#2002,#2003,#2004));
#375=EDGE_LOOP('',(#2005,#2006,#2007,#2008));
#376=EDGE_LOOP('',(#2009,#2010,#2011,#2012));
#377=EDGE_LOOP('',(#2013,#2014,#2015,#2016));
#378=EDGE_LOOP('',(#2017));
#379=EDGE_LOOP('',(#2018,#2019,#2020));
#380=EDGE_LOOP('',(#2021,#2022,#2023));
#381=EDGE_LOOP('',(#2024,#2025,#2026));
#382=EDGE_LOOP('',(#2027,#2028,#2029));
#383=EDGE_LOOP('',(#2030,#2031,#2032,#2033));
#384=EDGE_LOOP('',(#2034,#2035,#2036,#2037));
#385=EDGE_LOOP('',(#2038,#2039,#2040,#2041));
#386=EDGE_LOOP('',(#2042,#2043,#2044,#2045));
#387=EDGE_LOOP('',(#2046,#2047,#2048,#2049));
#388=EDGE_LOOP('',(#2050,#2051,#2052,#2053));
#389=EDGE_LOOP('',(#2054,#2055,#2056,#2057));
#390=EDGE_LOOP('',(#2058,#2059,#2060,#2061));
#391=EDGE_LOOP('',(#2062,#2063,#2064,#2065));
#392=EDGE_LOOP('',(#2066));
#393=EDGE_LOOP('',(#2067,#2068,#2069));
#394=EDGE_LOOP('',(#2070,#2071,#2072));
#395=EDGE_LOOP('',(#2073,#2074,#2075));
#396=EDGE_LOOP('',(#2076,#2077,#2078));
#397=EDGE_LOOP('',(#2079));
#398=EDGE_LOOP('',(#2080,#2081,#2082));
#399=EDGE_LOOP('',(#2083,#2084,#2085));
#400=EDGE_LOOP('',(#2086,#2087,#2088));
#401=EDGE_LOOP('',(#2089,#2090,#2091));
#402=EDGE_LOOP('',(#2092));
#403=EDGE_LOOP('',(#2093,#2094,#2095));
#404=EDGE_LOOP('',(#2096,#2097,#2098));
#405=EDGE_LOOP('',(#2099,#2100,#2101));
#406=EDGE_LOOP('',(#2102,#2103,#2104));
#407=EDGE_LOOP('',(#2105,#2106,#2107,#2108));
#408=EDGE_LOOP('',(#2109));
#409=EDGE_LOOP('',(#2110,#2111,#2112));
#410=EDGE_LOOP('',(#2113,#2114,#2115));
#411=EDGE_LOOP('',(#2116,#2117,#2118));
#412=EDGE_LOOP('',(#2119,#2120,#2121));
#413=EDGE_LOOP('',(#2122,#2123,#2124,#2125));
#414=EDGE_LOOP('',(#2126));
#415=EDGE_LOOP('',(#2127,#2128,#2129));
#416=EDGE_LOOP('',(#2130,#2131,#2132));
#417=EDGE_LOOP('',(#2133,#2134,#2135));
#418=EDGE_LOOP('',(#2136,#2137,#2138));
#419=EDGE_LOOP('',(#2139,#2140,#2141,#2142,#2143,#2144,#2145,#2146,#2147,
#2148,#2149,#2150,#2151,#2152,#2153,#2154,#2155,#2156,#2157,#2158,#2159,
#2160,#2161,#2162,#2163,#2164,#2165,#2166,#2167,#2168,#2169,#2170,#2171,
#2172,#2173,#2174,#2175,#2176,#2177,#2178,#2179,#2180,#2181,#2182,#2183,
#2184,#2185,#2186));
#420=EDGE_LOOP('',(#2187));
#421=EDGE_LOOP('',(#2188));
#422=EDGE_LOOP('',(#2189));
#423=EDGE_LOOP('',(#2190));
#424=EDGE_LOOP('',(#2191));
#425=EDGE_LOOP('',(#2192));
#426=EDGE_LOOP('',(#2193));
#427=EDGE_LOOP('',(#2194));
#428=EDGE_LOOP('',(#2195));
#429=EDGE_LOOP('',(#2196));
#430=EDGE_LOOP('',(#2197));
#431=EDGE_LOOP('',(#2198));
#432=EDGE_LOOP('',(#2199,#2200,#2201,#2202));
#433=EDGE_LOOP('',(#2203,#2204,#2205,#2206));
#434=EDGE_LOOP('',(#2207,#2208,#2209,#2210));
#435=EDGE_LOOP('',(#2211,#2212,#2213,#2214));
#436=EDGE_LOOP('',(#2215,#2216,#2217,#2218));
#437=EDGE_LOOP('',(#2219,#2220,#2221,#2222));
#438=EDGE_LOOP('',(#2223,#2224,#2225,#2226));
#439=EDGE_LOOP('',(#2227,#2228,#2229,#2230));
#440=EDGE_LOOP('',(#2231,#2232,#2233,#2234));
#441=EDGE_LOOP('',(#2235,#2236,#2237,#2238));
#442=EDGE_LOOP('',(#2239,#2240,#2241,#2242));
#443=EDGE_LOOP('',(#2243,#2244,#2245,#2246,#2247,#2248));
#444=EDGE_LOOP('',(#2249));
#445=EDGE_LOOP('',(#2250));
#446=EDGE_LOOP('',(#2251,#2252,#2253,#2254));
#447=EDGE_LOOP('',(#2255,#2256,#2257,#2258));
#448=EDGE_LOOP('',(#2259,#2260,#2261,#2262));
#449=EDGE_LOOP('',(#2263,#2264,#2265,#2266));
#450=EDGE_LOOP('',(#2267,#2268,#2269,#2270));
#451=EDGE_LOOP('',(#2271,#2272,#2273,#2274,#2275,#2276));
#452=EDGE_LOOP('',(#2277));
#453=EDGE_LOOP('',(#2278));
#454=EDGE_LOOP('',(#2279,#2280,#2281,#2282));
#455=EDGE_LOOP('',(#2283,#2284,#2285,#2286));
#456=EDGE_LOOP('',(#2287,#2288,#2289,#2290));
#457=EDGE_LOOP('',(#2291,#2292,#2293,#2294));
#458=EDGE_LOOP('',(#2295,#2296,#2297,#2298,#2299,#2300));
#459=EDGE_LOOP('',(#2301));
#460=EDGE_LOOP('',(#2302));
#461=EDGE_LOOP('',(#2303,#2304,#2305,#2306));
#462=EDGE_LOOP('',(#2307,#2308,#2309,#2310));
#463=EDGE_LOOP('',(#2311,#2312,#2313,#2314));
#464=EDGE_LOOP('',(#2315,#2316,#2317,#2318));
#465=EDGE_LOOP('',(#2319,#2320,#2321,#2322,#2323,#2324));
#466=EDGE_LOOP('',(#2325));
#467=EDGE_LOOP('',(#2326));
#468=EDGE_LOOP('',(#2327,#2328,#2329,#2330));
#469=EDGE_LOOP('',(#2331,#2332,#2333,#2334));
#470=EDGE_LOOP('',(#2335,#2336,#2337,#2338));
#471=EDGE_LOOP('',(#2339,#2340,#2341,#2342));
#472=EDGE_LOOP('',(#2343,#2344,#2345,#2346));
#473=EDGE_LOOP('',(#2347));
#474=EDGE_LOOP('',(#2348,#2349,#2350,#2351));
#475=EDGE_LOOP('',(#2352));
#476=EDGE_LOOP('',(#2353,#2354,#2355,#2356));
#477=EDGE_LOOP('',(#2357));
#478=EDGE_LOOP('',(#2358,#2359,#2360,#2361));
#479=EDGE_LOOP('',(#2362));
#480=EDGE_LOOP('',(#2363,#2364,#2365,#2366));
#481=EDGE_LOOP('',(#2367,#2368,#2369,#2370));
#482=EDGE_LOOP('',(#2371));
#483=EDGE_LOOP('',(#2372));
#484=EDGE_LOOP('',(#2373));
#485=EDGE_LOOP('',(#2374));
#486=EDGE_LOOP('',(#2375,#2376,#2377,#2378));
#487=EDGE_LOOP('',(#2379,#2380,#2381,#2382));
#488=EDGE_LOOP('',(#2383));
#489=EDGE_LOOP('',(#2384));
#490=EDGE_LOOP('',(#2385));
#491=EDGE_LOOP('',(#2386));
#492=EDGE_LOOP('',(#2387,#2388,#2389,#2390));
#493=EDGE_LOOP('',(#2391,#2392,#2393,#2394));
#494=EDGE_LOOP('',(#2395));
#495=EDGE_LOOP('',(#2396));
#496=EDGE_LOOP('',(#2397));
#497=EDGE_LOOP('',(#2398));
#498=EDGE_LOOP('',(#2399,#2400,#2401,#2402));
#499=EDGE_LOOP('',(#2403,#2404,#2405,#2406));
#500=EDGE_LOOP('',(#2407));
#501=EDGE_LOOP('',(#2408));
#502=EDGE_LOOP('',(#2409,#2410,#2411,#2412,#2413,#2414,#2415,#2416,#2417,
#2418,#2419,#2420,#2421,#2422,#2423,#2424,#2425,#2426,#2427,#2428,#2429,
#2430,#2431,#2432,#2433,#2434));
#503=EDGE_LOOP('',(#2435));
#504=EDGE_LOOP('',(#2436));
#505=EDGE_LOOP('',(#2437));
#506=EDGE_LOOP('',(#2438));
#507=EDGE_LOOP('',(#2439));
#508=EDGE_LOOP('',(#2440));
#509=EDGE_LOOP('',(#2441));
#510=EDGE_LOOP('',(#2442));
#511=EDGE_LOOP('',(#2443));
#512=EDGE_LOOP('',(#2444));
#513=EDGE_LOOP('',(#2445));
#514=EDGE_LOOP('',(#2446));
#515=EDGE_LOOP('',(#2447,#2448,#2449,#2450));
#516=EDGE_LOOP('',(#2451,#2452,#2453,#2454));
#517=EDGE_LOOP('',(#2455,#2456,#2457,#2458));
#518=EDGE_LOOP('',(#2459,#2460,#2461,#2462));
#519=EDGE_LOOP('',(#2463,#2464,#2465,#2466));
#520=EDGE_LOOP('',(#2467,#2468,#2469,#2470));
#521=EDGE_LOOP('',(#2471,#2472,#2473,#2474,#2475,#2476,#2477,#2478));
#522=EDGE_LOOP('',(#2479,#2480,#2481,#2482));
#523=EDGE_LOOP('',(#2483,#2484,#2485,#2486));
#524=EDGE_LOOP('',(#2487,#2488,#2489,#2490,#2491,#2492,#2493,#2494));
#525=EDGE_LOOP('',(#2495,#2496,#2497,#2498));
#526=EDGE_LOOP('',(#2499,#2500,#2501,#2502));
#527=EDGE_LOOP('',(#2503,#2504,#2505,#2506,#2507,#2508,#2509));
#528=EDGE_LOOP('',(#2510,#2511,#2512,#2513));
#529=EDGE_LOOP('',(#2514,#2515,#2516,#2517,#2518,#2519,#2520,#2521));
#530=EDGE_LOOP('',(#2522,#2523,#2524,#2525));
#531=EDGE_LOOP('',(#2526,#2527,#2528,#2529));
#532=EDGE_LOOP('',(#2530,#2531,#2532,#2533,#2534,#2535,#2536));
#533=EDGE_LOOP('',(#2537,#2538,#2539,#2540));
#534=EDGE_LOOP('',(#2541,#2542,#2543,#2544));
#535=EDGE_LOOP('',(#2545,#2546,#2547,#2548,#2549,#2550,#2551,#2552));
#536=EDGE_LOOP('',(#2553,#2554,#2555,#2556));
#537=EDGE_LOOP('',(#2557,#2558,#2559,#2560));
#538=EDGE_LOOP('',(#2561,#2562,#2563,#2564,#2565,#2566,#2567,#2568));
#539=EDGE_LOOP('',(#2569,#2570,#2571,#2572));
#540=EDGE_LOOP('',(#2573,#2574,#2575,#2576,#2577,#2578,#2579,#2580));
#541=EDGE_LOOP('',(#2581,#2582,#2583,#2584));
#542=EDGE_LOOP('',(#2585,#2586,#2587,#2588));
#543=EDGE_LOOP('',(#2589));
#544=EDGE_LOOP('',(#2590));
#545=LINE('',#3877,#809);
#546=LINE('',#3883,#810);
#547=LINE('',#3889,#811);
#548=LINE('',#3895,#812);
#549=LINE('',#3902,#813);
#550=LINE('',#3905,#814);
#551=LINE('',#3911,#815);
#552=LINE('',#3914,#816);
#553=LINE('',#3920,#817);
#554=LINE('',#3923,#818);
#555=LINE('',#3929,#819);
#556=LINE('',#3932,#820);
#557=LINE('',#3938,#821);
#558=LINE('',#3941,#822);
#559=LINE('',#3947,#823);
#560=LINE('',#3950,#824);
#561=LINE('',#3956,#825);
#562=LINE('',#3959,#826);
#563=LINE('',#3965,#827);
#564=LINE('',#3968,#828);
#565=LINE('',#3974,#829);
#566=LINE('',#3977,#830);
#567=LINE('',#3983,#831);
#568=LINE('',#3986,#832);
#569=LINE('',#3992,#833);
#570=LINE('',#3995,#834);
#571=LINE('',#4001,#835);
#572=LINE('',#4004,#836);
#573=LINE('',#4010,#837);
#574=LINE('',#4013,#838);
#575=LINE('',#4016,#839);
#576=LINE('',#4018,#840);
#577=LINE('',#4019,#841);
#578=LINE('',#4023,#842);
#579=LINE('',#4025,#843);
#580=LINE('',#4027,#844);
#581=LINE('',#4028,#845);
#582=LINE('',#4031,#846);
#583=LINE('',#4033,#847);
#584=LINE('',#4034,#848);
#585=LINE('',#4037,#849);
#586=LINE('',#4039,#850);
#587=LINE('',#4040,#851);
#588=LINE('',#4042,#852);
#589=LINE('',#4043,#853);
#590=LINE('',#4046,#854);
#591=LINE('',#4048,#855);
#592=LINE('',#4049,#856);
#593=LINE('',#4051,#857);
#594=LINE('',#4052,#858);
#595=LINE('',#4054,#859);
#596=LINE('',#4055,#860);
#597=LINE('',#4062,#861);
#598=LINE('',#4064,#862);
#599=LINE('',#4065,#863);
#600=LINE('',#4068,#864);
#601=LINE('',#4070,#865);
#602=LINE('',#4071,#866);
#603=LINE('',#4073,#867);
#604=LINE('',#4074,#868);
#605=LINE('',#4077,#869);
#606=LINE('',#4079,#870);
#607=LINE('',#4080,#871);
#608=LINE('',#4082,#872);
#609=LINE('',#4083,#873);
#610=LINE('',#4086,#874);
#611=LINE('',#4088,#875);
#612=LINE('',#4089,#876);
#613=LINE('',#4091,#877);
#614=LINE('',#4092,#878);
#615=LINE('',#4094,#879);
#616=LINE('',#4095,#880);
#617=LINE('',#4102,#881);
#618=LINE('',#4104,#882);
#619=LINE('',#4106,#883);
#620=LINE('',#4107,#884);
#621=LINE('',#4110,#885);
#622=LINE('',#4112,#886);
#623=LINE('',#4113,#887);
#624=LINE('',#4115,#888);
#625=LINE('',#4116,#889);
#626=LINE('',#4119,#890);
#627=LINE('',#4121,#891);
#628=LINE('',#4122,#892);
#629=LINE('',#4124,#893);
#630=LINE('',#4125,#894);
#631=LINE('',#4128,#895);
#632=LINE('',#4130,#896);
#633=LINE('',#4131,#897);
#634=LINE('',#4133,#898);
#635=LINE('',#4134,#899);
#636=LINE('',#4137,#900);
#637=LINE('',#4139,#901);
#638=LINE('',#4140,#902);
#639=LINE('',#4149,#903);
#640=LINE('',#4151,#904);
#641=LINE('',#4152,#905);
#642=LINE('',#4156,#906);
#643=LINE('',#4158,#907);
#644=LINE('',#4160,#908);
#645=LINE('',#4161,#909);
#646=LINE('',#4164,#910);
#647=LINE('',#4166,#911);
#648=LINE('',#4167,#912);
#649=LINE('',#4170,#913);
#650=LINE('',#4172,#914);
#651=LINE('',#4173,#915);
#652=LINE('',#4175,#916);
#653=LINE('',#4176,#917);
#654=LINE('',#4179,#918);
#655=LINE('',#4181,#919);
#656=LINE('',#4182,#920);
#657=LINE('',#4184,#921);
#658=LINE('',#4185,#922);
#659=LINE('',#4187,#923);
#660=LINE('',#4188,#924);
#661=LINE('',#4214,#925);
#662=LINE('',#4216,#926);
#663=LINE('',#4218,#927);
#664=LINE('',#4220,#928);
#665=LINE('',#4224,#929);
#666=LINE('',#4228,#930);
#667=LINE('',#4230,#931);
#668=LINE('',#4232,#932);
#669=LINE('',#4234,#933);
#670=LINE('',#4238,#934);
#671=LINE('',#4240,#935);
#672=LINE('',#4242,#936);
#673=LINE('',#4244,#937);
#674=LINE('',#4248,#938);
#675=LINE('',#4252,#939);
#676=LINE('',#4254,#940);
#677=LINE('',#4256,#941);
#678=LINE('',#4258,#942);
#679=LINE('',#4262,#943);
#680=LINE('',#4264,#944);
#681=LINE('',#4266,#945);
#682=LINE('',#4268,#946);
#683=LINE('',#4272,#947);
#684=LINE('',#4276,#948);
#685=LINE('',#4278,#949);
#686=LINE('',#4280,#950);
#687=LINE('',#4282,#951);
#688=LINE('',#4286,#952);
#689=LINE('',#4288,#953);
#690=LINE('',#4290,#954);
#691=LINE('',#4292,#955);
#692=LINE('',#4296,#956);
#693=LINE('',#4300,#957);
#694=LINE('',#4302,#958);
#695=LINE('',#4304,#959);
#696=LINE('',#4305,#960);
#697=LINE('',#4326,#961);
#698=LINE('',#4327,#962);
#699=LINE('',#4330,#963);
#700=LINE('',#4331,#964);
#701=LINE('',#4335,#965);
#702=LINE('',#4340,#966);
#703=LINE('',#4341,#967);
#704=LINE('',#4344,#968);
#705=LINE('',#4345,#969);
#706=LINE('',#4349,#970);
#707=LINE('',#4354,#971);
#708=LINE('',#4355,#972);
#709=LINE('',#4358,#973);
#710=LINE('',#4359,#974);
#711=LINE('',#4363,#975);
#712=LINE('',#4368,#976);
#713=LINE('',#4369,#977);
#714=LINE('',#4372,#978);
#715=LINE('',#4373,#979);
#716=LINE('',#4376,#980);
#717=LINE('',#4378,#981);
#718=LINE('',#4380,#982);
#719=LINE('',#4387,#983);
#720=LINE('',#4391,#984);
#721=LINE('',#4395,#985);
#722=LINE('',#4398,#986);
#723=LINE('',#4399,#987);
#724=LINE('',#4402,#988);
#725=LINE('',#4403,#989);
#726=LINE('',#4405,#990);
#727=LINE('',#4409,#991);
#728=LINE('',#4413,#992);
#729=LINE('',#4416,#993);
#730=LINE('',#4417,#994);
#731=LINE('',#4420,#995);
#732=LINE('',#4421,#996);
#733=LINE('',#4423,#997);
#734=LINE('',#4427,#998);
#735=LINE('',#4431,#999);
#736=LINE('',#4434,#1000);
#737=LINE('',#4435,#1001);
#738=LINE('',#4438,#1002);
#739=LINE('',#4439,#1003);
#740=LINE('',#4441,#1004);
#741=LINE('',#4443,#1005);
#742=LINE('',#4445,#1006);
#743=LINE('',#4447,#1007);
#744=LINE('',#4449,#1008);
#745=LINE('',#4454,#1009);
#746=LINE('',#4461,#1010);
#747=LINE('',#4468,#1011);
#748=LINE('',#4475,#1012);
#749=LINE('',#4482,#1013);
#750=LINE('',#4488,#1014);
#751=LINE('',#4496,#1015);
#752=LINE('',#4502,#1016);
#753=LINE('',#4510,#1017);
#754=LINE('',#4516,#1018);
#755=LINE('',#4524,#1019);
#756=LINE('',#4530,#1020);
#757=LINE('',#4536,#1021);
#758=LINE('',#4538,#1022);
#759=LINE('',#4540,#1023);
#760=LINE('',#4542,#1024);
#761=LINE('',#4544,#1025);
#762=LINE('',#4550,#1026);
#763=LINE('',#4552,#1027);
#764=LINE('',#4554,#1028);
#765=LINE('',#4556,#1029);
#766=LINE('',#4558,#1030);
#767=LINE('',#4562,#1031);
#768=LINE('',#4564,#1032);
#769=LINE('',#4566,#1033);
#770=LINE('',#4568,#1034);
#771=LINE('',#4570,#1035);
#772=LINE('',#4574,#1036);
#773=LINE('',#4576,#1037);
#774=LINE('',#4578,#1038);
#775=LINE('',#4580,#1039);
#776=LINE('',#4582,#1040);
#777=LINE('',#4595,#1041);
#778=LINE('',#4596,#1042);
#779=LINE('',#4598,#1043);
#780=LINE('',#4599,#1044);
#781=LINE('',#4601,#1045);
#782=LINE('',#4603,#1046);
#783=LINE('',#4605,#1047);
#784=LINE('',#4607,#1048);
#785=LINE('',#4609,#1049);
#786=LINE('',#4610,#1050);
#787=LINE('',#4611,#1051);
#788=LINE('',#4613,#1052);
#789=LINE('',#4615,#1053);
#790=LINE('',#4617,#1054);
#791=LINE('',#4619,#1055);
#792=LINE('',#4621,#1056);
#793=LINE('',#4623,#1057);
#794=LINE('',#4624,#1058);
#795=LINE('',#4627,#1059);
#796=LINE('',#4629,#1060);
#797=LINE('',#4631,#1061);
#798=LINE('',#4633,#1062);
#799=LINE('',#4634,#1063);
#800=LINE('',#4636,#1064);
#801=LINE('',#4638,#1065);
#802=LINE('',#4640,#1066);
#803=LINE('',#4642,#1067);
#804=LINE('',#4644,#1068);
#805=LINE('',#4646,#1069);
#806=LINE('',#4647,#1070);
#807=LINE('',#4650,#1071);
#808=LINE('',#4652,#1072);
#809=VECTOR('',#3081,1.5);
#810=VECTOR('',#3088,1.49999999999999);
#811=VECTOR('',#3095,1.5);
#812=VECTOR('',#3102,1.50000000000002);
#813=VECTOR('',#3109,10.);
#814=VECTOR('',#3112,10.);
#815=VECTOR('',#3117,10.);
#816=VECTOR('',#3120,10.);
#817=VECTOR('',#3125,10.);
#818=VECTOR('',#3128,10.);
#819=VECTOR('',#3133,10.);
#820=VECTOR('',#3136,10.);
#821=VECTOR('',#3141,10.);
#822=VECTOR('',#3144,10.);
#823=VECTOR('',#3149,10.);
#824=VECTOR('',#3152,10.);
#825=VECTOR('',#3157,10.);
#826=VECTOR('',#3160,10.);
#827=VECTOR('',#3165,10.);
#828=VECTOR('',#3168,10.);
#829=VECTOR('',#3173,10.);
#830=VECTOR('',#3176,10.);
#831=VECTOR('',#3181,10.);
#832=VECTOR('',#3184,10.);
#833=VECTOR('',#3189,10.);
#834=VECTOR('',#3192,10.);
#835=VECTOR('',#3197,10.);
#836=VECTOR('',#3200,10.);
#837=VECTOR('',#3205,10.);
#838=VECTOR('',#3208,10.);
#839=VECTOR('',#3211,10.);
#840=VECTOR('',#3212,10.);
#841=VECTOR('',#3213,10.);
#842=VECTOR('',#3216,10.);
#843=VECTOR('',#3217,10.);
#844=VECTOR('',#3218,10.);
#845=VECTOR('',#3219,10.);
#846=VECTOR('',#3222,10.);
#847=VECTOR('',#3223,10.);
#848=VECTOR('',#3224,10.);
#849=VECTOR('',#3227,10.);
#850=VECTOR('',#3228,10.);
#851=VECTOR('',#3229,10.);
#852=VECTOR('',#3232,10.);
#853=VECTOR('',#3233,10.);
#854=VECTOR('',#3236,10.);
#855=VECTOR('',#3237,10.);
#856=VECTOR('',#3238,10.);
#857=VECTOR('',#3241,10.);
#858=VECTOR('',#3242,10.);
#859=VECTOR('',#3245,10.);
#860=VECTOR('',#3246,10.);
#861=VECTOR('',#3255,10.);
#862=VECTOR('',#3256,10.);
#863=VECTOR('',#3257,10.);
#864=VECTOR('',#3260,10.);
#865=VECTOR('',#3261,10.);
#866=VECTOR('',#3262,10.);
#867=VECTOR('',#3265,10.);
#868=VECTOR('',#3266,10.);
#869=VECTOR('',#3269,10.);
#870=VECTOR('',#3270,10.);
#871=VECTOR('',#3271,10.);
#872=VECTOR('',#3274,10.);
#873=VECTOR('',#3275,10.);
#874=VECTOR('',#3278,10.);
#875=VECTOR('',#3279,10.);
#876=VECTOR('',#3280,10.);
#877=VECTOR('',#3283,10.);
#878=VECTOR('',#3284,10.);
#879=VECTOR('',#3287,10.);
#880=VECTOR('',#3288,10.);
#881=VECTOR('',#3295,10.);
#882=VECTOR('',#3296,10.);
#883=VECTOR('',#3297,10.);
#884=VECTOR('',#3298,10.);
#885=VECTOR('',#3301,10.);
#886=VECTOR('',#3302,10.);
#887=VECTOR('',#3303,10.);
#888=VECTOR('',#3306,10.);
#889=VECTOR('',#3307,10.);
#890=VECTOR('',#3310,10.);
#891=VECTOR('',#3311,10.);
#892=VECTOR('',#3312,10.);
#893=VECTOR('',#3315,10.);
#894=VECTOR('',#3316,10.);
#895=VECTOR('',#3319,10.);
#896=VECTOR('',#3320,10.);
#897=VECTOR('',#3321,10.);
#898=VECTOR('',#3324,10.);
#899=VECTOR('',#3325,10.);
#900=VECTOR('',#3328,10.);
#901=VECTOR('',#3329,10.);
#902=VECTOR('',#3330,10.);
#903=VECTOR('',#3343,10.);
#904=VECTOR('',#3344,10.);
#905=VECTOR('',#3345,10.);
#906=VECTOR('',#3348,10.);
#907=VECTOR('',#3349,10.);
#908=VECTOR('',#3350,10.);
#909=VECTOR('',#3351,10.);
#910=VECTOR('',#3354,10.);
#911=VECTOR('',#3355,10.);
#912=VECTOR('',#3356,10.);
#913=VECTOR('',#3359,10.);
#914=VECTOR('',#3360,10.);
#915=VECTOR('',#3361,10.);
#916=VECTOR('',#3364,10.);
#917=VECTOR('',#3365,10.);
#918=VECTOR('',#3368,10.);
#919=VECTOR('',#3369,10.);
#920=VECTOR('',#3370,10.);
#921=VECTOR('',#3373,10.);
#922=VECTOR('',#3374,10.);
#923=VECTOR('',#3377,10.);
#924=VECTOR('',#3378,10.);
#925=VECTOR('',#3413,10.);
#926=VECTOR('',#3414,10.);
#927=VECTOR('',#3415,10.);
#928=VECTOR('',#3416,10.);
#929=VECTOR('',#3419,10.);
#930=VECTOR('',#3422,10.);
#931=VECTOR('',#3423,10.);
#932=VECTOR('',#3424,10.);
#933=VECTOR('',#3425,10.);
#934=VECTOR('',#3428,10.);
#935=VECTOR('',#3429,10.);
#936=VECTOR('',#3430,10.);
#937=VECTOR('',#3431,10.);
#938=VECTOR('',#3434,10.);
#939=VECTOR('',#3437,10.);
#940=VECTOR('',#3438,10.);
#941=VECTOR('',#3439,10.);
#942=VECTOR('',#3440,10.);
#943=VECTOR('',#3443,10.);
#944=VECTOR('',#3444,10.);
#945=VECTOR('',#3445,10.);
#946=VECTOR('',#3446,10.);
#947=VECTOR('',#3449,10.);
#948=VECTOR('',#3452,10.);
#949=VECTOR('',#3453,10.);
#950=VECTOR('',#3454,10.);
#951=VECTOR('',#3455,10.);
#952=VECTOR('',#3458,10.);
#953=VECTOR('',#3459,10.);
#954=VECTOR('',#3460,10.);
#955=VECTOR('',#3461,10.);
#956=VECTOR('',#3464,10.);
#957=VECTOR('',#3467,10.);
#958=VECTOR('',#3468,10.);
#959=VECTOR('',#3469,10.);
#960=VECTOR('',#3470,10.);
#961=VECTOR('',#3491,10.);
#962=VECTOR('',#3492,10.);
#963=VECTOR('',#3495,10.);
#964=VECTOR('',#3496,10.);
#965=VECTOR('',#3501,10.);
#966=VECTOR('',#3506,10.);
#967=VECTOR('',#3507,10.);
#968=VECTOR('',#3510,10.);
#969=VECTOR('',#3511,10.);
#970=VECTOR('',#3516,10.);
#971=VECTOR('',#3521,10.);
#972=VECTOR('',#3522,10.);
#973=VECTOR('',#3525,10.);
#974=VECTOR('',#3526,10.);
#975=VECTOR('',#3531,10.);
#976=VECTOR('',#3536,10.);
#977=VECTOR('',#3537,10.);
#978=VECTOR('',#3540,10.);
#979=VECTOR('',#3541,10.);
#980=VECTOR('',#3544,10.);
#981=VECTOR('',#3545,10.);
#982=VECTOR('',#3546,10.);
#983=VECTOR('',#3555,10.);
#984=VECTOR('',#3560,1.5);
#985=VECTOR('',#3565,1.5);
#986=VECTOR('',#3568,10.);
#987=VECTOR('',#3569,10.);
#988=VECTOR('',#3572,10.);
#989=VECTOR('',#3573,10.);
#990=VECTOR('',#3576,10.);
#991=VECTOR('',#3581,1.5);
#992=VECTOR('',#3586,1.5);
#993=VECTOR('',#3589,10.);
#994=VECTOR('',#3590,10.);
#995=VECTOR('',#3593,10.);
#996=VECTOR('',#3594,10.);
#997=VECTOR('',#3597,10.);
#998=VECTOR('',#3602,1.49999999999999);
#999=VECTOR('',#3607,1.5);
#1000=VECTOR('',#3610,10.);
#1001=VECTOR('',#3611,10.);
#1002=VECTOR('',#3614,10.);
#1003=VECTOR('',#3615,10.);
#1004=VECTOR('',#3618,10.);
#1005=VECTOR('',#3621,1.49999999999999);
#1006=VECTOR('',#3624,1.49999999999999);
#1007=VECTOR('',#3627,10.);
#1008=VECTOR('',#3630,10.);
#1009=VECTOR('',#3635,0.899998999999987);
#1010=VECTOR('',#3644,0.899999000000005);
#1011=VECTOR('',#3653,0.899999000000005);
#1012=VECTOR('',#3662,0.899999000000005);
#1013=VECTOR('',#3671,0.999999000000003);
#1014=VECTOR('',#3678,1.999999);
#1015=VECTOR('',#3689,0.999999000000003);
#1016=VECTOR('',#3696,1.99999900000002);
#1017=VECTOR('',#3707,0.999999000000003);
#1018=VECTOR('',#3714,1.999999);
#1019=VECTOR('',#3725,0.999999000000003);
#1020=VECTOR('',#3732,1.999999);
#1021=VECTOR('',#3739,10.);
#1022=VECTOR('',#3740,10.);
#1023=VECTOR('',#3741,10.);
#1024=VECTOR('',#3742,10.);
#1025=VECTOR('',#3743,10.);
#1026=VECTOR('',#3748,10.);
#1027=VECTOR('',#3749,10.);
#1028=VECTOR('',#3750,10.);
#1029=VECTOR('',#3751,10.);
#1030=VECTOR('',#3752,10.);
#1031=VECTOR('',#3755,10.);
#1032=VECTOR('',#3756,10.);
#1033=VECTOR('',#3757,10.);
#1034=VECTOR('',#3758,10.);
#1035=VECTOR('',#3759,10.);
#1036=VECTOR('',#3762,10.);
#1037=VECTOR('',#3763,10.);
#1038=VECTOR('',#3764,10.);
#1039=VECTOR('',#3765,10.);
#1040=VECTOR('',#3766,10.);
#1041=VECTOR('',#3781,10.);
#1042=VECTOR('',#3782,10.);
#1043=VECTOR('',#3785,10.);
#1044=VECTOR('',#3786,10.);
#1045=VECTOR('',#3789,4.25000000000001);
#1046=VECTOR('',#3792,4.25000000000001);
#1047=VECTOR('',#3795,4.25000000000001);
#1048=VECTOR('',#3798,4.25000000000001);
#1049=VECTOR('',#3801,10.);
#1050=VECTOR('',#3802,7.5);
#1051=VECTOR('',#3803,10.);
#1052=VECTOR('',#3806,10.);
#1053=VECTOR('',#3809,10.);
#1054=VECTOR('',#3812,10.);
#1055=VECTOR('',#3815,10.);
#1056=VECTOR('',#3818,10.);
#1057=VECTOR('',#3821,10.);
#1058=VECTOR('',#3822,7.5);
#1059=VECTOR('',#3827,10.);
#1060=VECTOR('',#3830,10.);
#1061=VECTOR('',#3833,10.);
#1062=VECTOR('',#3836,10.);
#1063=VECTOR('',#3837,7.5);
#1064=VECTOR('',#3840,10.);
#1065=VECTOR('',#3843,10.);
#1066=VECTOR('',#3846,10.);
#1067=VECTOR('',#3849,10.);
#1068=VECTOR('',#3852,10.);
#1069=VECTOR('',#3855,7.5);
#1070=VECTOR('',#3856,10.);
#1071=VECTOR('',#3861,10.);
#1072=VECTOR('',#3864,10.);
#1073=CIRCLE('',#2809,1.5);
#1074=CIRCLE('',#2810,1.5);
#1075=CIRCLE('',#2812,1.49999999999999);
#1076=CIRCLE('',#2813,1.49999999999999);
#1077=CIRCLE('',#2815,1.5);
#1078=CIRCLE('',#2816,1.5);
#1079=CIRCLE('',#2818,1.50000000000002);
#1080=CIRCLE('',#2819,1.50000000000002);
#1081=CIRCLE('',#2821,3.24999999999999);
#1082=CIRCLE('',#2822,3.24999999999999);
#1083=CIRCLE('',#2824,3.24999999999999);
#1084=CIRCLE('',#2825,3.24999999999999);
#1085=CIRCLE('',#2827,3.24999999999999);
#1086=CIRCLE('',#2828,3.24999999999999);
#1087=CIRCLE('',#2830,3.24999999999999);
#1088=CIRCLE('',#2831,3.24999999999999);
#1089=CIRCLE('',#2833,3.25000000000001);
#1090=CIRCLE('',#2834,3.25000000000001);
#1091=CIRCLE('',#2836,3.25000000000001);
#1092=CIRCLE('',#2837,3.25000000000001);
#1093=CIRCLE('',#2839,3.25000000000001);
#1094=CIRCLE('',#2840,3.25000000000001);
#1095=CIRCLE('',#2842,3.25000000000001);
#1096=CIRCLE('',#2843,3.25000000000001);
#1097=CIRCLE('',#2845,3.25000000000001);
#1098=CIRCLE('',#2846,3.25000000000001);
#1099=CIRCLE('',#2848,3.25000000000001);
#1100=CIRCLE('',#2849,3.25000000000001);
#1101=CIRCLE('',#2851,3.24999999999999);
#1102=CIRCLE('',#2852,3.24999999999999);
#1103=CIRCLE('',#2854,3.24999999999999);
#1104=CIRCLE('',#2855,3.24999999999999);
#1105=CIRCLE('',#2857,3.24999999999999);
#1106=CIRCLE('',#2858,3.24999999999999);
#1107=CIRCLE('',#2868,4.25000000000001);
#1108=CIRCLE('',#2869,3.25000000000001);
#1109=CIRCLE('',#2879,4.25000000000001);
#1110=CIRCLE('',#2889,4.25000000000001);
#1111=CIRCLE('',#2890,3.24999999999999);
#1112=CIRCLE('',#2892,3.24999999999999);
#1113=CIRCLE('',#2902,4.25000000000001);
#1114=CIRCLE('',#2903,3.25000000000001);
#1115=CIRCLE('',#2905,7.5);
#1116=CIRCLE('',#2907,7.5);
#1117=CIRCLE('',#2909,3.25000000000001);
#1118=CIRCLE('',#2911,7.5);
#1119=CIRCLE('',#2913,3.25000000000001);
#1120=CIRCLE('',#2915,7.5);
#1121=CIRCLE('',#2917,7.5);
#1122=CIRCLE('',#2918,5.);
#1123=CIRCLE('',#2919,5.);
#1124=CIRCLE('',#2920,7.5);
#1125=CIRCLE('',#2921,5.);
#1126=CIRCLE('',#2922,5.);
#1127=CIRCLE('',#2923,7.5);
#1128=CIRCLE('',#2924,5.);
#1129=CIRCLE('',#2925,5.);
#1130=CIRCLE('',#2926,7.5);
#1131=CIRCLE('',#2927,5.);
#1132=CIRCLE('',#2928,5.);
#1133=CIRCLE('',#2929,1.49999999999999);
#1134=CIRCLE('',#2930,1.49999999999999);
#1135=CIRCLE('',#2931,1.5);
#1136=CIRCLE('',#2932,1.49999999999999);
#1137=CIRCLE('',#2933,1.5);
#1138=CIRCLE('',#2934,1.5);
#1139=CIRCLE('',#2935,1.5);
#1140=CIRCLE('',#2936,1.5);
#1141=CIRCLE('',#2938,5.);
#1142=CIRCLE('',#2941,5.);
#1143=CIRCLE('',#2943,5.);
#1144=CIRCLE('',#2946,5.);
#1145=CIRCLE('',#2948,5.);
#1146=CIRCLE('',#2951,5.);
#1147=CIRCLE('',#2953,5.);
#1148=CIRCLE('',#2956,5.);
#1149=CIRCLE('',#2957,1.49999999999999);
#1150=CIRCLE('',#2958,1.49999999999999);
#1151=CIRCLE('',#2961,1.5);
#1152=CIRCLE('',#2963,1.5);
#1153=CIRCLE('',#2968,1.5);
#1154=CIRCLE('',#2970,1.5);
#1155=CIRCLE('',#2975,1.49999999999999);
#1156=CIRCLE('',#2977,1.5);
#1157=CIRCLE('',#2986,0.899998999999987);
#1158=CIRCLE('',#2987,0.899998999999987);
#1159=CIRCLE('',#2990,0.899999000000005);
#1160=CIRCLE('',#2991,0.899999000000005);
#1161=CIRCLE('',#2994,0.899999000000005);
#1162=CIRCLE('',#2995,0.899999000000005);
#1163=CIRCLE('',#2998,0.899999000000005);
#1164=CIRCLE('',#2999,0.899999000000005);
#1165=CIRCLE('',#3002,0.999999000000003);
#1166=CIRCLE('',#3003,0.999999000000003);
#1167=CIRCLE('',#3005,1.999999);
#1168=CIRCLE('',#3006,1.999999);
#1169=CIRCLE('',#3010,0.999999000000003);
#1170=CIRCLE('',#3011,0.999999000000003);
#1171=CIRCLE('',#3013,1.99999900000002);
#1172=CIRCLE('',#3014,1.99999900000002);
#1173=CIRCLE('',#3018,0.999999000000003);
#1174=CIRCLE('',#3019,0.999999000000003);
#1175=CIRCLE('',#3021,1.999999);
#1176=CIRCLE('',#3022,1.999999);
#1177=CIRCLE('',#3026,0.999999000000003);
#1178=CIRCLE('',#3027,0.999999000000003);
#1179=CIRCLE('',#3029,1.999999);
#1180=CIRCLE('',#3030,1.999999);
#1181=CIRCLE('',#3033,7.5);
#1182=CIRCLE('',#3034,7.5);
#1183=CIRCLE('',#3035,7.5);
#1184=CIRCLE('',#3036,7.5);
#1185=CIRCLE('',#3037,7.5);
#1186=CIRCLE('',#3038,7.5);
#1187=CIRCLE('',#3039,4.25000000000001);
#1188=CIRCLE('',#3040,4.25000000000001);
#1189=CIRCLE('',#3041,4.25000000000001);
#1190=CIRCLE('',#3042,4.25000000000001);
#1191=VERTEX_POINT('',#3874);
#1192=VERTEX_POINT('',#3876);
#1193=VERTEX_POINT('',#3880);
#1194=VERTEX_POINT('',#3882);
#1195=VERTEX_POINT('',#3886);
#1196=VERTEX_POINT('',#3888);
#1197=VERTEX_POINT('',#3892);
#1198=VERTEX_POINT('',#3894);
#1199=VERTEX_POINT('',#3898);
#1200=VERTEX_POINT('',#3899);
#1201=VERTEX_POINT('',#3901);
#1202=VERTEX_POINT('',#3903);
#1203=VERTEX_POINT('',#3907);
#1204=VERTEX_POINT('',#3908);
#1205=VERTEX_POINT('',#3910);
#1206=VERTEX_POINT('',#3912);
#1207=VERTEX_POINT('',#3916);
#1208=VERTEX_POINT('',#3917);
#1209=VERTEX_POINT('',#3919);
#1210=VERTEX_POINT('',#3921);
#1211=VERTEX_POINT('',#3925);
#1212=VERTEX_POINT('',#3926);
#1213=VERTEX_POINT('',#3928);
#1214=VERTEX_POINT('',#3930);
#1215=VERTEX_POINT('',#3934);
#1216=VERTEX_POINT('',#3935);
#1217=VERTEX_POINT('',#3937);
#1218=VERTEX_POINT('',#3939);
#1219=VERTEX_POINT('',#3943);
#1220=VERTEX_POINT('',#3944);
#1221=VERTEX_POINT('',#3946);
#1222=VERTEX_POINT('',#3948);
#1223=VERTEX_POINT('',#3952);
#1224=VERTEX_POINT('',#3953);
#1225=VERTEX_POINT('',#3955);
#1226=VERTEX_POINT('',#3957);
#1227=VERTEX_POINT('',#3961);
#1228=VERTEX_POINT('',#3962);
#1229=VERTEX_POINT('',#3964);
#1230=VERTEX_POINT('',#3966);
#1231=VERTEX_POINT('',#3970);
#1232=VERTEX_POINT('',#3971);
#1233=VERTEX_POINT('',#3973);
#1234=VERTEX_POINT('',#3975);
#1235=VERTEX_POINT('',#3979);
#1236=VERTEX_POINT('',#3980);
#1237=VERTEX_POINT('',#3982);
#1238=VERTEX_POINT('',#3984);
#1239=VERTEX_POINT('',#3988);
#1240=VERTEX_POINT('',#3989);
#1241=VERTEX_POINT('',#3991);
#1242=VERTEX_POINT('',#3993);
#1243=VERTEX_POINT('',#3997);
#1244=VERTEX_POINT('',#3998);
#1245=VERTEX_POINT('',#4000);
#1246=VERTEX_POINT('',#4002);
#1247=VERTEX_POINT('',#4006);
#1248=VERTEX_POINT('',#4007);
#1249=VERTEX_POINT('',#4009);
#1250=VERTEX_POINT('',#4011);
#1251=VERTEX_POINT('',#4015);
#1252=VERTEX_POINT('',#4017);
#1253=VERTEX_POINT('',#4021);
#1254=VERTEX_POINT('',#4022);
#1255=VERTEX_POINT('',#4024);
#1256=VERTEX_POINT('',#4026);
#1257=VERTEX_POINT('',#4030);
#1258=VERTEX_POINT('',#4032);
#1259=VERTEX_POINT('',#4036);
#1260=VERTEX_POINT('',#4038);
#1261=VERTEX_POINT('',#4045);
#1262=VERTEX_POINT('',#4047);
#1263=VERTEX_POINT('',#4057);
#1264=VERTEX_POINT('',#4061);
#1265=VERTEX_POINT('',#4063);
#1266=VERTEX_POINT('',#4067);
#1267=VERTEX_POINT('',#4069);
#1268=VERTEX_POINT('',#4076);
#1269=VERTEX_POINT('',#4078);
#1270=VERTEX_POINT('',#4085);
#1271=VERTEX_POINT('',#4087);
#1272=VERTEX_POINT('',#4097);
#1273=VERTEX_POINT('',#4100);
#1274=VERTEX_POINT('',#4101);
#1275=VERTEX_POINT('',#4103);
#1276=VERTEX_POINT('',#4105);
#1277=VERTEX_POINT('',#4109);
#1278=VERTEX_POINT('',#4111);
#1279=VERTEX_POINT('',#4118);
#1280=VERTEX_POINT('',#4120);
#1281=VERTEX_POINT('',#4127);
#1282=VERTEX_POINT('',#4129);
#1283=VERTEX_POINT('',#4136);
#1284=VERTEX_POINT('',#4138);
#1285=VERTEX_POINT('',#4142);
#1286=VERTEX_POINT('',#4148);
#1287=VERTEX_POINT('',#4150);
#1288=VERTEX_POINT('',#4154);
#1289=VERTEX_POINT('',#4155);
#1290=VERTEX_POINT('',#4157);
#1291=VERTEX_POINT('',#4159);
#1292=VERTEX_POINT('',#4163);
#1293=VERTEX_POINT('',#4165);
#1294=VERTEX_POINT('',#4169);
#1295=VERTEX_POINT('',#4171);
#1296=VERTEX_POINT('',#4178);
#1297=VERTEX_POINT('',#4180);
#1298=VERTEX_POINT('',#4190);
#1299=VERTEX_POINT('',#4194);
#1300=VERTEX_POINT('',#4197);
#1301=VERTEX_POINT('',#4202);
#1302=VERTEX_POINT('',#4207);
#1303=VERTEX_POINT('',#4210);
#1304=VERTEX_POINT('',#4211);
#1305=VERTEX_POINT('',#4213);
#1306=VERTEX_POINT('',#4215);
#1307=VERTEX_POINT('',#4217);
#1308=VERTEX_POINT('',#4219);
#1309=VERTEX_POINT('',#4221);
#1310=VERTEX_POINT('',#4223);
#1311=VERTEX_POINT('',#4225);
#1312=VERTEX_POINT('',#4227);
#1313=VERTEX_POINT('',#4229);
#1314=VERTEX_POINT('',#4231);
#1315=VERTEX_POINT('',#4233);
#1316=VERTEX_POINT('',#4235);
#1317=VERTEX_POINT('',#4237);
#1318=VERTEX_POINT('',#4239);
#1319=VERTEX_POINT('',#4241);
#1320=VERTEX_POINT('',#4243);
#1321=VERTEX_POINT('',#4245);
#1322=VERTEX_POINT('',#4247);
#1323=VERTEX_POINT('',#4249);
#1324=VERTEX_POINT('',#4251);
#1325=VERTEX_POINT('',#4253);
#1326=VERTEX_POINT('',#4255);
#1327=VERTEX_POINT('',#4257);
#1328=VERTEX_POINT('',#4259);
#1329=VERTEX_POINT('',#4261);
#1330=VERTEX_POINT('',#4263);
#1331=VERTEX_POINT('',#4265);
#1332=VERTEX_POINT('',#4267);
#1333=VERTEX_POINT('',#4269);
#1334=VERTEX_POINT('',#4271);
#1335=VERTEX_POINT('',#4273);
#1336=VERTEX_POINT('',#4275);
#1337=VERTEX_POINT('',#4277);
#1338=VERTEX_POINT('',#4279);
#1339=VERTEX_POINT('',#4281);
#1340=VERTEX_POINT('',#4283);
#1341=VERTEX_POINT('',#4285);
#1342=VERTEX_POINT('',#4287);
#1343=VERTEX_POINT('',#4289);
#1344=VERTEX_POINT('',#4291);
#1345=VERTEX_POINT('',#4293);
#1346=VERTEX_POINT('',#4295);
#1347=VERTEX_POINT('',#4297);
#1348=VERTEX_POINT('',#4299);
#1349=VERTEX_POINT('',#4301);
#1350=VERTEX_POINT('',#4303);
#1351=VERTEX_POINT('',#4306);
#1352=VERTEX_POINT('',#4308);
#1353=VERTEX_POINT('',#4310);
#1354=VERTEX_POINT('',#4312);
#1355=VERTEX_POINT('',#4314);
#1356=VERTEX_POINT('',#4316);
#1357=VERTEX_POINT('',#4318);
#1358=VERTEX_POINT('',#4320);
#1359=VERTEX_POINT('',#4323);
#1360=VERTEX_POINT('',#4324);
#1361=VERTEX_POINT('',#4329);
#1362=VERTEX_POINT('',#4333);
#1363=VERTEX_POINT('',#4337);
#1364=VERTEX_POINT('',#4338);
#1365=VERTEX_POINT('',#4343);
#1366=VERTEX_POINT('',#4347);
#1367=VERTEX_POINT('',#4351);
#1368=VERTEX_POINT('',#4352);
#1369=VERTEX_POINT('',#4357);
#1370=VERTEX_POINT('',#4361);
#1371=VERTEX_POINT('',#4365);
#1372=VERTEX_POINT('',#4366);
#1373=VERTEX_POINT('',#4371);
#1374=VERTEX_POINT('',#4375);
#1375=VERTEX_POINT('',#4377);
#1376=VERTEX_POINT('',#4379);
#1377=VERTEX_POINT('',#4382);
#1378=VERTEX_POINT('',#4384);
#1379=VERTEX_POINT('',#4389);
#1380=VERTEX_POINT('',#4393);
#1381=VERTEX_POINT('',#4397);
#1382=VERTEX_POINT('',#4401);
#1383=VERTEX_POINT('',#4407);
#1384=VERTEX_POINT('',#4411);
#1385=VERTEX_POINT('',#4415);
#1386=VERTEX_POINT('',#4419);
#1387=VERTEX_POINT('',#4425);
#1388=VERTEX_POINT('',#4429);
#1389=VERTEX_POINT('',#4433);
#1390=VERTEX_POINT('',#4437);
#1391=VERTEX_POINT('',#4451);
#1392=VERTEX_POINT('',#4453);
#1393=VERTEX_POINT('',#4458);
#1394=VERTEX_POINT('',#4460);
#1395=VERTEX_POINT('',#4465);
#1396=VERTEX_POINT('',#4467);
#1397=VERTEX_POINT('',#4472);
#1398=VERTEX_POINT('',#4474);
#1399=VERTEX_POINT('',#4479);
#1400=VERTEX_POINT('',#4481);
#1401=VERTEX_POINT('',#4485);
#1402=VERTEX_POINT('',#4487);
#1403=VERTEX_POINT('',#4493);
#1404=VERTEX_POINT('',#4495);
#1405=VERTEX_POINT('',#4499);
#1406=VERTEX_POINT('',#4501);
#1407=VERTEX_POINT('',#4507);
#1408=VERTEX_POINT('',#4509);
#1409=VERTEX_POINT('',#4513);
#1410=VERTEX_POINT('',#4515);
#1411=VERTEX_POINT('',#4521);
#1412=VERTEX_POINT('',#4523);
#1413=VERTEX_POINT('',#4527);
#1414=VERTEX_POINT('',#4529);
#1415=VERTEX_POINT('',#4534);
#1416=VERTEX_POINT('',#4535);
#1417=VERTEX_POINT('',#4537);
#1418=VERTEX_POINT('',#4539);
#1419=VERTEX_POINT('',#4541);
#1420=VERTEX_POINT('',#4543);
#1421=VERTEX_POINT('',#4545);
#1422=VERTEX_POINT('',#4547);
#1423=VERTEX_POINT('',#4549);
#1424=VERTEX_POINT('',#4551);
#1425=VERTEX_POINT('',#4553);
#1426=VERTEX_POINT('',#4555);
#1427=VERTEX_POINT('',#4557);
#1428=VERTEX_POINT('',#4559);
#1429=VERTEX_POINT('',#4561);
#1430=VERTEX_POINT('',#4563);
#1431=VERTEX_POINT('',#4565);
#1432=VERTEX_POINT('',#4567);
#1433=VERTEX_POINT('',#4569);
#1434=VERTEX_POINT('',#4571);
#1435=VERTEX_POINT('',#4573);
#1436=VERTEX_POINT('',#4575);
#1437=VERTEX_POINT('',#4577);
#1438=VERTEX_POINT('',#4579);
#1439=VERTEX_POINT('',#4581);
#1440=VERTEX_POINT('',#4583);
#1441=VERTEX_POINT('',#4586);
#1442=VERTEX_POINT('',#4588);
#1443=VERTEX_POINT('',#4590);
#1444=VERTEX_POINT('',#4592);
#1445=EDGE_CURVE('',#1191,#1191,#1073,.T.);
#1446=EDGE_CURVE('',#1191,#1192,#545,.T.);
#1447=EDGE_CURVE('',#1192,#1192,#1074,.T.);
#1448=EDGE_CURVE('',#1193,#1193,#1075,.T.);
#1449=EDGE_CURVE('',#1193,#1194,#546,.T.);
#1450=EDGE_CURVE('',#1194,#1194,#1076,.T.);
#1451=EDGE_CURVE('',#1195,#1195,#1077,.T.);
#1452=EDGE_CURVE('',#1195,#1196,#547,.T.);
#1453=EDGE_CURVE('',#1196,#1196,#1078,.T.);
#1454=EDGE_CURVE('',#1197,#1197,#1079,.T.);
#1455=EDGE_CURVE('',#1197,#1198,#548,.T.);
#1456=EDGE_CURVE('',#1198,#1198,#1080,.T.);
#1457=EDGE_CURVE('',#1199,#1200,#1081,.T.);
#1458=EDGE_CURVE('',#1200,#1201,#549,.T.);
#1459=EDGE_CURVE('',#1202,#1201,#1082,.T.);
#1460=EDGE_CURVE('',#1202,#1199,#550,.T.);
#1461=EDGE_CURVE('',#1203,#1204,#1083,.T.);
#1462=EDGE_CURVE('',#1204,#1205,#551,.T.);
#1463=EDGE_CURVE('',#1206,#1205,#1084,.T.);
#1464=EDGE_CURVE('',#1206,#1203,#552,.T.);
#1465=EDGE_CURVE('',#1207,#1208,#1085,.T.);
#1466=EDGE_CURVE('',#1208,#1209,#553,.T.);
#1467=EDGE_CURVE('',#1210,#1209,#1086,.T.);
#1468=EDGE_CURVE('',#1210,#1207,#554,.T.);
#1469=EDGE_CURVE('',#1211,#1212,#1087,.T.);
#1470=EDGE_CURVE('',#1212,#1213,#555,.T.);
#1471=EDGE_CURVE('',#1214,#1213,#1088,.T.);
#1472=EDGE_CURVE('',#1214,#1211,#556,.T.);
#1473=EDGE_CURVE('',#1215,#1216,#1089,.T.);
#1474=EDGE_CURVE('',#1216,#1217,#557,.T.);
#1475=EDGE_CURVE('',#1218,#1217,#1090,.T.);
#1476=EDGE_CURVE('',#1218,#1215,#558,.T.);
#1477=EDGE_CURVE('',#1219,#1220,#1091,.T.);
#1478=EDGE_CURVE('',#1220,#1221,#559,.T.);
#1479=EDGE_CURVE('',#1222,#1221,#1092,.T.);
#1480=EDGE_CURVE('',#1222,#1219,#560,.T.);
#1481=EDGE_CURVE('',#1223,#1224,#1093,.T.);
#1482=EDGE_CURVE('',#1224,#1225,#561,.T.);
#1483=EDGE_CURVE('',#1226,#1225,#1094,.T.);
#1484=EDGE_CURVE('',#1226,#1223,#562,.T.);
#1485=EDGE_CURVE('',#1227,#1228,#1095,.T.);
#1486=EDGE_CURVE('',#1228,#1229,#563,.T.);
#1487=EDGE_CURVE('',#1230,#1229,#1096,.T.);
#1488=EDGE_CURVE('',#1230,#1227,#564,.T.);
#1489=EDGE_CURVE('',#1231,#1232,#1097,.T.);
#1490=EDGE_CURVE('',#1232,#1233,#565,.T.);
#1491=EDGE_CURVE('',#1234,#1233,#1098,.T.);
#1492=EDGE_CURVE('',#1234,#1231,#566,.T.);
#1493=EDGE_CURVE('',#1235,#1236,#1099,.T.);
#1494=EDGE_CURVE('',#1236,#1237,#567,.T.);
#1495=EDGE_CURVE('',#1238,#1237,#1100,.T.);
#1496=EDGE_CURVE('',#1238,#1235,#568,.T.);
#1497=EDGE_CURVE('',#1239,#1240,#1101,.T.);
#1498=EDGE_CURVE('',#1240,#1241,#569,.T.);
#1499=EDGE_CURVE('',#1242,#1241,#1102,.T.);
#1500=EDGE_CURVE('',#1242,#1239,#570,.T.);
#1501=EDGE_CURVE('',#1243,#1244,#1103,.T.);
#1502=EDGE_CURVE('',#1244,#1245,#571,.T.);
#1503=EDGE_CURVE('',#1246,#1245,#1104,.T.);
#1504=EDGE_CURVE('',#1246,#1243,#572,.T.);
#1505=EDGE_CURVE('',#1247,#1248,#1105,.T.);
#1506=EDGE_CURVE('',#1248,#1249,#573,.T.);
#1507=EDGE_CURVE('',#1250,#1249,#1106,.T.);
#1508=EDGE_CURVE('',#1250,#1247,#574,.T.);
#1509=EDGE_CURVE('',#1251,#1226,#575,.T.);
#1510=EDGE_CURVE('',#1251,#1252,#576,.T.);
#1511=EDGE_CURVE('',#1223,#1252,#577,.T.);
#1512=EDGE_CURVE('',#1253,#1254,#578,.T.);
#1513=EDGE_CURVE('',#1255,#1253,#579,.T.);
#1514=EDGE_CURVE('',#1256,#1255,#580,.T.);
#1515=EDGE_CURVE('',#1254,#1256,#581,.T.);
#1516=EDGE_CURVE('',#1257,#1254,#582,.T.);
#1517=EDGE_CURVE('',#1258,#1256,#583,.T.);
#1518=EDGE_CURVE('',#1257,#1258,#584,.T.);
#1519=EDGE_CURVE('',#1259,#1217,#585,.T.);
#1520=EDGE_CURVE('',#1260,#1216,#586,.T.);
#1521=EDGE_CURVE('',#1259,#1260,#587,.T.);
#1522=EDGE_CURVE('',#1259,#1218,#588,.T.);
#1523=EDGE_CURVE('',#1215,#1260,#589,.T.);
#1524=EDGE_CURVE('',#1221,#1261,#590,.T.);
#1525=EDGE_CURVE('',#1262,#1220,#591,.T.);
#1526=EDGE_CURVE('',#1261,#1262,#592,.T.);
#1527=EDGE_CURVE('',#1222,#1261,#593,.T.);
#1528=EDGE_CURVE('',#1219,#1262,#594,.T.);
#1529=EDGE_CURVE('',#1251,#1225,#595,.T.);
#1530=EDGE_CURVE('',#1252,#1224,#596,.T.);
#1531=EDGE_CURVE('',#1263,#1263,#1107,.T.);
#1532=EDGE_CURVE('',#1258,#1255,#1108,.T.);
#1533=EDGE_CURVE('',#1264,#1214,#597,.T.);
#1534=EDGE_CURVE('',#1264,#1265,#598,.T.);
#1535=EDGE_CURVE('',#1211,#1265,#599,.T.);
#1536=EDGE_CURVE('',#1209,#1266,#600,.T.);
#1537=EDGE_CURVE('',#1267,#1208,#601,.T.);
#1538=EDGE_CURVE('',#1266,#1267,#602,.T.);
#1539=EDGE_CURVE('',#1266,#1210,#603,.T.);
#1540=EDGE_CURVE('',#1207,#1267,#604,.T.);
#1541=EDGE_CURVE('',#1205,#1268,#605,.T.);
#1542=EDGE_CURVE('',#1269,#1204,#606,.T.);
#1543=EDGE_CURVE('',#1268,#1269,#607,.T.);
#1544=EDGE_CURVE('',#1268,#1206,#608,.T.);
#1545=EDGE_CURVE('',#1203,#1269,#609,.T.);
#1546=EDGE_CURVE('',#1201,#1270,#610,.T.);
#1547=EDGE_CURVE('',#1271,#1200,#611,.T.);
#1548=EDGE_CURVE('',#1270,#1271,#612,.T.);
#1549=EDGE_CURVE('',#1270,#1202,#613,.T.);
#1550=EDGE_CURVE('',#1199,#1271,#614,.T.);
#1551=EDGE_CURVE('',#1213,#1264,#615,.T.);
#1552=EDGE_CURVE('',#1265,#1212,#616,.T.);
#1553=EDGE_CURVE('',#1272,#1272,#1109,.T.);
#1554=EDGE_CURVE('',#1273,#1274,#617,.T.);
#1555=EDGE_CURVE('',#1273,#1275,#618,.T.);
#1556=EDGE_CURVE('',#1276,#1275,#619,.T.);
#1557=EDGE_CURVE('',#1274,#1276,#620,.T.);
#1558=EDGE_CURVE('',#1241,#1277,#621,.T.);
#1559=EDGE_CURVE('',#1278,#1240,#622,.T.);
#1560=EDGE_CURVE('',#1277,#1278,#623,.T.);
#1561=EDGE_CURVE('',#1277,#1242,#624,.T.);
#1562=EDGE_CURVE('',#1239,#1278,#625,.T.);
#1563=EDGE_CURVE('',#1245,#1279,#626,.T.);
#1564=EDGE_CURVE('',#1280,#1244,#627,.T.);
#1565=EDGE_CURVE('',#1279,#1280,#628,.T.);
#1566=EDGE_CURVE('',#1279,#1246,#629,.T.);
#1567=EDGE_CURVE('',#1243,#1280,#630,.T.);
#1568=EDGE_CURVE('',#1249,#1281,#631,.T.);
#1569=EDGE_CURVE('',#1282,#1248,#632,.T.);
#1570=EDGE_CURVE('',#1281,#1282,#633,.T.);
#1571=EDGE_CURVE('',#1281,#1250,#634,.T.);
#1572=EDGE_CURVE('',#1247,#1282,#635,.T.);
#1573=EDGE_CURVE('',#1283,#1273,#636,.T.);
#1574=EDGE_CURVE('',#1284,#1283,#637,.T.);
#1575=EDGE_CURVE('',#1275,#1284,#638,.T.);
#1576=EDGE_CURVE('',#1285,#1285,#1110,.T.);
#1577=EDGE_CURVE('',#1276,#1284,#1111,.T.);
#1578=EDGE_CURVE('',#1274,#1283,#1112,.T.);
#1579=EDGE_CURVE('',#1286,#1238,#639,.T.);
#1580=EDGE_CURVE('',#1286,#1287,#640,.T.);
#1581=EDGE_CURVE('',#1235,#1287,#641,.T.);
#1582=EDGE_CURVE('',#1288,#1289,#642,.T.);
#1583=EDGE_CURVE('',#1290,#1288,#643,.T.);
#1584=EDGE_CURVE('',#1291,#1290,#644,.T.);
#1585=EDGE_CURVE('',#1289,#1291,#645,.T.);
#1586=EDGE_CURVE('',#1292,#1289,#646,.T.);
#1587=EDGE_CURVE('',#1293,#1291,#647,.T.);
#1588=EDGE_CURVE('',#1292,#1293,#648,.T.);
#1589=EDGE_CURVE('',#1294,#1229,#649,.T.);
#1590=EDGE_CURVE('',#1295,#1228,#650,.T.);
#1591=EDGE_CURVE('',#1294,#1295,#651,.T.);
#1592=EDGE_CURVE('',#1294,#1230,#652,.T.);
#1593=EDGE_CURVE('',#1227,#1295,#653,.T.);
#1594=EDGE_CURVE('',#1233,#1296,#654,.T.);
#1595=EDGE_CURVE('',#1297,#1232,#655,.T.);
#1596=EDGE_CURVE('',#1296,#1297,#656,.T.);
#1597=EDGE_CURVE('',#1234,#1296,#657,.T.);
#1598=EDGE_CURVE('',#1231,#1297,#658,.T.);
#1599=EDGE_CURVE('',#1286,#1237,#659,.T.);
#1600=EDGE_CURVE('',#1287,#1236,#660,.T.);
#1601=EDGE_CURVE('',#1298,#1298,#1113,.T.);
#1602=EDGE_CURVE('',#1293,#1290,#1114,.T.);
#1603=EDGE_CURVE('',#1299,#1299,#1115,.T.);
#1604=EDGE_CURVE('',#1300,#1300,#1116,.T.);
#1605=EDGE_CURVE('',#1257,#1253,#1117,.T.);
#1606=EDGE_CURVE('',#1301,#1301,#1118,.T.);
#1607=EDGE_CURVE('',#1292,#1288,#1119,.T.);
#1608=EDGE_CURVE('',#1302,#1302,#1120,.T.);
#1609=EDGE_CURVE('',#1303,#1304,#1121,.T.);
#1610=EDGE_CURVE('',#1304,#1305,#661,.T.);
#1611=EDGE_CURVE('',#1305,#1306,#662,.T.);
#1612=EDGE_CURVE('',#1306,#1307,#663,.T.);
#1613=EDGE_CURVE('',#1308,#1307,#664,.T.);
#1614=EDGE_CURVE('',#1309,#1308,#1122,.T.);
#1615=EDGE_CURVE('',#1309,#1310,#665,.T.);
#1616=EDGE_CURVE('',#1311,#1310,#1123,.T.);
#1617=EDGE_CURVE('',#1311,#1312,#666,.T.);
#1618=EDGE_CURVE('',#1312,#1313,#667,.T.);
#1619=EDGE_CURVE('',#1313,#1314,#668,.T.);
#1620=EDGE_CURVE('',#1315,#1314,#669,.T.);
#1621=EDGE_CURVE('',#1315,#1316,#1124,.T.);
#1622=EDGE_CURVE('',#1316,#1317,#670,.T.);
#1623=EDGE_CURVE('',#1318,#1317,#671,.T.);
#1624=EDGE_CURVE('',#1318,#1319,#672,.T.);
#1625=EDGE_CURVE('',#1319,#1320,#673,.T.);
#1626=EDGE_CURVE('',#1321,#1320,#1125,.T.);
#1627=EDGE_CURVE('',#1322,#1321,#674,.T.);
#1628=EDGE_CURVE('',#1323,#1322,#1126,.T.);
#1629=EDGE_CURVE('',#1324,#1323,#675,.T.);
#1630=EDGE_CURVE('',#1324,#1325,#676,.T.);
#1631=EDGE_CURVE('',#1325,#1326,#677,.T.);
#1632=EDGE_CURVE('',#1327,#1326,#678,.T.);
#1633=EDGE_CURVE('',#1327,#1328,#1127,.T.);
#1634=EDGE_CURVE('',#1328,#1329,#679,.T.);
#1635=EDGE_CURVE('',#1330,#1329,#680,.T.);
#1636=EDGE_CURVE('',#1330,#1331,#681,.T.);
#1637=EDGE_CURVE('',#1332,#1331,#682,.T.);
#1638=EDGE_CURVE('',#1333,#1332,#1128,.T.);
#1639=EDGE_CURVE('',#1333,#1334,#683,.T.);
#1640=EDGE_CURVE('',#1335,#1334,#1129,.T.);
#1641=EDGE_CURVE('',#1335,#1336,#684,.T.);
#1642=EDGE_CURVE('',#1336,#1337,#685,.T.);
#1643=EDGE_CURVE('',#1337,#1338,#686,.T.);
#1644=EDGE_CURVE('',#1339,#1338,#687,.T.);
#1645=EDGE_CURVE('',#1339,#1340,#1130,.T.);
#1646=EDGE_CURVE('',#1340,#1341,#688,.T.);
#1647=EDGE_CURVE('',#1341,#1342,#689,.T.);
#1648=EDGE_CURVE('',#1342,#1343,#690,.T.);
#1649=EDGE_CURVE('',#1343,#1344,#691,.T.);
#1650=EDGE_CURVE('',#1345,#1344,#1131,.T.);
#1651=EDGE_CURVE('',#1346,#1345,#692,.T.);
#1652=EDGE_CURVE('',#1347,#1346,#1132,.T.);
#1653=EDGE_CURVE('',#1348,#1347,#693,.T.);
#1654=EDGE_CURVE('',#1348,#1349,#694,.T.);
#1655=EDGE_CURVE('',#1350,#1349,#695,.T.);
#1656=EDGE_CURVE('',#1303,#1350,#696,.T.);
#1657=EDGE_CURVE('',#1351,#1351,#1133,.T.);
#1658=EDGE_CURVE('',#1352,#1352,#1134,.T.);
#1659=EDGE_CURVE('',#1353,#1353,#1135,.T.);
#1660=EDGE_CURVE('',#1354,#1354,#1136,.T.);
#1661=EDGE_CURVE('',#1355,#1355,#1137,.T.);
#1662=EDGE_CURVE('',#1356,#1356,#1138,.T.);
#1663=EDGE_CURVE('',#1357,#1357,#1139,.T.);
#1664=EDGE_CURVE('',#1358,#1358,#1140,.T.);
#1665=EDGE_CURVE('',#1359,#1360,#1141,.T.);
#1666=EDGE_CURVE('',#1360,#1333,#697,.T.);
#1667=EDGE_CURVE('',#1332,#1359,#698,.T.);
#1668=EDGE_CURVE('',#1361,#1360,#699,.T.);
#1669=EDGE_CURVE('',#1334,#1361,#700,.T.);
#1670=EDGE_CURVE('',#1361,#1362,#1142,.T.);
#1671=EDGE_CURVE('',#1362,#1335,#701,.T.);
#1672=EDGE_CURVE('',#1363,#1364,#1143,.T.);
#1673=EDGE_CURVE('',#1364,#1345,#702,.T.);
#1674=EDGE_CURVE('',#1344,#1363,#703,.T.);
#1675=EDGE_CURVE('',#1365,#1364,#704,.T.);
#1676=EDGE_CURVE('',#1346,#1365,#705,.T.);
#1677=EDGE_CURVE('',#1365,#1366,#1144,.T.);
#1678=EDGE_CURVE('',#1366,#1347,#706,.T.);
#1679=EDGE_CURVE('',#1367,#1368,#1145,.T.);
#1680=EDGE_CURVE('',#1368,#1323,#707,.T.);
#1681=EDGE_CURVE('',#1322,#1367,#708,.T.);
#1682=EDGE_CURVE('',#1369,#1321,#709,.T.);
#1683=EDGE_CURVE('',#1367,#1369,#710,.T.);
#1684=EDGE_CURVE('',#1370,#1369,#1146,.T.);
#1685=EDGE_CURVE('',#1320,#1370,#711,.T.);
#1686=EDGE_CURVE('',#1371,#1372,#1147,.T.);
#1687=EDGE_CURVE('',#1372,#1309,#712,.T.);
#1688=EDGE_CURVE('',#1308,#1371,#713,.T.);
#1689=EDGE_CURVE('',#1373,#1372,#714,.T.);
#1690=EDGE_CURVE('',#1310,#1373,#715,.T.);
#1691=EDGE_CURVE('',#1371,#1374,#716,.T.);
#1692=EDGE_CURVE('',#1375,#1374,#717,.T.);
#1693=EDGE_CURVE('',#1375,#1376,#718,.T.);
#1694=EDGE_CURVE('',#1373,#1376,#1148,.T.);
#1695=EDGE_CURVE('',#1377,#1377,#1149,.T.);
#1696=EDGE_CURVE('',#1378,#1378,#1150,.T.);
#1697=EDGE_CURVE('',#1376,#1311,#719,.T.);
#1698=EDGE_CURVE('',#1379,#1379,#1151,.T.);
#1699=EDGE_CURVE('',#1379,#1358,#720,.T.);
#1700=EDGE_CURVE('',#1380,#1380,#1152,.T.);
#1701=EDGE_CURVE('',#1380,#1357,#721,.T.);
#1702=EDGE_CURVE('',#1381,#1319,#722,.T.);
#1703=EDGE_CURVE('',#1370,#1381,#723,.T.);
#1704=EDGE_CURVE('',#1382,#1368,#724,.T.);
#1705=EDGE_CURVE('',#1324,#1382,#725,.T.);
#1706=EDGE_CURVE('',#1382,#1381,#726,.T.);
#1707=EDGE_CURVE('',#1383,#1383,#1153,.T.);
#1708=EDGE_CURVE('',#1383,#1356,#727,.T.);
#1709=EDGE_CURVE('',#1384,#1384,#1154,.T.);
#1710=EDGE_CURVE('',#1384,#1355,#728,.T.);
#1711=EDGE_CURVE('',#1385,#1343,#729,.T.);
#1712=EDGE_CURVE('',#1363,#1385,#730,.T.);
#1713=EDGE_CURVE('',#1386,#1366,#731,.T.);
#1714=EDGE_CURVE('',#1348,#1386,#732,.T.);
#1715=EDGE_CURVE('',#1386,#1385,#733,.T.);
#1716=EDGE_CURVE('',#1387,#1387,#1155,.T.);
#1717=EDGE_CURVE('',#1387,#1354,#734,.T.);
#1718=EDGE_CURVE('',#1388,#1388,#1156,.T.);
#1719=EDGE_CURVE('',#1388,#1353,#735,.T.);
#1720=EDGE_CURVE('',#1389,#1362,#736,.T.);
#1721=EDGE_CURVE('',#1336,#1389,#737,.T.);
#1722=EDGE_CURVE('',#1390,#1331,#738,.T.);
#1723=EDGE_CURVE('',#1359,#1390,#739,.T.);
#1724=EDGE_CURVE('',#1389,#1390,#740,.T.);
#1725=EDGE_CURVE('',#1378,#1352,#741,.T.);
#1726=EDGE_CURVE('',#1377,#1351,#742,.T.);
#1727=EDGE_CURVE('',#1312,#1375,#743,.T.);
#1728=EDGE_CURVE('',#1374,#1307,#744,.T.);
#1729=EDGE_CURVE('',#1391,#1391,#1157,.T.);
#1730=EDGE_CURVE('',#1391,#1392,#745,.T.);
#1731=EDGE_CURVE('',#1392,#1392,#1158,.T.);
#1732=EDGE_CURVE('',#1393,#1393,#1159,.T.);
#1733=EDGE_CURVE('',#1393,#1394,#746,.T.);
#1734=EDGE_CURVE('',#1394,#1394,#1160,.T.);
#1735=EDGE_CURVE('',#1395,#1395,#1161,.T.);
#1736=EDGE_CURVE('',#1395,#1396,#747,.T.);
#1737=EDGE_CURVE('',#1396,#1396,#1162,.T.);
#1738=EDGE_CURVE('',#1397,#1397,#1163,.T.);
#1739=EDGE_CURVE('',#1397,#1398,#748,.T.);
#1740=EDGE_CURVE('',#1398,#1398,#1164,.T.);
#1741=EDGE_CURVE('',#1399,#1399,#1165,.T.);
#1742=EDGE_CURVE('',#1399,#1400,#749,.T.);
#1743=EDGE_CURVE('',#1400,#1400,#1166,.T.);
#1744=EDGE_CURVE('',#1401,#1401,#1167,.T.);
#1745=EDGE_CURVE('',#1401,#1402,#750,.T.);
#1746=EDGE_CURVE('',#1402,#1402,#1168,.T.);
#1747=EDGE_CURVE('',#1403,#1403,#1169,.T.);
#1748=EDGE_CURVE('',#1403,#1404,#751,.T.);
#1749=EDGE_CURVE('',#1404,#1404,#1170,.T.);
#1750=EDGE_CURVE('',#1405,#1405,#1171,.T.);
#1751=EDGE_CURVE('',#1405,#1406,#752,.T.);
#1752=EDGE_CURVE('',#1406,#1406,#1172,.T.);
#1753=EDGE_CURVE('',#1407,#1407,#1173,.T.);
#1754=EDGE_CURVE('',#1407,#1408,#753,.T.);
#1755=EDGE_CURVE('',#1408,#1408,#1174,.T.);
#1756=EDGE_CURVE('',#1409,#1409,#1175,.T.);
#1757=EDGE_CURVE('',#1409,#1410,#754,.T.);
#1758=EDGE_CURVE('',#1410,#1410,#1176,.T.);
#1759=EDGE_CURVE('',#1411,#1411,#1177,.T.);
#1760=EDGE_CURVE('',#1411,#1412,#755,.T.);
#1761=EDGE_CURVE('',#1412,#1412,#1178,.T.);
#1762=EDGE_CURVE('',#1413,#1413,#1179,.T.);
#1763=EDGE_CURVE('',#1413,#1414,#756,.T.);
#1764=EDGE_CURVE('',#1414,#1414,#1180,.T.);
#1765=EDGE_CURVE('',#1415,#1416,#757,.T.);
#1766=EDGE_CURVE('',#1416,#1417,#758,.T.);
#1767=EDGE_CURVE('',#1417,#1418,#759,.T.);
#1768=EDGE_CURVE('',#1418,#1419,#760,.T.);
#1769=EDGE_CURVE('',#1419,#1420,#761,.T.);
#1770=EDGE_CURVE('',#1420,#1421,#1181,.T.);
#1771=EDGE_CURVE('',#1421,#1422,#1182,.T.);
#1772=EDGE_CURVE('',#1422,#1423,#762,.T.);
#1773=EDGE_CURVE('',#1423,#1424,#763,.T.);
#1774=EDGE_CURVE('',#1424,#1425,#764,.T.);
#1775=EDGE_CURVE('',#1425,#1426,#765,.T.);
#1776=EDGE_CURVE('',#1426,#1427,#766,.T.);
#1777=EDGE_CURVE('',#1427,#1428,#1183,.T.);
#1778=EDGE_CURVE('',#1428,#1429,#767,.T.);
#1779=EDGE_CURVE('',#1429,#1430,#768,.T.);
#1780=EDGE_CURVE('',#1430,#1431,#769,.T.);
#1781=EDGE_CURVE('',#1431,#1432,#770,.T.);
#1782=EDGE_CURVE('',#1432,#1433,#771,.T.);
#1783=EDGE_CURVE('',#1433,#1434,#1184,.T.);
#1784=EDGE_CURVE('',#1434,#1435,#772,.T.);
#1785=EDGE_CURVE('',#1435,#1436,#773,.T.);
#1786=EDGE_CURVE('',#1436,#1437,#774,.T.);
#1787=EDGE_CURVE('',#1437,#1438,#775,.T.);
#1788=EDGE_CURVE('',#1438,#1439,#776,.T.);
#1789=EDGE_CURVE('',#1439,#1440,#1185,.T.);
#1790=EDGE_CURVE('',#1440,#1415,#1186,.T.);
#1791=EDGE_CURVE('',#1441,#1441,#1187,.T.);
#1792=EDGE_CURVE('',#1442,#1442,#1188,.T.);
#1793=EDGE_CURVE('',#1443,#1443,#1189,.T.);
#1794=EDGE_CURVE('',#1444,#1444,#1190,.T.);
#1795=EDGE_CURVE('',#1418,#1306,#777,.T.);
#1796=EDGE_CURVE('',#1305,#1419,#778,.T.);
#1797=EDGE_CURVE('',#1431,#1330,#779,.T.);
#1798=EDGE_CURVE('',#1329,#1432,#780,.T.);
#1799=EDGE_CURVE('',#1441,#1263,#781,.T.);
#1800=EDGE_CURVE('',#1442,#1285,#782,.T.);
#1801=EDGE_CURVE('',#1443,#1298,#783,.T.);
#1802=EDGE_CURVE('',#1444,#1272,#784,.T.);
#1803=EDGE_CURVE('',#1315,#1415,#785,.T.);
#1804=EDGE_CURVE('',#1440,#1300,#786,.T.);
#1805=EDGE_CURVE('',#1316,#1439,#787,.T.);
#1806=EDGE_CURVE('',#1317,#1438,#788,.T.);
#1807=EDGE_CURVE('',#1318,#1437,#789,.T.);
#1808=EDGE_CURVE('',#1325,#1436,#790,.T.);
#1809=EDGE_CURVE('',#1326,#1435,#791,.T.);
#1810=EDGE_CURVE('',#1327,#1434,#792,.T.);
#1811=EDGE_CURVE('',#1328,#1433,#793,.T.);
#1812=EDGE_CURVE('',#1327,#1301,#794,.T.);
#1813=EDGE_CURVE('',#1337,#1430,#795,.T.);
#1814=EDGE_CURVE('',#1338,#1429,#796,.T.);
#1815=EDGE_CURVE('',#1339,#1428,#797,.T.);
#1816=EDGE_CURVE('',#1340,#1427,#798,.T.);
#1817=EDGE_CURVE('',#1340,#1302,#799,.T.);
#1818=EDGE_CURVE('',#1341,#1426,#800,.T.);
#1819=EDGE_CURVE('',#1342,#1425,#801,.T.);
#1820=EDGE_CURVE('',#1349,#1424,#802,.T.);
#1821=EDGE_CURVE('',#1350,#1423,#803,.T.);
#1822=EDGE_CURVE('',#1303,#1422,#804,.T.);
#1823=EDGE_CURVE('',#1421,#1299,#805,.T.);
#1824=EDGE_CURVE('',#1304,#1420,#806,.T.);
#1825=EDGE_CURVE('',#1313,#1417,#807,.T.);
#1826=EDGE_CURVE('',#1314,#1416,#808,.T.);
#1827=ORIENTED_EDGE('',*,*,#1445,.F.);
#1828=ORIENTED_EDGE('',*,*,#1446,.T.);
#1829=ORIENTED_EDGE('',*,*,#1447,.F.);
#1830=ORIENTED_EDGE('',*,*,#1446,.F.);
#1831=ORIENTED_EDGE('',*,*,#1448,.F.);
#1832=ORIENTED_EDGE('',*,*,#1449,.T.);
#1833=ORIENTED_EDGE('',*,*,#1450,.F.);
#1834=ORIENTED_EDGE('',*,*,#1449,.F.);
#1835=ORIENTED_EDGE('',*,*,#1451,.F.);
#1836=ORIENTED_EDGE('',*,*,#1452,.T.);
#1837=ORIENTED_EDGE('',*,*,#1453,.F.);
#1838=ORIENTED_EDGE('',*,*,#1452,.F.);
#1839=ORIENTED_EDGE('',*,*,#1454,.F.);
#1840=ORIENTED_EDGE('',*,*,#1455,.T.);
#1841=ORIENTED_EDGE('',*,*,#1456,.F.);
#1842=ORIENTED_EDGE('',*,*,#1455,.F.);
#1843=ORIENTED_EDGE('',*,*,#1457,.T.);
#1844=ORIENTED_EDGE('',*,*,#1458,.T.);
#1845=ORIENTED_EDGE('',*,*,#1459,.F.);
#1846=ORIENTED_EDGE('',*,*,#1460,.T.);
#1847=ORIENTED_EDGE('',*,*,#1461,.T.);
#1848=ORIENTED_EDGE('',*,*,#1462,.T.);
#1849=ORIENTED_EDGE('',*,*,#1463,.F.);
#1850=ORIENTED_EDGE('',*,*,#1464,.T.);
#1851=ORIENTED_EDGE('',*,*,#1465,.T.);
#1852=ORIENTED_EDGE('',*,*,#1466,.T.);
#1853=ORIENTED_EDGE('',*,*,#1467,.F.);
#1854=ORIENTED_EDGE('',*,*,#1468,.T.);
#1855=ORIENTED_EDGE('',*,*,#1469,.T.);
#1856=ORIENTED_EDGE('',*,*,#1470,.T.);
#1857=ORIENTED_EDGE('',*,*,#1471,.F.);
#1858=ORIENTED_EDGE('',*,*,#1472,.T.);
#1859=ORIENTED_EDGE('',*,*,#1473,.T.);
#1860=ORIENTED_EDGE('',*,*,#1474,.T.);
#1861=ORIENTED_EDGE('',*,*,#1475,.F.);
#1862=ORIENTED_EDGE('',*,*,#1476,.T.);
#1863=ORIENTED_EDGE('',*,*,#1477,.T.);
#1864=ORIENTED_EDGE('',*,*,#1478,.T.);
#1865=ORIENTED_EDGE('',*,*,#1479,.F.);
#1866=ORIENTED_EDGE('',*,*,#1480,.T.);
#1867=ORIENTED_EDGE('',*,*,#1481,.T.);
#1868=ORIENTED_EDGE('',*,*,#1482,.T.);
#1869=ORIENTED_EDGE('',*,*,#1483,.F.);
#1870=ORIENTED_EDGE('',*,*,#1484,.T.);
#1871=ORIENTED_EDGE('',*,*,#1485,.T.);
#1872=ORIENTED_EDGE('',*,*,#1486,.T.);
#1873=ORIENTED_EDGE('',*,*,#1487,.F.);
#1874=ORIENTED_EDGE('',*,*,#1488,.T.);
#1875=ORIENTED_EDGE('',*,*,#1489,.T.);
#1876=ORIENTED_EDGE('',*,*,#1490,.T.);
#1877=ORIENTED_EDGE('',*,*,#1491,.F.);
#1878=ORIENTED_EDGE('',*,*,#1492,.T.);
#1879=ORIENTED_EDGE('',*,*,#1493,.T.);
#1880=ORIENTED_EDGE('',*,*,#1494,.T.);
#1881=ORIENTED_EDGE('',*,*,#1495,.F.);
#1882=ORIENTED_EDGE('',*,*,#1496,.T.);
#1883=ORIENTED_EDGE('',*,*,#1497,.T.);
#1884=ORIENTED_EDGE('',*,*,#1498,.T.);
#1885=ORIENTED_EDGE('',*,*,#1499,.F.);
#1886=ORIENTED_EDGE('',*,*,#1500,.T.);
#1887=ORIENTED_EDGE('',*,*,#1501,.T.);
#1888=ORIENTED_EDGE('',*,*,#1502,.T.);
#1889=ORIENTED_EDGE('',*,*,#1503,.F.);
#1890=ORIENTED_EDGE('',*,*,#1504,.T.);
#1891=ORIENTED_EDGE('',*,*,#1505,.T.);
#1892=ORIENTED_EDGE('',*,*,#1506,.T.);
#1893=ORIENTED_EDGE('',*,*,#1507,.F.);
#1894=ORIENTED_EDGE('',*,*,#1508,.T.);
#1895=ORIENTED_EDGE('',*,*,#1509,.F.);
#1896=ORIENTED_EDGE('',*,*,#1510,.T.);
#1897=ORIENTED_EDGE('',*,*,#1511,.F.);
#1898=ORIENTED_EDGE('',*,*,#1484,.F.);
#1899=ORIENTED_EDGE('',*,*,#1512,.F.);
#1900=ORIENTED_EDGE('',*,*,#1513,.F.);
#1901=ORIENTED_EDGE('',*,*,#1514,.F.);
#1902=ORIENTED_EDGE('',*,*,#1515,.F.);
#1903=ORIENTED_EDGE('',*,*,#1516,.T.);
#1904=ORIENTED_EDGE('',*,*,#1515,.T.);
#1905=ORIENTED_EDGE('',*,*,#1517,.F.);
#1906=ORIENTED_EDGE('',*,*,#1518,.F.);
#1907=ORIENTED_EDGE('',*,*,#1519,.T.);
#1908=ORIENTED_EDGE('',*,*,#1474,.F.);
#1909=ORIENTED_EDGE('',*,*,#1520,.F.);
#1910=ORIENTED_EDGE('',*,*,#1521,.F.);
#1911=ORIENTED_EDGE('',*,*,#1522,.F.);
#1912=ORIENTED_EDGE('',*,*,#1521,.T.);
#1913=ORIENTED_EDGE('',*,*,#1523,.F.);
#1914=ORIENTED_EDGE('',*,*,#1476,.F.);
#1915=ORIENTED_EDGE('',*,*,#1524,.F.);
#1916=ORIENTED_EDGE('',*,*,#1478,.F.);
#1917=ORIENTED_EDGE('',*,*,#1525,.F.);
#1918=ORIENTED_EDGE('',*,*,#1526,.F.);
#1919=ORIENTED_EDGE('',*,*,#1527,.T.);
#1920=ORIENTED_EDGE('',*,*,#1526,.T.);
#1921=ORIENTED_EDGE('',*,*,#1528,.F.);
#1922=ORIENTED_EDGE('',*,*,#1480,.F.);
#1923=ORIENTED_EDGE('',*,*,#1529,.T.);
#1924=ORIENTED_EDGE('',*,*,#1482,.F.);
#1925=ORIENTED_EDGE('',*,*,#1530,.F.);
#1926=ORIENTED_EDGE('',*,*,#1510,.F.);
#1927=ORIENTED_EDGE('',*,*,#1531,.F.);
#1928=ORIENTED_EDGE('',*,*,#1511,.T.);
#1929=ORIENTED_EDGE('',*,*,#1530,.T.);
#1930=ORIENTED_EDGE('',*,*,#1481,.F.);
#1931=ORIENTED_EDGE('',*,*,#1528,.T.);
#1932=ORIENTED_EDGE('',*,*,#1525,.T.);
#1933=ORIENTED_EDGE('',*,*,#1477,.F.);
#1934=ORIENTED_EDGE('',*,*,#1532,.F.);
#1935=ORIENTED_EDGE('',*,*,#1517,.T.);
#1936=ORIENTED_EDGE('',*,*,#1514,.T.);
#1937=ORIENTED_EDGE('',*,*,#1473,.F.);
#1938=ORIENTED_EDGE('',*,*,#1523,.T.);
#1939=ORIENTED_EDGE('',*,*,#1520,.T.);
#1940=ORIENTED_EDGE('',*,*,#1533,.F.);
#1941=ORIENTED_EDGE('',*,*,#1534,.T.);
#1942=ORIENTED_EDGE('',*,*,#1535,.F.);
#1943=ORIENTED_EDGE('',*,*,#1472,.F.);
#1944=ORIENTED_EDGE('',*,*,#1536,.F.);
#1945=ORIENTED_EDGE('',*,*,#1466,.F.);
#1946=ORIENTED_EDGE('',*,*,#1537,.F.);
#1947=ORIENTED_EDGE('',*,*,#1538,.F.);
#1948=ORIENTED_EDGE('',*,*,#1539,.F.);
#1949=ORIENTED_EDGE('',*,*,#1538,.T.);
#1950=ORIENTED_EDGE('',*,*,#1540,.F.);
#1951=ORIENTED_EDGE('',*,*,#1468,.F.);
#1952=ORIENTED_EDGE('',*,*,#1541,.F.);
#1953=ORIENTED_EDGE('',*,*,#1462,.F.);
#1954=ORIENTED_EDGE('',*,*,#1542,.F.);
#1955=ORIENTED_EDGE('',*,*,#1543,.F.);
#1956=ORIENTED_EDGE('',*,*,#1544,.F.);
#1957=ORIENTED_EDGE('',*,*,#1543,.T.);
#1958=ORIENTED_EDGE('',*,*,#1545,.F.);
#1959=ORIENTED_EDGE('',*,*,#1464,.F.);
#1960=ORIENTED_EDGE('',*,*,#1546,.F.);
#1961=ORIENTED_EDGE('',*,*,#1458,.F.);
#1962=ORIENTED_EDGE('',*,*,#1547,.F.);
#1963=ORIENTED_EDGE('',*,*,#1548,.F.);
#1964=ORIENTED_EDGE('',*,*,#1549,.F.);
#1965=ORIENTED_EDGE('',*,*,#1548,.T.);
#1966=ORIENTED_EDGE('',*,*,#1550,.F.);
#1967=ORIENTED_EDGE('',*,*,#1460,.F.);
#1968=ORIENTED_EDGE('',*,*,#1551,.F.);
#1969=ORIENTED_EDGE('',*,*,#1470,.F.);
#1970=ORIENTED_EDGE('',*,*,#1552,.F.);
#1971=ORIENTED_EDGE('',*,*,#1534,.F.);
#1972=ORIENTED_EDGE('',*,*,#1553,.F.);
#1973=ORIENTED_EDGE('',*,*,#1535,.T.);
#1974=ORIENTED_EDGE('',*,*,#1552,.T.);
#1975=ORIENTED_EDGE('',*,*,#1469,.F.);
#1976=ORIENTED_EDGE('',*,*,#1550,.T.);
#1977=ORIENTED_EDGE('',*,*,#1547,.T.);
#1978=ORIENTED_EDGE('',*,*,#1457,.F.);
#1979=ORIENTED_EDGE('',*,*,#1465,.F.);
#1980=ORIENTED_EDGE('',*,*,#1540,.T.);
#1981=ORIENTED_EDGE('',*,*,#1537,.T.);
#1982=ORIENTED_EDGE('',*,*,#1461,.F.);
#1983=ORIENTED_EDGE('',*,*,#1545,.T.);
#1984=ORIENTED_EDGE('',*,*,#1542,.T.);
#1985=ORIENTED_EDGE('',*,*,#1554,.F.);
#1986=ORIENTED_EDGE('',*,*,#1555,.T.);
#1987=ORIENTED_EDGE('',*,*,#1556,.F.);
#1988=ORIENTED_EDGE('',*,*,#1557,.F.);
#1989=ORIENTED_EDGE('',*,*,#1558,.F.);
#1990=ORIENTED_EDGE('',*,*,#1498,.F.);
#1991=ORIENTED_EDGE('',*,*,#1559,.F.);
#1992=ORIENTED_EDGE('',*,*,#1560,.F.);
#1993=ORIENTED_EDGE('',*,*,#1561,.F.);
#1994=ORIENTED_EDGE('',*,*,#1560,.T.);
#1995=ORIENTED_EDGE('',*,*,#1562,.F.);
#1996=ORIENTED_EDGE('',*,*,#1500,.F.);
#1997=ORIENTED_EDGE('',*,*,#1563,.F.);
#1998=ORIENTED_EDGE('',*,*,#1502,.F.);
#1999=ORIENTED_EDGE('',*,*,#1564,.F.);
#2000=ORIENTED_EDGE('',*,*,#1565,.F.);
#2001=ORIENTED_EDGE('',*,*,#1566,.F.);
#2002=ORIENTED_EDGE('',*,*,#1565,.T.);
#2003=ORIENTED_EDGE('',*,*,#1567,.F.);
#2004=ORIENTED_EDGE('',*,*,#1504,.F.);
#2005=ORIENTED_EDGE('',*,*,#1568,.F.);
#2006=ORIENTED_EDGE('',*,*,#1506,.F.);
#2007=ORIENTED_EDGE('',*,*,#1569,.F.);
#2008=ORIENTED_EDGE('',*,*,#1570,.F.);
#2009=ORIENTED_EDGE('',*,*,#1571,.F.);
#2010=ORIENTED_EDGE('',*,*,#1570,.T.);
#2011=ORIENTED_EDGE('',*,*,#1572,.F.);
#2012=ORIENTED_EDGE('',*,*,#1508,.F.);
#2013=ORIENTED_EDGE('',*,*,#1573,.F.);
#2014=ORIENTED_EDGE('',*,*,#1574,.F.);
#2015=ORIENTED_EDGE('',*,*,#1575,.F.);
#2016=ORIENTED_EDGE('',*,*,#1555,.F.);
#2017=ORIENTED_EDGE('',*,*,#1576,.F.);
#2018=ORIENTED_EDGE('',*,*,#1572,.T.);
#2019=ORIENTED_EDGE('',*,*,#1569,.T.);
#2020=ORIENTED_EDGE('',*,*,#1505,.F.);
#2021=ORIENTED_EDGE('',*,*,#1567,.T.);
#2022=ORIENTED_EDGE('',*,*,#1564,.T.);
#2023=ORIENTED_EDGE('',*,*,#1501,.F.);
#2024=ORIENTED_EDGE('',*,*,#1577,.F.);
#2025=ORIENTED_EDGE('',*,*,#1556,.T.);
#2026=ORIENTED_EDGE('',*,*,#1575,.T.);
#2027=ORIENTED_EDGE('',*,*,#1497,.F.);
#2028=ORIENTED_EDGE('',*,*,#1562,.T.);
#2029=ORIENTED_EDGE('',*,*,#1559,.T.);
#2030=ORIENTED_EDGE('',*,*,#1577,.T.);
#2031=ORIENTED_EDGE('',*,*,#1574,.T.);
#2032=ORIENTED_EDGE('',*,*,#1578,.F.);
#2033=ORIENTED_EDGE('',*,*,#1557,.T.);
#2034=ORIENTED_EDGE('',*,*,#1579,.F.);
#2035=ORIENTED_EDGE('',*,*,#1580,.T.);
#2036=ORIENTED_EDGE('',*,*,#1581,.F.);
#2037=ORIENTED_EDGE('',*,*,#1496,.F.);
#2038=ORIENTED_EDGE('',*,*,#1582,.F.);
#2039=ORIENTED_EDGE('',*,*,#1583,.F.);
#2040=ORIENTED_EDGE('',*,*,#1584,.F.);
#2041=ORIENTED_EDGE('',*,*,#1585,.F.);
#2042=ORIENTED_EDGE('',*,*,#1586,.T.);
#2043=ORIENTED_EDGE('',*,*,#1585,.T.);
#2044=ORIENTED_EDGE('',*,*,#1587,.F.);
#2045=ORIENTED_EDGE('',*,*,#1588,.F.);
#2046=ORIENTED_EDGE('',*,*,#1589,.T.);
#2047=ORIENTED_EDGE('',*,*,#1486,.F.);
#2048=ORIENTED_EDGE('',*,*,#1590,.F.);
#2049=ORIENTED_EDGE('',*,*,#1591,.F.);
#2050=ORIENTED_EDGE('',*,*,#1592,.F.);
#2051=ORIENTED_EDGE('',*,*,#1591,.T.);
#2052=ORIENTED_EDGE('',*,*,#1593,.F.);
#2053=ORIENTED_EDGE('',*,*,#1488,.F.);
#2054=ORIENTED_EDGE('',*,*,#1594,.F.);
#2055=ORIENTED_EDGE('',*,*,#1490,.F.);
#2056=ORIENTED_EDGE('',*,*,#1595,.F.);
#2057=ORIENTED_EDGE('',*,*,#1596,.F.);
#2058=ORIENTED_EDGE('',*,*,#1597,.T.);
#2059=ORIENTED_EDGE('',*,*,#1596,.T.);
#2060=ORIENTED_EDGE('',*,*,#1598,.F.);
#2061=ORIENTED_EDGE('',*,*,#1492,.F.);
#2062=ORIENTED_EDGE('',*,*,#1599,.T.);
#2063=ORIENTED_EDGE('',*,*,#1494,.F.);
#2064=ORIENTED_EDGE('',*,*,#1600,.F.);
#2065=ORIENTED_EDGE('',*,*,#1580,.F.);
#2066=ORIENTED_EDGE('',*,*,#1601,.F.);
#2067=ORIENTED_EDGE('',*,*,#1581,.T.);
#2068=ORIENTED_EDGE('',*,*,#1600,.T.);
#2069=ORIENTED_EDGE('',*,*,#1493,.F.);
#2070=ORIENTED_EDGE('',*,*,#1598,.T.);
#2071=ORIENTED_EDGE('',*,*,#1595,.T.);
#2072=ORIENTED_EDGE('',*,*,#1489,.F.);
#2073=ORIENTED_EDGE('',*,*,#1602,.F.);
#2074=ORIENTED_EDGE('',*,*,#1587,.T.);
#2075=ORIENTED_EDGE('',*,*,#1584,.T.);
#2076=ORIENTED_EDGE('',*,*,#1485,.F.);
#2077=ORIENTED_EDGE('',*,*,#1593,.T.);
#2078=ORIENTED_EDGE('',*,*,#1590,.T.);
#2079=ORIENTED_EDGE('',*,*,#1603,.T.);
#2080=ORIENTED_EDGE('',*,*,#1578,.T.);
#2081=ORIENTED_EDGE('',*,*,#1573,.T.);
#2082=ORIENTED_EDGE('',*,*,#1554,.T.);
#2083=ORIENTED_EDGE('',*,*,#1558,.T.);
#2084=ORIENTED_EDGE('',*,*,#1561,.T.);
#2085=ORIENTED_EDGE('',*,*,#1499,.T.);
#2086=ORIENTED_EDGE('',*,*,#1563,.T.);
#2087=ORIENTED_EDGE('',*,*,#1566,.T.);
#2088=ORIENTED_EDGE('',*,*,#1503,.T.);
#2089=ORIENTED_EDGE('',*,*,#1568,.T.);
#2090=ORIENTED_EDGE('',*,*,#1571,.T.);
#2091=ORIENTED_EDGE('',*,*,#1507,.T.);
#2092=ORIENTED_EDGE('',*,*,#1604,.T.);
#2093=ORIENTED_EDGE('',*,*,#1471,.T.);
#2094=ORIENTED_EDGE('',*,*,#1551,.T.);
#2095=ORIENTED_EDGE('',*,*,#1533,.T.);
#2096=ORIENTED_EDGE('',*,*,#1536,.T.);
#2097=ORIENTED_EDGE('',*,*,#1539,.T.);
#2098=ORIENTED_EDGE('',*,*,#1467,.T.);
#2099=ORIENTED_EDGE('',*,*,#1541,.T.);
#2100=ORIENTED_EDGE('',*,*,#1544,.T.);
#2101=ORIENTED_EDGE('',*,*,#1463,.T.);
#2102=ORIENTED_EDGE('',*,*,#1546,.T.);
#2103=ORIENTED_EDGE('',*,*,#1549,.T.);
#2104=ORIENTED_EDGE('',*,*,#1459,.T.);
#2105=ORIENTED_EDGE('',*,*,#1532,.T.);
#2106=ORIENTED_EDGE('',*,*,#1513,.T.);
#2107=ORIENTED_EDGE('',*,*,#1605,.F.);
#2108=ORIENTED_EDGE('',*,*,#1518,.T.);
#2109=ORIENTED_EDGE('',*,*,#1606,.T.);
#2110=ORIENTED_EDGE('',*,*,#1483,.T.);
#2111=ORIENTED_EDGE('',*,*,#1529,.F.);
#2112=ORIENTED_EDGE('',*,*,#1509,.T.);
#2113=ORIENTED_EDGE('',*,*,#1512,.T.);
#2114=ORIENTED_EDGE('',*,*,#1516,.F.);
#2115=ORIENTED_EDGE('',*,*,#1605,.T.);
#2116=ORIENTED_EDGE('',*,*,#1519,.F.);
#2117=ORIENTED_EDGE('',*,*,#1522,.T.);
#2118=ORIENTED_EDGE('',*,*,#1475,.T.);
#2119=ORIENTED_EDGE('',*,*,#1524,.T.);
#2120=ORIENTED_EDGE('',*,*,#1527,.F.);
#2121=ORIENTED_EDGE('',*,*,#1479,.T.);
#2122=ORIENTED_EDGE('',*,*,#1602,.T.);
#2123=ORIENTED_EDGE('',*,*,#1583,.T.);
#2124=ORIENTED_EDGE('',*,*,#1607,.F.);
#2125=ORIENTED_EDGE('',*,*,#1588,.T.);
#2126=ORIENTED_EDGE('',*,*,#1608,.T.);
#2127=ORIENTED_EDGE('',*,*,#1495,.T.);
#2128=ORIENTED_EDGE('',*,*,#1599,.F.);
#2129=ORIENTED_EDGE('',*,*,#1579,.T.);
#2130=ORIENTED_EDGE('',*,*,#1582,.T.);
#2131=ORIENTED_EDGE('',*,*,#1586,.F.);
#2132=ORIENTED_EDGE('',*,*,#1607,.T.);
#2133=ORIENTED_EDGE('',*,*,#1589,.F.);
#2134=ORIENTED_EDGE('',*,*,#1592,.T.);
#2135=ORIENTED_EDGE('',*,*,#1487,.T.);
#2136=ORIENTED_EDGE('',*,*,#1594,.T.);
#2137=ORIENTED_EDGE('',*,*,#1597,.F.);
#2138=ORIENTED_EDGE('',*,*,#1491,.T.);
#2139=ORIENTED_EDGE('',*,*,#1609,.T.);
#2140=ORIENTED_EDGE('',*,*,#1610,.T.);
#2141=ORIENTED_EDGE('',*,*,#1611,.T.);
#2142=ORIENTED_EDGE('',*,*,#1612,.T.);
#2143=ORIENTED_EDGE('',*,*,#1613,.F.);
#2144=ORIENTED_EDGE('',*,*,#1614,.F.);
#2145=ORIENTED_EDGE('',*,*,#1615,.T.);
#2146=ORIENTED_EDGE('',*,*,#1616,.F.);
#2147=ORIENTED_EDGE('',*,*,#1617,.T.);
#2148=ORIENTED_EDGE('',*,*,#1618,.T.);
#2149=ORIENTED_EDGE('',*,*,#1619,.T.);
#2150=ORIENTED_EDGE('',*,*,#1620,.F.);
#2151=ORIENTED_EDGE('',*,*,#1621,.T.);
#2152=ORIENTED_EDGE('',*,*,#1622,.T.);
#2153=ORIENTED_EDGE('',*,*,#1623,.F.);
#2154=ORIENTED_EDGE('',*,*,#1624,.T.);
#2155=ORIENTED_EDGE('',*,*,#1625,.T.);
#2156=ORIENTED_EDGE('',*,*,#1626,.F.);
#2157=ORIENTED_EDGE('',*,*,#1627,.F.);
#2158=ORIENTED_EDGE('',*,*,#1628,.F.);
#2159=ORIENTED_EDGE('',*,*,#1629,.F.);
#2160=ORIENTED_EDGE('',*,*,#1630,.T.);
#2161=ORIENTED_EDGE('',*,*,#1631,.T.);
#2162=ORIENTED_EDGE('',*,*,#1632,.F.);
#2163=ORIENTED_EDGE('',*,*,#1633,.T.);
#2164=ORIENTED_EDGE('',*,*,#1634,.T.);
#2165=ORIENTED_EDGE('',*,*,#1635,.F.);
#2166=ORIENTED_EDGE('',*,*,#1636,.T.);
#2167=ORIENTED_EDGE('',*,*,#1637,.F.);
#2168=ORIENTED_EDGE('',*,*,#1638,.F.);
#2169=ORIENTED_EDGE('',*,*,#1639,.T.);
#2170=ORIENTED_EDGE('',*,*,#1640,.F.);
#2171=ORIENTED_EDGE('',*,*,#1641,.T.);
#2172=ORIENTED_EDGE('',*,*,#1642,.T.);
#2173=ORIENTED_EDGE('',*,*,#1643,.T.);
#2174=ORIENTED_EDGE('',*,*,#1644,.F.);
#2175=ORIENTED_EDGE('',*,*,#1645,.T.);
#2176=ORIENTED_EDGE('',*,*,#1646,.T.);
#2177=ORIENTED_EDGE('',*,*,#1647,.T.);
#2178=ORIENTED_EDGE('',*,*,#1648,.T.);
#2179=ORIENTED_EDGE('',*,*,#1649,.T.);
#2180=ORIENTED_EDGE('',*,*,#1650,.F.);
#2181=ORIENTED_EDGE('',*,*,#1651,.F.);
#2182=ORIENTED_EDGE('',*,*,#1652,.F.);
#2183=ORIENTED_EDGE('',*,*,#1653,.F.);
#2184=ORIENTED_EDGE('',*,*,#1654,.T.);
#2185=ORIENTED_EDGE('',*,*,#1655,.F.);
#2186=ORIENTED_EDGE('',*,*,#1656,.F.);
#2187=ORIENTED_EDGE('',*,*,#1657,.F.);
#2188=ORIENTED_EDGE('',*,*,#1658,.F.);
#2189=ORIENTED_EDGE('',*,*,#1659,.F.);
#2190=ORIENTED_EDGE('',*,*,#1660,.F.);
#2191=ORIENTED_EDGE('',*,*,#1661,.F.);
#2192=ORIENTED_EDGE('',*,*,#1662,.F.);
#2193=ORIENTED_EDGE('',*,*,#1663,.F.);
#2194=ORIENTED_EDGE('',*,*,#1664,.F.);
#2195=ORIENTED_EDGE('',*,*,#1456,.T.);
#2196=ORIENTED_EDGE('',*,*,#1453,.T.);
#2197=ORIENTED_EDGE('',*,*,#1450,.T.);
#2198=ORIENTED_EDGE('',*,*,#1447,.T.);
#2199=ORIENTED_EDGE('',*,*,#1665,.T.);
#2200=ORIENTED_EDGE('',*,*,#1666,.T.);
#2201=ORIENTED_EDGE('',*,*,#1638,.T.);
#2202=ORIENTED_EDGE('',*,*,#1667,.T.);
#2203=ORIENTED_EDGE('',*,*,#1666,.F.);
#2204=ORIENTED_EDGE('',*,*,#1668,.F.);
#2205=ORIENTED_EDGE('',*,*,#1669,.F.);
#2206=ORIENTED_EDGE('',*,*,#1639,.F.);
#2207=ORIENTED_EDGE('',*,*,#1670,.T.);
#2208=ORIENTED_EDGE('',*,*,#1671,.T.);
#2209=ORIENTED_EDGE('',*,*,#1640,.T.);
#2210=ORIENTED_EDGE('',*,*,#1669,.T.);
#2211=ORIENTED_EDGE('',*,*,#1672,.T.);
#2212=ORIENTED_EDGE('',*,*,#1673,.T.);
#2213=ORIENTED_EDGE('',*,*,#1650,.T.);
#2214=ORIENTED_EDGE('',*,*,#1674,.T.);
#2215=ORIENTED_EDGE('',*,*,#1673,.F.);
#2216=ORIENTED_EDGE('',*,*,#1675,.F.);
#2217=ORIENTED_EDGE('',*,*,#1676,.F.);
#2218=ORIENTED_EDGE('',*,*,#1651,.T.);
#2219=ORIENTED_EDGE('',*,*,#1677,.T.);
#2220=ORIENTED_EDGE('',*,*,#1678,.T.);
#2221=ORIENTED_EDGE('',*,*,#1652,.T.);
#2222=ORIENTED_EDGE('',*,*,#1676,.T.);
#2223=ORIENTED_EDGE('',*,*,#1679,.T.);
#2224=ORIENTED_EDGE('',*,*,#1680,.T.);
#2225=ORIENTED_EDGE('',*,*,#1628,.T.);
#2226=ORIENTED_EDGE('',*,*,#1681,.T.);
#2227=ORIENTED_EDGE('',*,*,#1681,.F.);
#2228=ORIENTED_EDGE('',*,*,#1627,.T.);
#2229=ORIENTED_EDGE('',*,*,#1682,.F.);
#2230=ORIENTED_EDGE('',*,*,#1683,.F.);
#2231=ORIENTED_EDGE('',*,*,#1684,.T.);
#2232=ORIENTED_EDGE('',*,*,#1682,.T.);
#2233=ORIENTED_EDGE('',*,*,#1626,.T.);
#2234=ORIENTED_EDGE('',*,*,#1685,.T.);
#2235=ORIENTED_EDGE('',*,*,#1686,.T.);
#2236=ORIENTED_EDGE('',*,*,#1687,.T.);
#2237=ORIENTED_EDGE('',*,*,#1614,.T.);
#2238=ORIENTED_EDGE('',*,*,#1688,.T.);
#2239=ORIENTED_EDGE('',*,*,#1687,.F.);
#2240=ORIENTED_EDGE('',*,*,#1689,.F.);
#2241=ORIENTED_EDGE('',*,*,#1690,.F.);
#2242=ORIENTED_EDGE('',*,*,#1615,.F.);
#2243=ORIENTED_EDGE('',*,*,#1686,.F.);
#2244=ORIENTED_EDGE('',*,*,#1691,.T.);
#2245=ORIENTED_EDGE('',*,*,#1692,.F.);
#2246=ORIENTED_EDGE('',*,*,#1693,.T.);
#2247=ORIENTED_EDGE('',*,*,#1694,.F.);
#2248=ORIENTED_EDGE('',*,*,#1689,.T.);
#2249=ORIENTED_EDGE('',*,*,#1695,.T.);
#2250=ORIENTED_EDGE('',*,*,#1696,.T.);
#2251=ORIENTED_EDGE('',*,*,#1694,.T.);
#2252=ORIENTED_EDGE('',*,*,#1697,.T.);
#2253=ORIENTED_EDGE('',*,*,#1616,.T.);
#2254=ORIENTED_EDGE('',*,*,#1690,.T.);
#2255=ORIENTED_EDGE('',*,*,#1698,.F.);
#2256=ORIENTED_EDGE('',*,*,#1699,.T.);
#2257=ORIENTED_EDGE('',*,*,#1664,.T.);
#2258=ORIENTED_EDGE('',*,*,#1699,.F.);
#2259=ORIENTED_EDGE('',*,*,#1700,.F.);
#2260=ORIENTED_EDGE('',*,*,#1701,.T.);
#2261=ORIENTED_EDGE('',*,*,#1663,.T.);
#2262=ORIENTED_EDGE('',*,*,#1701,.F.);
#2263=ORIENTED_EDGE('',*,*,#1685,.F.);
#2264=ORIENTED_EDGE('',*,*,#1625,.F.);
#2265=ORIENTED_EDGE('',*,*,#1702,.F.);
#2266=ORIENTED_EDGE('',*,*,#1703,.F.);
#2267=ORIENTED_EDGE('',*,*,#1680,.F.);
#2268=ORIENTED_EDGE('',*,*,#1704,.F.);
#2269=ORIENTED_EDGE('',*,*,#1705,.F.);
#2270=ORIENTED_EDGE('',*,*,#1629,.T.);
#2271=ORIENTED_EDGE('',*,*,#1679,.F.);
#2272=ORIENTED_EDGE('',*,*,#1683,.T.);
#2273=ORIENTED_EDGE('',*,*,#1684,.F.);
#2274=ORIENTED_EDGE('',*,*,#1703,.T.);
#2275=ORIENTED_EDGE('',*,*,#1706,.F.);
#2276=ORIENTED_EDGE('',*,*,#1704,.T.);
#2277=ORIENTED_EDGE('',*,*,#1700,.T.);
#2278=ORIENTED_EDGE('',*,*,#1698,.T.);
#2279=ORIENTED_EDGE('',*,*,#1707,.F.);
#2280=ORIENTED_EDGE('',*,*,#1708,.T.);
#2281=ORIENTED_EDGE('',*,*,#1662,.T.);
#2282=ORIENTED_EDGE('',*,*,#1708,.F.);
#2283=ORIENTED_EDGE('',*,*,#1709,.F.);
#2284=ORIENTED_EDGE('',*,*,#1710,.T.);
#2285=ORIENTED_EDGE('',*,*,#1661,.T.);
#2286=ORIENTED_EDGE('',*,*,#1710,.F.);
#2287=ORIENTED_EDGE('',*,*,#1674,.F.);
#2288=ORIENTED_EDGE('',*,*,#1649,.F.);
#2289=ORIENTED_EDGE('',*,*,#1711,.F.);
#2290=ORIENTED_EDGE('',*,*,#1712,.F.);
#2291=ORIENTED_EDGE('',*,*,#1678,.F.);
#2292=ORIENTED_EDGE('',*,*,#1713,.F.);
#2293=ORIENTED_EDGE('',*,*,#1714,.F.);
#2294=ORIENTED_EDGE('',*,*,#1653,.T.);
#2295=ORIENTED_EDGE('',*,*,#1672,.F.);
#2296=ORIENTED_EDGE('',*,*,#1712,.T.);
#2297=ORIENTED_EDGE('',*,*,#1715,.F.);
#2298=ORIENTED_EDGE('',*,*,#1713,.T.);
#2299=ORIENTED_EDGE('',*,*,#1677,.F.);
#2300=ORIENTED_EDGE('',*,*,#1675,.T.);
#2301=ORIENTED_EDGE('',*,*,#1709,.T.);
#2302=ORIENTED_EDGE('',*,*,#1707,.T.);
#2303=ORIENTED_EDGE('',*,*,#1716,.F.);
#2304=ORIENTED_EDGE('',*,*,#1717,.T.);
#2305=ORIENTED_EDGE('',*,*,#1660,.T.);
#2306=ORIENTED_EDGE('',*,*,#1717,.F.);
#2307=ORIENTED_EDGE('',*,*,#1718,.F.);
#2308=ORIENTED_EDGE('',*,*,#1719,.T.);
#2309=ORIENTED_EDGE('',*,*,#1659,.T.);
#2310=ORIENTED_EDGE('',*,*,#1719,.F.);
#2311=ORIENTED_EDGE('',*,*,#1671,.F.);
#2312=ORIENTED_EDGE('',*,*,#1720,.F.);
#2313=ORIENTED_EDGE('',*,*,#1721,.F.);
#2314=ORIENTED_EDGE('',*,*,#1641,.F.);
#2315=ORIENTED_EDGE('',*,*,#1667,.F.);
#2316=ORIENTED_EDGE('',*,*,#1637,.T.);
#2317=ORIENTED_EDGE('',*,*,#1722,.F.);
#2318=ORIENTED_EDGE('',*,*,#1723,.F.);
#2319=ORIENTED_EDGE('',*,*,#1665,.F.);
#2320=ORIENTED_EDGE('',*,*,#1723,.T.);
#2321=ORIENTED_EDGE('',*,*,#1724,.F.);
#2322=ORIENTED_EDGE('',*,*,#1720,.T.);
#2323=ORIENTED_EDGE('',*,*,#1670,.F.);
#2324=ORIENTED_EDGE('',*,*,#1668,.T.);
#2325=ORIENTED_EDGE('',*,*,#1718,.T.);
#2326=ORIENTED_EDGE('',*,*,#1716,.T.);
#2327=ORIENTED_EDGE('',*,*,#1696,.F.);
#2328=ORIENTED_EDGE('',*,*,#1725,.T.);
#2329=ORIENTED_EDGE('',*,*,#1658,.T.);
#2330=ORIENTED_EDGE('',*,*,#1725,.F.);
#2331=ORIENTED_EDGE('',*,*,#1695,.F.);
#2332=ORIENTED_EDGE('',*,*,#1726,.T.);
#2333=ORIENTED_EDGE('',*,*,#1657,.T.);
#2334=ORIENTED_EDGE('',*,*,#1726,.F.);
#2335=ORIENTED_EDGE('',*,*,#1697,.F.);
#2336=ORIENTED_EDGE('',*,*,#1693,.F.);
#2337=ORIENTED_EDGE('',*,*,#1727,.F.);
#2338=ORIENTED_EDGE('',*,*,#1617,.F.);
#2339=ORIENTED_EDGE('',*,*,#1688,.F.);
#2340=ORIENTED_EDGE('',*,*,#1613,.T.);
#2341=ORIENTED_EDGE('',*,*,#1728,.F.);
#2342=ORIENTED_EDGE('',*,*,#1691,.F.);
#2343=ORIENTED_EDGE('',*,*,#1729,.F.);
#2344=ORIENTED_EDGE('',*,*,#1730,.T.);
#2345=ORIENTED_EDGE('',*,*,#1731,.F.);
#2346=ORIENTED_EDGE('',*,*,#1730,.F.);
#2347=ORIENTED_EDGE('',*,*,#1729,.T.);
#2348=ORIENTED_EDGE('',*,*,#1732,.F.);
#2349=ORIENTED_EDGE('',*,*,#1733,.T.);
#2350=ORIENTED_EDGE('',*,*,#1734,.F.);
#2351=ORIENTED_EDGE('',*,*,#1733,.F.);
#2352=ORIENTED_EDGE('',*,*,#1732,.T.);
#2353=ORIENTED_EDGE('',*,*,#1735,.F.);
#2354=ORIENTED_EDGE('',*,*,#1736,.T.);
#2355=ORIENTED_EDGE('',*,*,#1737,.F.);
#2356=ORIENTED_EDGE('',*,*,#1736,.F.);
#2357=ORIENTED_EDGE('',*,*,#1735,.T.);
#2358=ORIENTED_EDGE('',*,*,#1738,.F.);
#2359=ORIENTED_EDGE('',*,*,#1739,.T.);
#2360=ORIENTED_EDGE('',*,*,#1740,.F.);
#2361=ORIENTED_EDGE('',*,*,#1739,.F.);
#2362=ORIENTED_EDGE('',*,*,#1738,.T.);
#2363=ORIENTED_EDGE('',*,*,#1741,.F.);
#2364=ORIENTED_EDGE('',*,*,#1742,.T.);
#2365=ORIENTED_EDGE('',*,*,#1743,.F.);
#2366=ORIENTED_EDGE('',*,*,#1742,.F.);
#2367=ORIENTED_EDGE('',*,*,#1744,.F.);
#2368=ORIENTED_EDGE('',*,*,#1745,.T.);
#2369=ORIENTED_EDGE('',*,*,#1746,.F.);
#2370=ORIENTED_EDGE('',*,*,#1745,.F.);
#2371=ORIENTED_EDGE('',*,*,#1744,.T.);
#2372=ORIENTED_EDGE('',*,*,#1741,.T.);
#2373=ORIENTED_EDGE('',*,*,#1743,.T.);
#2374=ORIENTED_EDGE('',*,*,#1737,.T.);
#2375=ORIENTED_EDGE('',*,*,#1747,.F.);
#2376=ORIENTED_EDGE('',*,*,#1748,.T.);
#2377=ORIENTED_EDGE('',*,*,#1749,.F.);
#2378=ORIENTED_EDGE('',*,*,#1748,.F.);
#2379=ORIENTED_EDGE('',*,*,#1750,.F.);
#2380=ORIENTED_EDGE('',*,*,#1751,.T.);
#2381=ORIENTED_EDGE('',*,*,#1752,.F.);
#2382=ORIENTED_EDGE('',*,*,#1751,.F.);
#2383=ORIENTED_EDGE('',*,*,#1750,.T.);
#2384=ORIENTED_EDGE('',*,*,#1747,.T.);
#2385=ORIENTED_EDGE('',*,*,#1749,.T.);
#2386=ORIENTED_EDGE('',*,*,#1731,.T.);
#2387=ORIENTED_EDGE('',*,*,#1753,.F.);
#2388=ORIENTED_EDGE('',*,*,#1754,.T.);
#2389=ORIENTED_EDGE('',*,*,#1755,.F.);
#2390=ORIENTED_EDGE('',*,*,#1754,.F.);
#2391=ORIENTED_EDGE('',*,*,#1756,.F.);
#2392=ORIENTED_EDGE('',*,*,#1757,.T.);
#2393=ORIENTED_EDGE('',*,*,#1758,.F.);
#2394=ORIENTED_EDGE('',*,*,#1757,.F.);
#2395=ORIENTED_EDGE('',*,*,#1756,.T.);
#2396=ORIENTED_EDGE('',*,*,#1753,.T.);
#2397=ORIENTED_EDGE('',*,*,#1755,.T.);
#2398=ORIENTED_EDGE('',*,*,#1734,.T.);
#2399=ORIENTED_EDGE('',*,*,#1759,.F.);
#2400=ORIENTED_EDGE('',*,*,#1760,.T.);
#2401=ORIENTED_EDGE('',*,*,#1761,.F.);
#2402=ORIENTED_EDGE('',*,*,#1760,.F.);
#2403=ORIENTED_EDGE('',*,*,#1762,.F.);
#2404=ORIENTED_EDGE('',*,*,#1763,.T.);
#2405=ORIENTED_EDGE('',*,*,#1764,.F.);
#2406=ORIENTED_EDGE('',*,*,#1763,.F.);
#2407=ORIENTED_EDGE('',*,*,#1762,.T.);
#2408=ORIENTED_EDGE('',*,*,#1759,.T.);
#2409=ORIENTED_EDGE('',*,*,#1765,.T.);
#2410=ORIENTED_EDGE('',*,*,#1766,.T.);
#2411=ORIENTED_EDGE('',*,*,#1767,.T.);
#2412=ORIENTED_EDGE('',*,*,#1768,.T.);
#2413=ORIENTED_EDGE('',*,*,#1769,.T.);
#2414=ORIENTED_EDGE('',*,*,#1770,.T.);
#2415=ORIENTED_EDGE('',*,*,#1771,.T.);
#2416=ORIENTED_EDGE('',*,*,#1772,.T.);
#2417=ORIENTED_EDGE('',*,*,#1773,.T.);
#2418=ORIENTED_EDGE('',*,*,#1774,.T.);
#2419=ORIENTED_EDGE('',*,*,#1775,.T.);
#2420=ORIENTED_EDGE('',*,*,#1776,.T.);
#2421=ORIENTED_EDGE('',*,*,#1777,.T.);
#2422=ORIENTED_EDGE('',*,*,#1778,.T.);
#2423=ORIENTED_EDGE('',*,*,#1779,.T.);
#2424=ORIENTED_EDGE('',*,*,#1780,.T.);
#2425=ORIENTED_EDGE('',*,*,#1781,.T.);
#2426=ORIENTED_EDGE('',*,*,#1782,.T.);
#2427=ORIENTED_EDGE('',*,*,#1783,.T.);
#2428=ORIENTED_EDGE('',*,*,#1784,.T.);
#2429=ORIENTED_EDGE('',*,*,#1785,.T.);
#2430=ORIENTED_EDGE('',*,*,#1786,.T.);
#2431=ORIENTED_EDGE('',*,*,#1787,.T.);
#2432=ORIENTED_EDGE('',*,*,#1788,.T.);
#2433=ORIENTED_EDGE('',*,*,#1789,.T.);
#2434=ORIENTED_EDGE('',*,*,#1790,.T.);
#2435=ORIENTED_EDGE('',*,*,#1746,.T.);
#2436=ORIENTED_EDGE('',*,*,#1758,.T.);
#2437=ORIENTED_EDGE('',*,*,#1791,.T.);
#2438=ORIENTED_EDGE('',*,*,#1792,.T.);
#2439=ORIENTED_EDGE('',*,*,#1793,.T.);
#2440=ORIENTED_EDGE('',*,*,#1794,.T.);
#2441=ORIENTED_EDGE('',*,*,#1764,.T.);
#2442=ORIENTED_EDGE('',*,*,#1752,.T.);
#2443=ORIENTED_EDGE('',*,*,#1454,.T.);
#2444=ORIENTED_EDGE('',*,*,#1451,.T.);
#2445=ORIENTED_EDGE('',*,*,#1448,.T.);
#2446=ORIENTED_EDGE('',*,*,#1445,.T.);
#2447=ORIENTED_EDGE('',*,*,#1795,.T.);
#2448=ORIENTED_EDGE('',*,*,#1611,.F.);
#2449=ORIENTED_EDGE('',*,*,#1796,.T.);
#2450=ORIENTED_EDGE('',*,*,#1768,.F.);
#2451=ORIENTED_EDGE('',*,*,#1797,.T.);
#2452=ORIENTED_EDGE('',*,*,#1635,.T.);
#2453=ORIENTED_EDGE('',*,*,#1798,.T.);
#2454=ORIENTED_EDGE('',*,*,#1781,.F.);
#2455=ORIENTED_EDGE('',*,*,#1791,.F.);
#2456=ORIENTED_EDGE('',*,*,#1799,.T.);
#2457=ORIENTED_EDGE('',*,*,#1531,.T.);
#2458=ORIENTED_EDGE('',*,*,#1799,.F.);
#2459=ORIENTED_EDGE('',*,*,#1792,.F.);
#2460=ORIENTED_EDGE('',*,*,#1800,.T.);
#2461=ORIENTED_EDGE('',*,*,#1576,.T.);
#2462=ORIENTED_EDGE('',*,*,#1800,.F.);
#2463=ORIENTED_EDGE('',*,*,#1793,.F.);
#2464=ORIENTED_EDGE('',*,*,#1801,.T.);
#2465=ORIENTED_EDGE('',*,*,#1601,.T.);
#2466=ORIENTED_EDGE('',*,*,#1801,.F.);
#2467=ORIENTED_EDGE('',*,*,#1794,.F.);
#2468=ORIENTED_EDGE('',*,*,#1802,.T.);
#2469=ORIENTED_EDGE('',*,*,#1553,.T.);
#2470=ORIENTED_EDGE('',*,*,#1802,.F.);
#2471=ORIENTED_EDGE('',*,*,#1803,.T.);
#2472=ORIENTED_EDGE('',*,*,#1790,.F.);
#2473=ORIENTED_EDGE('',*,*,#1804,.T.);
#2474=ORIENTED_EDGE('',*,*,#1604,.F.);
#2475=ORIENTED_EDGE('',*,*,#1804,.F.);
#2476=ORIENTED_EDGE('',*,*,#1789,.F.);
#2477=ORIENTED_EDGE('',*,*,#1805,.F.);
#2478=ORIENTED_EDGE('',*,*,#1621,.F.);
#2479=ORIENTED_EDGE('',*,*,#1622,.F.);
#2480=ORIENTED_EDGE('',*,*,#1805,.T.);
#2481=ORIENTED_EDGE('',*,*,#1788,.F.);
#2482=ORIENTED_EDGE('',*,*,#1806,.F.);
#2483=ORIENTED_EDGE('',*,*,#1623,.T.);
#2484=ORIENTED_EDGE('',*,*,#1806,.T.);
#2485=ORIENTED_EDGE('',*,*,#1787,.F.);
#2486=ORIENTED_EDGE('',*,*,#1807,.F.);
#2487=ORIENTED_EDGE('',*,*,#1702,.T.);
#2488=ORIENTED_EDGE('',*,*,#1624,.F.);
#2489=ORIENTED_EDGE('',*,*,#1807,.T.);
#2490=ORIENTED_EDGE('',*,*,#1786,.F.);
#2491=ORIENTED_EDGE('',*,*,#1808,.F.);
#2492=ORIENTED_EDGE('',*,*,#1630,.F.);
#2493=ORIENTED_EDGE('',*,*,#1705,.T.);
#2494=ORIENTED_EDGE('',*,*,#1706,.T.);
#2495=ORIENTED_EDGE('',*,*,#1631,.F.);
#2496=ORIENTED_EDGE('',*,*,#1808,.T.);
#2497=ORIENTED_EDGE('',*,*,#1785,.F.);
#2498=ORIENTED_EDGE('',*,*,#1809,.F.);
#2499=ORIENTED_EDGE('',*,*,#1632,.T.);
#2500=ORIENTED_EDGE('',*,*,#1809,.T.);
#2501=ORIENTED_EDGE('',*,*,#1784,.F.);
#2502=ORIENTED_EDGE('',*,*,#1810,.F.);
#2503=ORIENTED_EDGE('',*,*,#1810,.T.);
#2504=ORIENTED_EDGE('',*,*,#1783,.F.);
#2505=ORIENTED_EDGE('',*,*,#1811,.F.);
#2506=ORIENTED_EDGE('',*,*,#1633,.F.);
#2507=ORIENTED_EDGE('',*,*,#1812,.T.);
#2508=ORIENTED_EDGE('',*,*,#1606,.F.);
#2509=ORIENTED_EDGE('',*,*,#1812,.F.);
#2510=ORIENTED_EDGE('',*,*,#1634,.F.);
#2511=ORIENTED_EDGE('',*,*,#1811,.T.);
#2512=ORIENTED_EDGE('',*,*,#1782,.F.);
#2513=ORIENTED_EDGE('',*,*,#1798,.F.);
#2514=ORIENTED_EDGE('',*,*,#1722,.T.);
#2515=ORIENTED_EDGE('',*,*,#1636,.F.);
#2516=ORIENTED_EDGE('',*,*,#1797,.F.);
#2517=ORIENTED_EDGE('',*,*,#1780,.F.);
#2518=ORIENTED_EDGE('',*,*,#1813,.F.);
#2519=ORIENTED_EDGE('',*,*,#1642,.F.);
#2520=ORIENTED_EDGE('',*,*,#1721,.T.);
#2521=ORIENTED_EDGE('',*,*,#1724,.T.);
#2522=ORIENTED_EDGE('',*,*,#1813,.T.);
#2523=ORIENTED_EDGE('',*,*,#1779,.F.);
#2524=ORIENTED_EDGE('',*,*,#1814,.F.);
#2525=ORIENTED_EDGE('',*,*,#1643,.F.);
#2526=ORIENTED_EDGE('',*,*,#1644,.T.);
#2527=ORIENTED_EDGE('',*,*,#1814,.T.);
#2528=ORIENTED_EDGE('',*,*,#1778,.F.);
#2529=ORIENTED_EDGE('',*,*,#1815,.F.);
#2530=ORIENTED_EDGE('',*,*,#1815,.T.);
#2531=ORIENTED_EDGE('',*,*,#1777,.F.);
#2532=ORIENTED_EDGE('',*,*,#1816,.F.);
#2533=ORIENTED_EDGE('',*,*,#1817,.T.);
#2534=ORIENTED_EDGE('',*,*,#1608,.F.);
#2535=ORIENTED_EDGE('',*,*,#1817,.F.);
#2536=ORIENTED_EDGE('',*,*,#1645,.F.);
#2537=ORIENTED_EDGE('',*,*,#1646,.F.);
#2538=ORIENTED_EDGE('',*,*,#1816,.T.);
#2539=ORIENTED_EDGE('',*,*,#1776,.F.);
#2540=ORIENTED_EDGE('',*,*,#1818,.F.);
#2541=ORIENTED_EDGE('',*,*,#1647,.F.);
#2542=ORIENTED_EDGE('',*,*,#1818,.T.);
#2543=ORIENTED_EDGE('',*,*,#1775,.F.);
#2544=ORIENTED_EDGE('',*,*,#1819,.F.);
#2545=ORIENTED_EDGE('',*,*,#1711,.T.);
#2546=ORIENTED_EDGE('',*,*,#1648,.F.);
#2547=ORIENTED_EDGE('',*,*,#1819,.T.);
#2548=ORIENTED_EDGE('',*,*,#1774,.F.);
#2549=ORIENTED_EDGE('',*,*,#1820,.F.);
#2550=ORIENTED_EDGE('',*,*,#1654,.F.);
#2551=ORIENTED_EDGE('',*,*,#1714,.T.);
#2552=ORIENTED_EDGE('',*,*,#1715,.T.);
#2553=ORIENTED_EDGE('',*,*,#1655,.T.);
#2554=ORIENTED_EDGE('',*,*,#1820,.T.);
#2555=ORIENTED_EDGE('',*,*,#1773,.F.);
#2556=ORIENTED_EDGE('',*,*,#1821,.F.);
#2557=ORIENTED_EDGE('',*,*,#1656,.T.);
#2558=ORIENTED_EDGE('',*,*,#1821,.T.);
#2559=ORIENTED_EDGE('',*,*,#1772,.F.);
#2560=ORIENTED_EDGE('',*,*,#1822,.F.);
#2561=ORIENTED_EDGE('',*,*,#1609,.F.);
#2562=ORIENTED_EDGE('',*,*,#1822,.T.);
#2563=ORIENTED_EDGE('',*,*,#1771,.F.);
#2564=ORIENTED_EDGE('',*,*,#1823,.T.);
#2565=ORIENTED_EDGE('',*,*,#1603,.F.);
#2566=ORIENTED_EDGE('',*,*,#1823,.F.);
#2567=ORIENTED_EDGE('',*,*,#1770,.F.);
#2568=ORIENTED_EDGE('',*,*,#1824,.F.);
#2569=ORIENTED_EDGE('',*,*,#1610,.F.);
#2570=ORIENTED_EDGE('',*,*,#1824,.T.);
#2571=ORIENTED_EDGE('',*,*,#1769,.F.);
#2572=ORIENTED_EDGE('',*,*,#1796,.F.);
#2573=ORIENTED_EDGE('',*,*,#1728,.T.);
#2574=ORIENTED_EDGE('',*,*,#1612,.F.);
#2575=ORIENTED_EDGE('',*,*,#1795,.F.);
#2576=ORIENTED_EDGE('',*,*,#1767,.F.);
#2577=ORIENTED_EDGE('',*,*,#1825,.F.);
#2578=ORIENTED_EDGE('',*,*,#1618,.F.);
#2579=ORIENTED_EDGE('',*,*,#1727,.T.);
#2580=ORIENTED_EDGE('',*,*,#1692,.T.);
#2581=ORIENTED_EDGE('',*,*,#1825,.T.);
#2582=ORIENTED_EDGE('',*,*,#1766,.F.);
#2583=ORIENTED_EDGE('',*,*,#1826,.F.);
#2584=ORIENTED_EDGE('',*,*,#1619,.F.);
#2585=ORIENTED_EDGE('',*,*,#1620,.T.);
#2586=ORIENTED_EDGE('',*,*,#1826,.T.);
#2587=ORIENTED_EDGE('',*,*,#1765,.F.);
#2588=ORIENTED_EDGE('',*,*,#1803,.F.);
#2589=ORIENTED_EDGE('',*,*,#1761,.T.);
#2590=ORIENTED_EDGE('',*,*,#1740,.T.);
#2591=CYLINDRICAL_SURFACE('',#2808,1.5);
#2592=CYLINDRICAL_SURFACE('',#2811,1.49999999999999);
#2593=CYLINDRICAL_SURFACE('',#2814,1.5);
#2594=CYLINDRICAL_SURFACE('',#2817,1.50000000000002);
#2595=CYLINDRICAL_SURFACE('',#2820,3.24999999999999);
#2596=CYLINDRICAL_SURFACE('',#2823,3.24999999999999);
#2597=CYLINDRICAL_SURFACE('',#2826,3.24999999999999);
#2598=CYLINDRICAL_SURFACE('',#2829,3.24999999999999);
#2599=CYLINDRICAL_SURFACE('',#2832,3.25000000000001);
#2600=CYLINDRICAL_SURFACE('',#2835,3.25000000000001);
#2601=CYLINDRICAL_SURFACE('',#2838,3.25000000000001);
#2602=CYLINDRICAL_SURFACE('',#2841,3.25000000000001);
#2603=CYLINDRICAL_SURFACE('',#2844,3.25000000000001);
#2604=CYLINDRICAL_SURFACE('',#2847,3.25000000000001);
#2605=CYLINDRICAL_SURFACE('',#2850,3.24999999999999);
#2606=CYLINDRICAL_SURFACE('',#2853,3.24999999999999);
#2607=CYLINDRICAL_SURFACE('',#2856,3.24999999999999);
#2608=CYLINDRICAL_SURFACE('',#2891,3.24999999999999);
#2609=CYLINDRICAL_SURFACE('',#2908,3.25000000000001);
#2610=CYLINDRICAL_SURFACE('',#2912,3.25000000000001);
#2611=CYLINDRICAL_SURFACE('',#2937,5.);
#2612=CYLINDRICAL_SURFACE('',#2940,5.);
#2613=CYLINDRICAL_SURFACE('',#2942,5.);
#2614=CYLINDRICAL_SURFACE('',#2945,5.);
#2615=CYLINDRICAL_SURFACE('',#2947,5.);
#2616=CYLINDRICAL_SURFACE('',#2950,5.);
#2617=CYLINDRICAL_SURFACE('',#2952,5.);
#2618=CYLINDRICAL_SURFACE('',#2959,5.);
#2619=CYLINDRICAL_SURFACE('',#2960,1.5);
#2620=CYLINDRICAL_SURFACE('',#2962,1.5);
#2621=CYLINDRICAL_SURFACE('',#2967,1.5);
#2622=CYLINDRICAL_SURFACE('',#2969,1.5);
#2623=CYLINDRICAL_SURFACE('',#2974,1.49999999999999);
#2624=CYLINDRICAL_SURFACE('',#2976,1.5);
#2625=CYLINDRICAL_SURFACE('',#2981,1.49999999999999);
#2626=CYLINDRICAL_SURFACE('',#2982,1.49999999999999);
#2627=CYLINDRICAL_SURFACE('',#2985,0.899998999999987);
#2628=CYLINDRICAL_SURFACE('',#2989,0.899999000000005);
#2629=CYLINDRICAL_SURFACE('',#2993,0.899999000000005);
#2630=CYLINDRICAL_SURFACE('',#2997,0.899999000000005);
#2631=CYLINDRICAL_SURFACE('',#3001,0.999999000000003);
#2632=CYLINDRICAL_SURFACE('',#3004,1.999999);
#2633=CYLINDRICAL_SURFACE('',#3009,0.999999000000003);
#2634=CYLINDRICAL_SURFACE('',#3012,1.99999900000002);
#2635=CYLINDRICAL_SURFACE('',#3017,0.999999000000003);
#2636=CYLINDRICAL_SURFACE('',#3020,1.999999);
#2637=CYLINDRICAL_SURFACE('',#3025,0.999999000000003);
#2638=CYLINDRICAL_SURFACE('',#3028,1.999999);
#2639=CYLINDRICAL_SURFACE('',#3045,4.25000000000001);
#2640=CYLINDRICAL_SURFACE('',#3046,4.25000000000001);
#2641=CYLINDRICAL_SURFACE('',#3047,4.25000000000001);
#2642=CYLINDRICAL_SURFACE('',#3048,4.25000000000001);
#2643=CYLINDRICAL_SURFACE('',#3049,7.5);
#2644=CYLINDRICAL_SURFACE('',#3055,7.5);
#2645=CYLINDRICAL_SURFACE('',#3060,7.5);
#2646=CYLINDRICAL_SURFACE('',#3066,7.5);
#2647=ADVANCED_FACE('',(#181),#2591,.F.);
#2648=ADVANCED_FACE('',(#182),#2592,.F.);
#2649=ADVANCED_FACE('',(#183),#2593,.F.);
#2650=ADVANCED_FACE('',(#184),#2594,.F.);
#2651=ADVANCED_FACE('',(#185),#2595,.F.);
#2652=ADVANCED_FACE('',(#186),#2596,.F.);
#2653=ADVANCED_FACE('',(#187),#2597,.F.);
#2654=ADVANCED_FACE('',(#188),#2598,.F.);
#2655=ADVANCED_FACE('',(#189),#2599,.F.);
#2656=ADVANCED_FACE('',(#190),#2600,.F.);
#2657=ADVANCED_FACE('',(#191),#2601,.F.);
#2658=ADVANCED_FACE('',(#192),#2602,.F.);
#2659=ADVANCED_FACE('',(#193),#2603,.F.);
#2660=ADVANCED_FACE('',(#194),#2604,.F.);
#2661=ADVANCED_FACE('',(#195),#2605,.F.);
#2662=ADVANCED_FACE('',(#196),#2606,.F.);
#2663=ADVANCED_FACE('',(#197),#2607,.F.);
#2664=ADVANCED_FACE('',(#198),#91,.T.);
#2665=ADVANCED_FACE('',(#199),#92,.T.);
#2666=ADVANCED_FACE('',(#200),#93,.T.);
#2667=ADVANCED_FACE('',(#201),#94,.T.);
#2668=ADVANCED_FACE('',(#202),#95,.T.);
#2669=ADVANCED_FACE('',(#203),#96,.T.);
#2670=ADVANCED_FACE('',(#204),#97,.T.);
#2671=ADVANCED_FACE('',(#205),#98,.T.);
#2672=ADVANCED_FACE('',(#206,#19,#20,#21,#22),#99,.T.);
#2673=ADVANCED_FACE('',(#207),#100,.T.);
#2674=ADVANCED_FACE('',(#208),#101,.T.);
#2675=ADVANCED_FACE('',(#209),#102,.T.);
#2676=ADVANCED_FACE('',(#210),#103,.T.);
#2677=ADVANCED_FACE('',(#211),#104,.T.);
#2678=ADVANCED_FACE('',(#212),#105,.T.);
#2679=ADVANCED_FACE('',(#213),#106,.T.);
#2680=ADVANCED_FACE('',(#214),#107,.T.);
#2681=ADVANCED_FACE('',(#215,#23,#24,#25,#26),#108,.T.);
#2682=ADVANCED_FACE('',(#216),#109,.T.);
#2683=ADVANCED_FACE('',(#217),#110,.T.);
#2684=ADVANCED_FACE('',(#218),#111,.T.);
#2685=ADVANCED_FACE('',(#219),#112,.T.);
#2686=ADVANCED_FACE('',(#220),#113,.T.);
#2687=ADVANCED_FACE('',(#221),#114,.T.);
#2688=ADVANCED_FACE('',(#222),#115,.T.);
#2689=ADVANCED_FACE('',(#223),#116,.T.);
#2690=ADVANCED_FACE('',(#224,#27,#28,#29,#30),#117,.T.);
#2691=ADVANCED_FACE('',(#225),#2608,.F.);
#2692=ADVANCED_FACE('',(#226),#118,.T.);
#2693=ADVANCED_FACE('',(#227),#119,.T.);
#2694=ADVANCED_FACE('',(#228),#120,.T.);
#2695=ADVANCED_FACE('',(#229),#121,.T.);
#2696=ADVANCED_FACE('',(#230),#122,.T.);
#2697=ADVANCED_FACE('',(#231),#123,.T.);
#2698=ADVANCED_FACE('',(#232),#124,.T.);
#2699=ADVANCED_FACE('',(#233),#125,.T.);
#2700=ADVANCED_FACE('',(#234,#31,#32,#33,#34),#126,.T.);
#2701=ADVANCED_FACE('',(#235,#35,#36,#37,#38),#127,.F.);
#2702=ADVANCED_FACE('',(#236,#39,#40,#41,#42),#128,.F.);
#2703=ADVANCED_FACE('',(#237),#2609,.F.);
#2704=ADVANCED_FACE('',(#238,#43,#44,#45,#46),#129,.F.);
#2705=ADVANCED_FACE('',(#239),#2610,.F.);
#2706=ADVANCED_FACE('',(#240,#47,#48,#49,#50),#130,.F.);
#2707=ADVANCED_FACE('',(#241,#51,#52,#53,#54,#55,#56,#57,#58,#59,#60,#61,
#62),#131,.F.);
#2708=ADVANCED_FACE('',(#242),#2611,.T.);
#2709=ADVANCED_FACE('',(#243),#132,.T.);
#2710=ADVANCED_FACE('',(#244),#2612,.T.);
#2711=ADVANCED_FACE('',(#245),#2613,.T.);
#2712=ADVANCED_FACE('',(#246),#133,.T.);
#2713=ADVANCED_FACE('',(#247),#2614,.T.);
#2714=ADVANCED_FACE('',(#248),#2615,.T.);
#2715=ADVANCED_FACE('',(#249),#134,.T.);
#2716=ADVANCED_FACE('',(#250),#2616,.T.);
#2717=ADVANCED_FACE('',(#251),#2617,.T.);
#2718=ADVANCED_FACE('',(#252),#135,.T.);
#2719=ADVANCED_FACE('',(#253,#63,#64),#136,.T.);
#2720=ADVANCED_FACE('',(#254),#2618,.T.);
#2721=ADVANCED_FACE('',(#255),#2619,.F.);
#2722=ADVANCED_FACE('',(#256),#2620,.F.);
#2723=ADVANCED_FACE('',(#257),#137,.T.);
#2724=ADVANCED_FACE('',(#258),#138,.T.);
#2725=ADVANCED_FACE('',(#259,#65,#66),#139,.T.);
#2726=ADVANCED_FACE('',(#260),#2621,.F.);
#2727=ADVANCED_FACE('',(#261),#2622,.F.);
#2728=ADVANCED_FACE('',(#262),#140,.T.);
#2729=ADVANCED_FACE('',(#263),#141,.T.);
#2730=ADVANCED_FACE('',(#264,#67,#68),#142,.T.);
#2731=ADVANCED_FACE('',(#265),#2623,.F.);
#2732=ADVANCED_FACE('',(#266),#2624,.F.);
#2733=ADVANCED_FACE('',(#267),#143,.T.);
#2734=ADVANCED_FACE('',(#268),#144,.T.);
#2735=ADVANCED_FACE('',(#269,#69,#70),#145,.T.);
#2736=ADVANCED_FACE('',(#270),#2625,.F.);
#2737=ADVANCED_FACE('',(#271),#2626,.F.);
#2738=ADVANCED_FACE('',(#272),#146,.T.);
#2739=ADVANCED_FACE('',(#273),#147,.T.);
#2740=ADVANCED_FACE('',(#274),#2627,.T.);
#2741=ADVANCED_FACE('',(#275),#148,.T.);
#2742=ADVANCED_FACE('',(#276),#2628,.T.);
#2743=ADVANCED_FACE('',(#277),#149,.T.);
#2744=ADVANCED_FACE('',(#278),#2629,.T.);
#2745=ADVANCED_FACE('',(#279),#150,.T.);
#2746=ADVANCED_FACE('',(#280),#2630,.T.);
#2747=ADVANCED_FACE('',(#281),#151,.T.);
#2748=ADVANCED_FACE('',(#282),#2631,.F.);
#2749=ADVANCED_FACE('',(#283),#2632,.T.);
#2750=ADVANCED_FACE('',(#284,#71),#152,.T.);
#2751=ADVANCED_FACE('',(#285,#72),#153,.T.);
#2752=ADVANCED_FACE('',(#286),#2633,.F.);
#2753=ADVANCED_FACE('',(#287),#2634,.T.);
#2754=ADVANCED_FACE('',(#288,#73),#154,.T.);
#2755=ADVANCED_FACE('',(#289,#74),#155,.T.);
#2756=ADVANCED_FACE('',(#290),#2635,.F.);
#2757=ADVANCED_FACE('',(#291),#2636,.T.);
#2758=ADVANCED_FACE('',(#292,#75),#156,.T.);
#2759=ADVANCED_FACE('',(#293,#76),#157,.T.);
#2760=ADVANCED_FACE('',(#294),#2637,.F.);
#2761=ADVANCED_FACE('',(#295),#2638,.T.);
#2762=ADVANCED_FACE('',(#296,#77),#158,.T.);
#2763=ADVANCED_FACE('',(#297,#78,#79,#80,#81,#82,#83,#84,#85,#86,#87,#88,
#89),#159,.T.);
#2764=ADVANCED_FACE('',(#298),#160,.T.);
#2765=ADVANCED_FACE('',(#299),#161,.T.);
#2766=ADVANCED_FACE('',(#300),#2639,.F.);
#2767=ADVANCED_FACE('',(#301),#2640,.F.);
#2768=ADVANCED_FACE('',(#302),#2641,.F.);
#2769=ADVANCED_FACE('',(#303),#2642,.F.);
#2770=ADVANCED_FACE('',(#304),#2643,.T.);
#2771=ADVANCED_FACE('',(#305),#162,.T.);
#2772=ADVANCED_FACE('',(#306),#163,.T.);
#2773=ADVANCED_FACE('',(#307),#164,.T.);
#2774=ADVANCED_FACE('',(#308),#165,.T.);
#2775=ADVANCED_FACE('',(#309),#166,.T.);
#2776=ADVANCED_FACE('',(#310),#2644,.T.);
#2777=ADVANCED_FACE('',(#311),#167,.T.);
#2778=ADVANCED_FACE('',(#312),#168,.T.);
#2779=ADVANCED_FACE('',(#313),#169,.T.);
#2780=ADVANCED_FACE('',(#314),#170,.T.);
#2781=ADVANCED_FACE('',(#315),#2645,.T.);
#2782=ADVANCED_FACE('',(#316),#171,.T.);
#2783=ADVANCED_FACE('',(#317),#172,.T.);
#2784=ADVANCED_FACE('',(#318),#173,.T.);
#2785=ADVANCED_FACE('',(#319),#174,.T.);
#2786=ADVANCED_FACE('',(#320),#175,.T.);
#2787=ADVANCED_FACE('',(#321),#2646,.T.);
#2788=ADVANCED_FACE('',(#322),#176,.T.);
#2789=ADVANCED_FACE('',(#323),#177,.T.);
#2790=ADVANCED_FACE('',(#324),#178,.T.);
#2791=ADVANCED_FACE('',(#325),#179,.T.);
#2792=ADVANCED_FACE('',(#326,#90),#180,.T.);
#2793=CLOSED_SHELL('',(#2647,#2648,#2649,#2650,#2651,#2652,#2653,#2654,
#2655,#2656,#2657,#2658,#2659,#2660,#2661,#2662,#2663,#2664,#2665,#2666,
#2667,#2668,#2669,#2670,#2671,#2672,#2673,#2674,#2675,#2676,#2677,#2678,
#2679,#2680,#2681,#2682,#2683,#2684,#2685,#2686,#2687,#2688,#2689,#2690,
#2691,#2692,#2693,#2694,#2695,#2696,#2697,#2698,#2699,#2700,#2701,#2702,
#2703,#2704,#2705,#2706,#2707,#2708,#2709,#2710,#2711,#2712,#2713,#2714,
#2715,#2716,#2717,#2718,#2719,#2720,#2721,#2722,#2723,#2724,#2725,#2726,
#2727,#2728,#2729,#2730,#2731,#2732,#2733,#2734,#2735,#2736,#2737,#2738,
#2739,#2740,#2741,#2742,#2743,#2744,#2745,#2746,#2747,#2748,#2749,#2750,
#2751,#2752,#2753,#2754,#2755,#2756,#2757,#2758,#2759,#2760,#2761,#2762,
#2763,#2764,#2765,#2766,#2767,#2768,#2769,#2770,#2771,#2772,#2773,#2774,
#2775,#2776,#2777,#2778,#2779,#2780,#2781,#2782,#2783,#2784,#2785,#2786,
#2787,#2788,#2789,#2790,#2791,#2792));
#2794=DERIVED_UNIT_ELEMENT(#2796,1.);
#2795=DERIVED_UNIT_ELEMENT(#4663,-3.);
#2796=(
MASS_UNIT()
NAMED_UNIT(*)
SI_UNIT(.KILO.,.GRAM.)
);
#2797=DERIVED_UNIT((#2794,#2795));
#2798=MEASURE_REPRESENTATION_ITEM('density measure',
POSITIVE_RATIO_MEASURE(7850.),#2797);
#2799=PROPERTY_DEFINITION_REPRESENTATION(#2804,#2801);
#2800=PROPERTY_DEFINITION_REPRESENTATION(#2805,#2802);
#2801=REPRESENTATION('material name',(#2803),#4660);
#2802=REPRESENTATION('density',(#2798),#4660);
#2803=DESCRIPTIVE_REPRESENTATION_ITEM('Steel','Steel');
#2804=PROPERTY_DEFINITION('material property','material name',#4675);
#2805=PROPERTY_DEFINITION('material property','density of part',#4675);
#2806=AXIS2_PLACEMENT_3D('',#3871,#3073,#3074);
#2807=AXIS2_PLACEMENT_3D('',#3872,#3075,#3076);
#2808=AXIS2_PLACEMENT_3D('',#3873,#3077,#3078);
#2809=AXIS2_PLACEMENT_3D('',#3875,#3079,#3080);
#2810=AXIS2_PLACEMENT_3D('',#3878,#3082,#3083);
#2811=AXIS2_PLACEMENT_3D('',#3879,#3084,#3085);
#2812=AXIS2_PLACEMENT_3D('',#3881,#3086,#3087);
#2813=AXIS2_PLACEMENT_3D('',#3884,#3089,#3090);
#2814=AXIS2_PLACEMENT_3D('',#3885,#3091,#3092);
#2815=AXIS2_PLACEMENT_3D('',#3887,#3093,#3094);
#2816=AXIS2_PLACEMENT_3D('',#3890,#3096,#3097);
#2817=AXIS2_PLACEMENT_3D('',#3891,#3098,#3099);
#2818=AXIS2_PLACEMENT_3D('',#3893,#3100,#3101);
#2819=AXIS2_PLACEMENT_3D('',#3896,#3103,#3104);
#2820=AXIS2_PLACEMENT_3D('',#3897,#3105,#3106);
#2821=AXIS2_PLACEMENT_3D('',#3900,#3107,#3108);
#2822=AXIS2_PLACEMENT_3D('',#3904,#3110,#3111);
#2823=AXIS2_PLACEMENT_3D('',#3906,#3113,#3114);
#2824=AXIS2_PLACEMENT_3D('',#3909,#3115,#3116);
#2825=AXIS2_PLACEMENT_3D('',#3913,#3118,#3119);
#2826=AXIS2_PLACEMENT_3D('',#3915,#3121,#3122);
#2827=AXIS2_PLACEMENT_3D('',#3918,#3123,#3124);
#2828=AXIS2_PLACEMENT_3D('',#3922,#3126,#3127);
#2829=AXIS2_PLACEMENT_3D('',#3924,#3129,#3130);
#2830=AXIS2_PLACEMENT_3D('',#3927,#3131,#3132);
#2831=AXIS2_PLACEMENT_3D('',#3931,#3134,#3135);
#2832=AXIS2_PLACEMENT_3D('',#3933,#3137,#3138);
#2833=AXIS2_PLACEMENT_3D('',#3936,#3139,#3140);
#2834=AXIS2_PLACEMENT_3D('',#3940,#3142,#3143);
#2835=AXIS2_PLACEMENT_3D('',#3942,#3145,#3146);
#2836=AXIS2_PLACEMENT_3D('',#3945,#3147,#3148);
#2837=AXIS2_PLACEMENT_3D('',#3949,#3150,#3151);
#2838=AXIS2_PLACEMENT_3D('',#3951,#3153,#3154);
#2839=AXIS2_PLACEMENT_3D('',#3954,#3155,#3156);
#2840=AXIS2_PLACEMENT_3D('',#3958,#3158,#3159);
#2841=AXIS2_PLACEMENT_3D('',#3960,#3161,#3162);
#2842=AXIS2_PLACEMENT_3D('',#3963,#3163,#3164);
#2843=AXIS2_PLACEMENT_3D('',#3967,#3166,#3167);
#2844=AXIS2_PLACEMENT_3D('',#3969,#3169,#3170);
#2845=AXIS2_PLACEMENT_3D('',#3972,#3171,#3172);
#2846=AXIS2_PLACEMENT_3D('',#3976,#3174,#3175);
#2847=AXIS2_PLACEMENT_3D('',#3978,#3177,#3178);
#2848=AXIS2_PLACEMENT_3D('',#3981,#3179,#3180);
#2849=AXIS2_PLACEMENT_3D('',#3985,#3182,#3183);
#2850=AXIS2_PLACEMENT_3D('',#3987,#3185,#3186);
#2851=AXIS2_PLACEMENT_3D('',#3990,#3187,#3188);
#2852=AXIS2_PLACEMENT_3D('',#3994,#3190,#3191);
#2853=AXIS2_PLACEMENT_3D('',#3996,#3193,#3194);
#2854=AXIS2_PLACEMENT_3D('',#3999,#3195,#3196);
#2855=AXIS2_PLACEMENT_3D('',#4003,#3198,#3199);
#2856=AXIS2_PLACEMENT_3D('',#4005,#3201,#3202);
#2857=AXIS2_PLACEMENT_3D('',#4008,#3203,#3204);
#2858=AXIS2_PLACEMENT_3D('',#4012,#3206,#3207);
#2859=AXIS2_PLACEMENT_3D('',#4014,#3209,#3210);
#2860=AXIS2_PLACEMENT_3D('',#4020,#3214,#3215);
#2861=AXIS2_PLACEMENT_3D('',#4029,#3220,#3221);
#2862=AXIS2_PLACEMENT_3D('',#4035,#3225,#3226);
#2863=AXIS2_PLACEMENT_3D('',#4041,#3230,#3231);
#2864=AXIS2_PLACEMENT_3D('',#4044,#3234,#3235);
#2865=AXIS2_PLACEMENT_3D('',#4050,#3239,#3240);
#2866=AXIS2_PLACEMENT_3D('',#4053,#3243,#3244);
#2867=AXIS2_PLACEMENT_3D('',#4056,#3247,#3248);
#2868=AXIS2_PLACEMENT_3D('',#4058,#3249,#3250);
#2869=AXIS2_PLACEMENT_3D('',#4059,#3251,#3252);
#2870=AXIS2_PLACEMENT_3D('',#4060,#3253,#3254);
#2871=AXIS2_PLACEMENT_3D('',#4066,#3258,#3259);
#2872=AXIS2_PLACEMENT_3D('',#4072,#3263,#3264);
#2873=AXIS2_PLACEMENT_3D('',#4075,#3267,#3268);
#2874=AXIS2_PLACEMENT_3D('',#4081,#3272,#3273);
#2875=AXIS2_PLACEMENT_3D('',#4084,#3276,#3277);
#2876=AXIS2_PLACEMENT_3D('',#4090,#3281,#3282);
#2877=AXIS2_PLACEMENT_3D('',#4093,#3285,#3286);
#2878=AXIS2_PLACEMENT_3D('',#4096,#3289,#3290);
#2879=AXIS2_PLACEMENT_3D('',#4098,#3291,#3292);
#2880=AXIS2_PLACEMENT_3D('',#4099,#3293,#3294);
#2881=AXIS2_PLACEMENT_3D('',#4108,#3299,#3300);
#2882=AXIS2_PLACEMENT_3D('',#4114,#3304,#3305);
#2883=AXIS2_PLACEMENT_3D('',#4117,#3308,#3309);
#2884=AXIS2_PLACEMENT_3D('',#4123,#3313,#3314);
#2885=AXIS2_PLACEMENT_3D('',#4126,#3317,#3318);
#2886=AXIS2_PLACEMENT_3D('',#4132,#3322,#3323);
#2887=AXIS2_PLACEMENT_3D('',#4135,#3326,#3327);
#2888=AXIS2_PLACEMENT_3D('',#4141,#3331,#3332);
#2889=AXIS2_PLACEMENT_3D('',#4143,#3333,#3334);
#2890=AXIS2_PLACEMENT_3D('',#4144,#3335,#3336);
#2891=AXIS2_PLACEMENT_3D('',#4145,#3337,#3338);
#2892=AXIS2_PLACEMENT_3D('',#4146,#3339,#3340);
#2893=AXIS2_PLACEMENT_3D('',#4147,#3341,#3342);
#2894=AXIS2_PLACEMENT_3D('',#4153,#3346,#3347);
#2895=AXIS2_PLACEMENT_3D('',#4162,#3352,#3353);
#2896=AXIS2_PLACEMENT_3D('',#4168,#3357,#3358);
#2897=AXIS2_PLACEMENT_3D('',#4174,#3362,#3363);
#2898=AXIS2_PLACEMENT_3D('',#4177,#3366,#3367);
#2899=AXIS2_PLACEMENT_3D('',#4183,#3371,#3372);
#2900=AXIS2_PLACEMENT_3D('',#4186,#3375,#3376);
#2901=AXIS2_PLACEMENT_3D('',#4189,#3379,#3380);
#2902=AXIS2_PLACEMENT_3D('',#4191,#3381,#3382);
#2903=AXIS2_PLACEMENT_3D('',#4192,#3383,#3384);
#2904=AXIS2_PLACEMENT_3D('',#4193,#3385,#3386);
#2905=AXIS2_PLACEMENT_3D('',#4195,#3387,#3388);
#2906=AXIS2_PLACEMENT_3D('',#4196,#3389,#3390);
#2907=AXIS2_PLACEMENT_3D('',#4198,#3391,#3392);
#2908=AXIS2_PLACEMENT_3D('',#4199,#3393,#3394);
#2909=AXIS2_PLACEMENT_3D('',#4200,#3395,#3396);
#2910=AXIS2_PLACEMENT_3D('',#4201,#3397,#3398);
#2911=AXIS2_PLACEMENT_3D('',#4203,#3399,#3400);
#2912=AXIS2_PLACEMENT_3D('',#4204,#3401,#3402);
#2913=AXIS2_PLACEMENT_3D('',#4205,#3403,#3404);
#2914=AXIS2_PLACEMENT_3D('',#4206,#3405,#3406);
#2915=AXIS2_PLACEMENT_3D('',#4208,#3407,#3408);
#2916=AXIS2_PLACEMENT_3D('',#4209,#3409,#3410);
#2917=AXIS2_PLACEMENT_3D('',#4212,#3411,#3412);
#2918=AXIS2_PLACEMENT_3D('',#4222,#3417,#3418);
#2919=AXIS2_PLACEMENT_3D('',#4226,#3420,#3421);
#2920=AXIS2_PLACEMENT_3D('',#4236,#3426,#3427);
#2921=AXIS2_PLACEMENT_3D('',#4246,#3432,#3433);
#2922=AXIS2_PLACEMENT_3D('',#4250,#3435,#3436);
#2923=AXIS2_PLACEMENT_3D('',#4260,#3441,#3442);
#2924=AXIS2_PLACEMENT_3D('',#4270,#3447,#3448);
#2925=AXIS2_PLACEMENT_3D('',#4274,#3450,#3451);
#2926=AXIS2_PLACEMENT_3D('',#4284,#3456,#3457);
#2927=AXIS2_PLACEMENT_3D('',#4294,#3462,#3463);
#2928=AXIS2_PLACEMENT_3D('',#4298,#3465,#3466);
#2929=AXIS2_PLACEMENT_3D('',#4307,#3471,#3472);
#2930=AXIS2_PLACEMENT_3D('',#4309,#3473,#3474);
#2931=AXIS2_PLACEMENT_3D('',#4311,#3475,#3476);
#2932=AXIS2_PLACEMENT_3D('',#4313,#3477,#3478);
#2933=AXIS2_PLACEMENT_3D('',#4315,#3479,#3480);
#2934=AXIS2_PLACEMENT_3D('',#4317,#3481,#3482);
#2935=AXIS2_PLACEMENT_3D('',#4319,#3483,#3484);
#2936=AXIS2_PLACEMENT_3D('',#4321,#3485,#3486);
#2937=AXIS2_PLACEMENT_3D('',#4322,#3487,#3488);
#2938=AXIS2_PLACEMENT_3D('',#4325,#3489,#3490);
#2939=AXIS2_PLACEMENT_3D('',#4328,#3493,#3494);
#2940=AXIS2_PLACEMENT_3D('',#4332,#3497,#3498);
#2941=AXIS2_PLACEMENT_3D('',#4334,#3499,#3500);
#2942=AXIS2_PLACEMENT_3D('',#4336,#3502,#3503);
#2943=AXIS2_PLACEMENT_3D('',#4339,#3504,#3505);
#2944=AXIS2_PLACEMENT_3D('',#4342,#3508,#3509);
#2945=AXIS2_PLACEMENT_3D('',#4346,#3512,#3513);
#2946=AXIS2_PLACEMENT_3D('',#4348,#3514,#3515);
#2947=AXIS2_PLACEMENT_3D('',#4350,#3517,#3518);
#2948=AXIS2_PLACEMENT_3D('',#4353,#3519,#3520);
#2949=AXIS2_PLACEMENT_3D('',#4356,#3523,#3524);
#2950=AXIS2_PLACEMENT_3D('',#4360,#3527,#3528);
#2951=AXIS2_PLACEMENT_3D('',#4362,#3529,#3530);
#2952=AXIS2_PLACEMENT_3D('',#4364,#3532,#3533);
#2953=AXIS2_PLACEMENT_3D('',#4367,#3534,#3535);
#2954=AXIS2_PLACEMENT_3D('',#4370,#3538,#3539);
#2955=AXIS2_PLACEMENT_3D('',#4374,#3542,#3543);
#2956=AXIS2_PLACEMENT_3D('',#4381,#3547,#3548);
#2957=AXIS2_PLACEMENT_3D('',#4383,#3549,#3550);
#2958=AXIS2_PLACEMENT_3D('',#4385,#3551,#3552);
#2959=AXIS2_PLACEMENT_3D('',#4386,#3553,#3554);
#2960=AXIS2_PLACEMENT_3D('',#4388,#3556,#3557);
#2961=AXIS2_PLACEMENT_3D('',#4390,#3558,#3559);
#2962=AXIS2_PLACEMENT_3D('',#4392,#3561,#3562);
#2963=AXIS2_PLACEMENT_3D('',#4394,#3563,#3564);
#2964=AXIS2_PLACEMENT_3D('',#4396,#3566,#3567);
#2965=AXIS2_PLACEMENT_3D('',#4400,#3570,#3571);
#2966=AXIS2_PLACEMENT_3D('',#4404,#3574,#3575);
#2967=AXIS2_PLACEMENT_3D('',#4406,#3577,#3578);
#2968=AXIS2_PLACEMENT_3D('',#4408,#3579,#3580);
#2969=AXIS2_PLACEMENT_3D('',#4410,#3582,#3583);
#2970=AXIS2_PLACEMENT_3D('',#4412,#3584,#3585);
#2971=AXIS2_PLACEMENT_3D('',#4414,#3587,#3588);
#2972=AXIS2_PLACEMENT_3D('',#4418,#3591,#3592);
#2973=AXIS2_PLACEMENT_3D('',#4422,#3595,#3596);
#2974=AXIS2_PLACEMENT_3D('',#4424,#3598,#3599);
#2975=AXIS2_PLACEMENT_3D('',#4426,#3600,#3601);
#2976=AXIS2_PLACEMENT_3D('',#4428,#3603,#3604);
#2977=AXIS2_PLACEMENT_3D('',#4430,#3605,#3606);
#2978=AXIS2_PLACEMENT_3D('',#4432,#3608,#3609);
#2979=AXIS2_PLACEMENT_3D('',#4436,#3612,#3613);
#2980=AXIS2_PLACEMENT_3D('',#4440,#3616,#3617);
#2981=AXIS2_PLACEMENT_3D('',#4442,#3619,#3620);
#2982=AXIS2_PLACEMENT_3D('',#4444,#3622,#3623);
#2983=AXIS2_PLACEMENT_3D('',#4446,#3625,#3626);
#2984=AXIS2_PLACEMENT_3D('',#4448,#3628,#3629);
#2985=AXIS2_PLACEMENT_3D('',#4450,#3631,#3632);
#2986=AXIS2_PLACEMENT_3D('',#4452,#3633,#3634);
#2987=AXIS2_PLACEMENT_3D('',#4455,#3636,#3637);
#2988=AXIS2_PLACEMENT_3D('',#4456,#3638,#3639);
#2989=AXIS2_PLACEMENT_3D('',#4457,#3640,#3641);
#2990=AXIS2_PLACEMENT_3D('',#4459,#3642,#3643);
#2991=AXIS2_PLACEMENT_3D('',#4462,#3645,#3646);
#2992=AXIS2_PLACEMENT_3D('',#4463,#3647,#3648);
#2993=AXIS2_PLACEMENT_3D('',#4464,#3649,#3650);
#2994=AXIS2_PLACEMENT_3D('',#4466,#3651,#3652);
#2995=AXIS2_PLACEMENT_3D('',#4469,#3654,#3655);
#2996=AXIS2_PLACEMENT_3D('',#4470,#3656,#3657);
#2997=AXIS2_PLACEMENT_3D('',#4471,#3658,#3659);
#2998=AXIS2_PLACEMENT_3D('',#4473,#3660,#3661);
#2999=AXIS2_PLACEMENT_3D('',#4476,#3663,#3664);
#3000=AXIS2_PLACEMENT_3D('',#4477,#3665,#3666);
#3001=AXIS2_PLACEMENT_3D('',#4478,#3667,#3668);
#3002=AXIS2_PLACEMENT_3D('',#4480,#3669,#3670);
#3003=AXIS2_PLACEMENT_3D('',#4483,#3672,#3673);
#3004=AXIS2_PLACEMENT_3D('',#4484,#3674,#3675);
#3005=AXIS2_PLACEMENT_3D('',#4486,#3676,#3677);
#3006=AXIS2_PLACEMENT_3D('',#4489,#3679,#3680);
#3007=AXIS2_PLACEMENT_3D('',#4490,#3681,#3682);
#3008=AXIS2_PLACEMENT_3D('',#4491,#3683,#3684);
#3009=AXIS2_PLACEMENT_3D('',#4492,#3685,#3686);
#3010=AXIS2_PLACEMENT_3D('',#4494,#3687,#3688);
#3011=AXIS2_PLACEMENT_3D('',#4497,#3690,#3691);
#3012=AXIS2_PLACEMENT_3D('',#4498,#3692,#3693);
#3013=AXIS2_PLACEMENT_3D('',#4500,#3694,#3695);
#3014=AXIS2_PLACEMENT_3D('',#4503,#3697,#3698);
#3015=AXIS2_PLACEMENT_3D('',#4504,#3699,#3700);
#3016=AXIS2_PLACEMENT_3D('',#4505,#3701,#3702);
#3017=AXIS2_PLACEMENT_3D('',#4506,#3703,#3704);
#3018=AXIS2_PLACEMENT_3D('',#4508,#3705,#3706);
#3019=AXIS2_PLACEMENT_3D('',#4511,#3708,#3709);
#3020=AXIS2_PLACEMENT_3D('',#4512,#3710,#3711);
#3021=AXIS2_PLACEMENT_3D('',#4514,#3712,#3713);
#3022=AXIS2_PLACEMENT_3D('',#4517,#3715,#3716);
#3023=AXIS2_PLACEMENT_3D('',#4518,#3717,#3718);
#3024=AXIS2_PLACEMENT_3D('',#4519,#3719,#3720);
#3025=AXIS2_PLACEMENT_3D('',#4520,#3721,#3722);
#3026=AXIS2_PLACEMENT_3D('',#4522,#3723,#3724);
#3027=AXIS2_PLACEMENT_3D('',#4525,#3726,#3727);
#3028=AXIS2_PLACEMENT_3D('',#4526,#3728,#3729);
#3029=AXIS2_PLACEMENT_3D('',#4528,#3730,#3731);
#3030=AXIS2_PLACEMENT_3D('',#4531,#3733,#3734);
#3031=AXIS2_PLACEMENT_3D('',#4532,#3735,#3736);
#3032=AXIS2_PLACEMENT_3D('',#4533,#3737,#3738);
#3033=AXIS2_PLACEMENT_3D('',#4546,#3744,#3745);
#3034=AXIS2_PLACEMENT_3D('',#4548,#3746,#3747);
#3035=AXIS2_PLACEMENT_3D('',#4560,#3753,#3754);
#3036=AXIS2_PLACEMENT_3D('',#4572,#3760,#3761);
#3037=AXIS2_PLACEMENT_3D('',#4584,#3767,#3768);
#3038=AXIS2_PLACEMENT_3D('',#4585,#3769,#3770);
#3039=AXIS2_PLACEMENT_3D('',#4587,#3771,#3772);
#3040=AXIS2_PLACEMENT_3D('',#4589,#3773,#3774);
#3041=AXIS2_PLACEMENT_3D('',#4591,#3775,#3776);
#3042=AXIS2_PLACEMENT_3D('',#4593,#3777,#3778);
#3043=AXIS2_PLACEMENT_3D('',#4594,#3779,#3780);
#3044=AXIS2_PLACEMENT_3D('',#4597,#3783,#3784);
#3045=AXIS2_PLACEMENT_3D('',#4600,#3787,#3788);
#3046=AXIS2_PLACEMENT_3D('',#4602,#3790,#3791);
#3047=AXIS2_PLACEMENT_3D('',#4604,#3793,#3794);
#3048=AXIS2_PLACEMENT_3D('',#4606,#3796,#3797);
#3049=AXIS2_PLACEMENT_3D('',#4608,#3799,#3800);
#3050=AXIS2_PLACEMENT_3D('',#4612,#3804,#3805);
#3051=AXIS2_PLACEMENT_3D('',#4614,#3807,#3808);
#3052=AXIS2_PLACEMENT_3D('',#4616,#3810,#3811);
#3053=AXIS2_PLACEMENT_3D('',#4618,#3813,#3814);
#3054=AXIS2_PLACEMENT_3D('',#4620,#3816,#3817);
#3055=AXIS2_PLACEMENT_3D('',#4622,#3819,#3820);
#3056=AXIS2_PLACEMENT_3D('',#4625,#3823,#3824);
#3057=AXIS2_PLACEMENT_3D('',#4626,#3825,#3826);
#3058=AXIS2_PLACEMENT_3D('',#4628,#3828,#3829);
#3059=AXIS2_PLACEMENT_3D('',#4630,#3831,#3832);
#3060=AXIS2_PLACEMENT_3D('',#4632,#3834,#3835);
#3061=AXIS2_PLACEMENT_3D('',#4635,#3838,#3839);
#3062=AXIS2_PLACEMENT_3D('',#4637,#3841,#3842);
#3063=AXIS2_PLACEMENT_3D('',#4639,#3844,#3845);
#3064=AXIS2_PLACEMENT_3D('',#4641,#3847,#3848);
#3065=AXIS2_PLACEMENT_3D('',#4643,#3850,#3851);
#3066=AXIS2_PLACEMENT_3D('',#4645,#3853,#3854);
#3067=AXIS2_PLACEMENT_3D('',#4648,#3857,#3858);
#3068=AXIS2_PLACEMENT_3D('',#4649,#3859,#3860);
#3069=AXIS2_PLACEMENT_3D('',#4651,#3862,#3863);
#3070=AXIS2_PLACEMENT_3D('',#4653,#3865,#3866);
#3071=AXIS2_PLACEMENT_3D('',#4654,#3867,#3868);
#3072=AXIS2_PLACEMENT_3D('',#4655,#3869,#3870);
#3073=DIRECTION('axis',(0.,0.,1.));
#3074=DIRECTION('refdir',(1.,0.,0.));
#3075=DIRECTION('axis',(0.,0.,1.));
#3076=DIRECTION('refdir',(1.,0.,0.));
#3077=DIRECTION('center_axis',(0.,0.,-1.));
#3078=DIRECTION('ref_axis',(-1.,0.,0.));
#3079=DIRECTION('center_axis',(0.,0.,-1.));
#3080=DIRECTION('ref_axis',(-1.,0.,0.));
#3081=DIRECTION('',(0.,0.,-1.));
#3082=DIRECTION('center_axis',(0.,0.,1.));
#3083=DIRECTION('ref_axis',(-1.,0.,0.));
#3084=DIRECTION('center_axis',(0.,0.,-1.));
#3085=DIRECTION('ref_axis',(-1.,0.,0.));
#3086=DIRECTION('center_axis',(0.,0.,-1.));
#3087=DIRECTION('ref_axis',(-1.,0.,0.));
#3088=DIRECTION('',(0.,0.,-1.));
#3089=DIRECTION('center_axis',(0.,0.,1.));
#3090=DIRECTION('ref_axis',(-1.,0.,0.));
#3091=DIRECTION('center_axis',(0.,0.,-1.));
#3092=DIRECTION('ref_axis',(-1.,0.,0.));
#3093=DIRECTION('center_axis',(0.,0.,-1.));
#3094=DIRECTION('ref_axis',(-1.,0.,0.));
#3095=DIRECTION('',(0.,0.,-1.));
#3096=DIRECTION('center_axis',(0.,0.,1.));
#3097=DIRECTION('ref_axis',(-1.,0.,0.));
#3098=DIRECTION('center_axis',(0.,0.,-1.));
#3099=DIRECTION('ref_axis',(-1.,0.,0.));
#3100=DIRECTION('center_axis',(0.,0.,-1.));
#3101=DIRECTION('ref_axis',(-1.,0.,0.));
#3102=DIRECTION('',(0.,0.,-1.));
#3103=DIRECTION('center_axis',(0.,0.,1.));
#3104=DIRECTION('ref_axis',(-1.,0.,0.));
#3105=DIRECTION('center_axis',(0.,0.,-1.));
#3106=DIRECTION('ref_axis',(-1.,0.,0.));
#3107=DIRECTION('center_axis',(0.,0.,1.));
#3108=DIRECTION('ref_axis',(-1.,0.,0.));
#3109=DIRECTION('',(0.,0.,-1.));
#3110=DIRECTION('center_axis',(0.,0.,1.));
#3111=DIRECTION('ref_axis',(-1.,0.,0.));
#3112=DIRECTION('',(0.,0.,1.));
#3113=DIRECTION('center_axis',(0.,0.,-1.));
#3114=DIRECTION('ref_axis',(-1.,0.,0.));
#3115=DIRECTION('center_axis',(0.,0.,1.));
#3116=DIRECTION('ref_axis',(-1.,0.,0.));
#3117=DIRECTION('',(0.,0.,-1.));
#3118=DIRECTION('center_axis',(0.,0.,1.));
#3119=DIRECTION('ref_axis',(-1.,0.,0.));
#3120=DIRECTION('',(0.,0.,1.));
#3121=DIRECTION('center_axis',(0.,0.,-1.));
#3122=DIRECTION('ref_axis',(-1.,0.,0.));
#3123=DIRECTION('center_axis',(0.,0.,1.));
#3124=DIRECTION('ref_axis',(-1.,0.,0.));
#3125=DIRECTION('',(0.,0.,-1.));
#3126=DIRECTION('center_axis',(0.,0.,1.));
#3127=DIRECTION('ref_axis',(-1.,0.,0.));
#3128=DIRECTION('',(0.,0.,1.));
#3129=DIRECTION('center_axis',(0.,0.,-1.));
#3130=DIRECTION('ref_axis',(-1.,0.,0.));
#3131=DIRECTION('center_axis',(0.,0.,1.));
#3132=DIRECTION('ref_axis',(-1.,0.,0.));
#3133=DIRECTION('',(0.,0.,-1.));
#3134=DIRECTION('center_axis',(0.,0.,1.));
#3135=DIRECTION('ref_axis',(-1.,0.,0.));
#3136=DIRECTION('',(0.,0.,1.));
#3137=DIRECTION('center_axis',(0.,0.,-1.));
#3138=DIRECTION('ref_axis',(-1.,0.,0.));
#3139=DIRECTION('center_axis',(0.,0.,1.));
#3140=DIRECTION('ref_axis',(-1.,0.,0.));
#3141=DIRECTION('',(0.,0.,-1.));
#3142=DIRECTION('center_axis',(0.,0.,1.));
#3143=DIRECTION('ref_axis',(-1.,0.,0.));
#3144=DIRECTION('',(0.,0.,1.));
#3145=DIRECTION('center_axis',(0.,0.,-1.));
#3146=DIRECTION('ref_axis',(-1.,0.,0.));
#3147=DIRECTION('center_axis',(0.,0.,1.));
#3148=DIRECTION('ref_axis',(-1.,0.,0.));
#3149=DIRECTION('',(0.,0.,-1.));
#3150=DIRECTION('center_axis',(0.,0.,1.));
#3151=DIRECTION('ref_axis',(-1.,0.,0.));
#3152=DIRECTION('',(0.,0.,1.));
#3153=DIRECTION('center_axis',(0.,0.,-1.));
#3154=DIRECTION('ref_axis',(-1.,0.,0.));
#3155=DIRECTION('center_axis',(0.,0.,1.));
#3156=DIRECTION('ref_axis',(-1.,0.,0.));
#3157=DIRECTION('',(0.,0.,-1.));
#3158=DIRECTION('center_axis',(0.,0.,1.));
#3159=DIRECTION('ref_axis',(-1.,0.,0.));
#3160=DIRECTION('',(0.,0.,1.));
#3161=DIRECTION('center_axis',(0.,0.,-1.));
#3162=DIRECTION('ref_axis',(-1.,0.,0.));
#3163=DIRECTION('center_axis',(0.,0.,1.));
#3164=DIRECTION('ref_axis',(-1.,0.,0.));
#3165=DIRECTION('',(0.,0.,-1.));
#3166=DIRECTION('center_axis',(0.,0.,1.));
#3167=DIRECTION('ref_axis',(-1.,0.,0.));
#3168=DIRECTION('',(0.,0.,1.));
#3169=DIRECTION('center_axis',(0.,0.,-1.));
#3170=DIRECTION('ref_axis',(-1.,0.,0.));
#3171=DIRECTION('center_axis',(0.,0.,1.));
#3172=DIRECTION('ref_axis',(-1.,0.,0.));
#3173=DIRECTION('',(0.,0.,-1.));
#3174=DIRECTION('center_axis',(0.,0.,1.));
#3175=DIRECTION('ref_axis',(-1.,0.,0.));
#3176=DIRECTION('',(0.,0.,1.));
#3177=DIRECTION('center_axis',(0.,0.,-1.));
#3178=DIRECTION('ref_axis',(-1.,0.,0.));
#3179=DIRECTION('center_axis',(0.,0.,1.));
#3180=DIRECTION('ref_axis',(-1.,0.,0.));
#3181=DIRECTION('',(0.,0.,-1.));
#3182=DIRECTION('center_axis',(0.,0.,1.));
#3183=DIRECTION('ref_axis',(-1.,0.,0.));
#3184=DIRECTION('',(0.,0.,1.));
#3185=DIRECTION('center_axis',(0.,0.,-1.));
#3186=DIRECTION('ref_axis',(-1.,0.,0.));
#3187=DIRECTION('center_axis',(0.,0.,1.));
#3188=DIRECTION('ref_axis',(-1.,0.,0.));
#3189=DIRECTION('',(0.,0.,-1.));
#3190=DIRECTION('center_axis',(0.,0.,1.));
#3191=DIRECTION('ref_axis',(-1.,0.,0.));
#3192=DIRECTION('',(0.,0.,1.));
#3193=DIRECTION('center_axis',(0.,0.,-1.));
#3194=DIRECTION('ref_axis',(-1.,0.,0.));
#3195=DIRECTION('center_axis',(0.,0.,1.));
#3196=DIRECTION('ref_axis',(-1.,0.,0.));
#3197=DIRECTION('',(0.,0.,-1.));
#3198=DIRECTION('center_axis',(0.,0.,1.));
#3199=DIRECTION('ref_axis',(-1.,0.,0.));
#3200=DIRECTION('',(0.,0.,1.));
#3201=DIRECTION('center_axis',(0.,0.,-1.));
#3202=DIRECTION('ref_axis',(-1.,0.,0.));
#3203=DIRECTION('center_axis',(0.,0.,1.));
#3204=DIRECTION('ref_axis',(-1.,0.,0.));
#3205=DIRECTION('',(0.,0.,-1.));
#3206=DIRECTION('center_axis',(0.,0.,1.));
#3207=DIRECTION('ref_axis',(-1.,0.,0.));
#3208=DIRECTION('',(0.,0.,1.));
#3209=DIRECTION('center_axis',(-1.,0.,0.));
#3210=DIRECTION('ref_axis',(0.,-1.,0.));
#3211=DIRECTION('',(0.,1.,0.));
#3212=DIRECTION('',(0.,0.,1.));
#3213=DIRECTION('',(0.,-1.,0.));
#3214=DIRECTION('center_axis',(1.,0.,0.));
#3215=DIRECTION('ref_axis',(0.,1.,0.));
#3216=DIRECTION('',(0.,-1.,0.));
#3217=DIRECTION('',(0.,0.,-1.));
#3218=DIRECTION('',(0.,1.,0.));
#3219=DIRECTION('',(0.,0.,1.));
#3220=DIRECTION('center_axis',(0.,1.,0.));
#3221=DIRECTION('ref_axis',(-1.,0.,0.));
#3222=DIRECTION('',(-1.,0.,0.));
#3223=DIRECTION('',(-1.,0.,0.));
#3224=DIRECTION('',(0.,0.,1.));
#3225=DIRECTION('center_axis',(0.,-1.,0.));
#3226=DIRECTION('ref_axis',(1.,0.,0.));
#3227=DIRECTION('',(1.,0.,0.));
#3228=DIRECTION('',(1.,0.,0.));
#3229=DIRECTION('',(0.,0.,1.));
#3230=DIRECTION('center_axis',(1.,0.,0.));
#3231=DIRECTION('ref_axis',(0.,1.,0.));
#3232=DIRECTION('',(0.,-1.,0.));
#3233=DIRECTION('',(0.,1.,0.));
#3234=DIRECTION('center_axis',(-1.,0.,0.));
#3235=DIRECTION('ref_axis',(0.,-1.,0.));
#3236=DIRECTION('',(0.,1.,0.));
#3237=DIRECTION('',(0.,-1.,0.));
#3238=DIRECTION('',(0.,0.,1.));
#3239=DIRECTION('center_axis',(0.,-1.,0.));
#3240=DIRECTION('ref_axis',(1.,0.,0.));
#3241=DIRECTION('',(1.,0.,0.));
#3242=DIRECTION('',(1.,0.,0.));
#3243=DIRECTION('center_axis',(0.,1.,0.));
#3244=DIRECTION('ref_axis',(-1.,0.,0.));
#3245=DIRECTION('',(-1.,0.,0.));
#3246=DIRECTION('',(-1.,0.,0.));
#3247=DIRECTION('center_axis',(0.,0.,1.));
#3248=DIRECTION('ref_axis',(-1.,0.,0.));
#3249=DIRECTION('center_axis',(0.,0.,-1.));
#3250=DIRECTION('ref_axis',(-1.,0.,0.));
#3251=DIRECTION('center_axis',(0.,0.,1.));
#3252=DIRECTION('ref_axis',(-1.,0.,0.));
#3253=DIRECTION('center_axis',(0.,-1.,0.));
#3254=DIRECTION('ref_axis',(1.,0.,0.));
#3255=DIRECTION('',(-1.,0.,0.));
#3256=DIRECTION('',(0.,0.,1.));
#3257=DIRECTION('',(1.,0.,0.));
#3258=DIRECTION('center_axis',(0.,1.,0.));
#3259=DIRECTION('ref_axis',(-1.,0.,0.));
#3260=DIRECTION('',(1.,0.,0.));
#3261=DIRECTION('',(-1.,0.,0.));
#3262=DIRECTION('',(0.,0.,1.));
#3263=DIRECTION('center_axis',(-1.,0.,0.));
#3264=DIRECTION('ref_axis',(0.,-1.,0.));
#3265=DIRECTION('',(0.,1.,0.));
#3266=DIRECTION('',(0.,-1.,0.));
#3267=DIRECTION('center_axis',(1.,0.,0.));
#3268=DIRECTION('ref_axis',(0.,1.,0.));
#3269=DIRECTION('',(0.,-1.,0.));
#3270=DIRECTION('',(0.,1.,0.));
#3271=DIRECTION('',(0.,0.,1.));
#3272=DIRECTION('center_axis',(0.,1.,0.));
#3273=DIRECTION('ref_axis',(-1.,0.,0.));
#3274=DIRECTION('',(1.,0.,0.));
#3275=DIRECTION('',(-1.,0.,0.));
#3276=DIRECTION('center_axis',(0.,-1.,0.));
#3277=DIRECTION('ref_axis',(1.,0.,0.));
#3278=DIRECTION('',(-1.,0.,0.));
#3279=DIRECTION('',(1.,0.,0.));
#3280=DIRECTION('',(0.,0.,1.));
#3281=DIRECTION('center_axis',(1.,0.,0.));
#3282=DIRECTION('ref_axis',(0.,1.,0.));
#3283=DIRECTION('',(0.,-1.,0.));
#3284=DIRECTION('',(0.,1.,0.));
#3285=DIRECTION('center_axis',(-1.,0.,0.));
#3286=DIRECTION('ref_axis',(0.,-1.,0.));
#3287=DIRECTION('',(0.,1.,0.));
#3288=DIRECTION('',(0.,-1.,0.));
#3289=DIRECTION('center_axis',(0.,0.,1.));
#3290=DIRECTION('ref_axis',(-1.,0.,0.));
#3291=DIRECTION('center_axis',(0.,0.,-1.));
#3292=DIRECTION('ref_axis',(-1.,0.,0.));
#3293=DIRECTION('center_axis',(0.,1.,0.));
#3294=DIRECTION('ref_axis',(-1.,0.,0.));
#3295=DIRECTION('',(1.,0.,0.));
#3296=DIRECTION('',(0.,0.,1.));
#3297=DIRECTION('',(-1.,0.,0.));
#3298=DIRECTION('',(0.,0.,1.));
#3299=DIRECTION('center_axis',(0.,-1.,0.));
#3300=DIRECTION('ref_axis',(1.,0.,0.));
#3301=DIRECTION('',(-1.,0.,0.));
#3302=DIRECTION('',(1.,0.,0.));
#3303=DIRECTION('',(0.,0.,1.));
#3304=DIRECTION('center_axis',(1.,0.,0.));
#3305=DIRECTION('ref_axis',(0.,1.,0.));
#3306=DIRECTION('',(0.,-1.,0.));
#3307=DIRECTION('',(0.,1.,0.));
#3308=DIRECTION('center_axis',(-1.,0.,0.));
#3309=DIRECTION('ref_axis',(0.,-1.,0.));
#3310=DIRECTION('',(0.,1.,0.));
#3311=DIRECTION('',(0.,-1.,0.));
#3312=DIRECTION('',(0.,0.,1.));
#3313=DIRECTION('center_axis',(0.,-1.,0.));
#3314=DIRECTION('ref_axis',(1.,0.,0.));
#3315=DIRECTION('',(-1.,0.,0.));
#3316=DIRECTION('',(1.,0.,0.));
#3317=DIRECTION('center_axis',(0.,1.,0.));
#3318=DIRECTION('ref_axis',(-1.,0.,0.));
#3319=DIRECTION('',(1.,0.,0.));
#3320=DIRECTION('',(-1.,0.,0.));
#3321=DIRECTION('',(0.,0.,1.));
#3322=DIRECTION('center_axis',(-1.,0.,0.));
#3323=DIRECTION('ref_axis',(0.,-1.,0.));
#3324=DIRECTION('',(0.,1.,0.));
#3325=DIRECTION('',(0.,-1.,0.));
#3326=DIRECTION('center_axis',(1.,0.,0.));
#3327=DIRECTION('ref_axis',(0.,1.,0.));
#3328=DIRECTION('',(0.,-1.,0.));
#3329=DIRECTION('',(0.,0.,-1.));
#3330=DIRECTION('',(0.,1.,0.));
#3331=DIRECTION('center_axis',(0.,0.,1.));
#3332=DIRECTION('ref_axis',(-1.,0.,0.));
#3333=DIRECTION('center_axis',(0.,0.,-1.));
#3334=DIRECTION('ref_axis',(-1.,0.,0.));
#3335=DIRECTION('center_axis',(0.,0.,1.));
#3336=DIRECTION('ref_axis',(-1.,0.,0.));
#3337=DIRECTION('center_axis',(0.,0.,-1.));
#3338=DIRECTION('ref_axis',(-1.,0.,0.));
#3339=DIRECTION('center_axis',(0.,0.,1.));
#3340=DIRECTION('ref_axis',(-1.,0.,0.));
#3341=DIRECTION('center_axis',(-1.,0.,0.));
#3342=DIRECTION('ref_axis',(0.,-1.,0.));
#3343=DIRECTION('',(0.,1.,0.));
#3344=DIRECTION('',(0.,0.,1.));
#3345=DIRECTION('',(0.,-1.,0.));
#3346=DIRECTION('center_axis',(1.,0.,0.));
#3347=DIRECTION('ref_axis',(0.,1.,0.));
#3348=DIRECTION('',(0.,-1.,0.));
#3349=DIRECTION('',(0.,0.,-1.));
#3350=DIRECTION('',(0.,1.,0.));
#3351=DIRECTION('',(0.,0.,1.));
#3352=DIRECTION('center_axis',(0.,1.,0.));
#3353=DIRECTION('ref_axis',(-1.,0.,0.));
#3354=DIRECTION('',(-1.,0.,0.));
#3355=DIRECTION('',(-1.,0.,0.));
#3356=DIRECTION('',(0.,0.,1.));
#3357=DIRECTION('center_axis',(0.,-1.,0.));
#3358=DIRECTION('ref_axis',(1.,0.,0.));
#3359=DIRECTION('',(1.,0.,0.));
#3360=DIRECTION('',(1.,0.,0.));
#3361=DIRECTION('',(0.,0.,1.));
#3362=DIRECTION('center_axis',(1.,0.,0.));
#3363=DIRECTION('ref_axis',(0.,1.,0.));
#3364=DIRECTION('',(0.,-1.,0.));
#3365=DIRECTION('',(0.,1.,0.));
#3366=DIRECTION('center_axis',(-1.,0.,0.));
#3367=DIRECTION('ref_axis',(0.,-1.,0.));
#3368=DIRECTION('',(0.,1.,0.));
#3369=DIRECTION('',(0.,-1.,0.));
#3370=DIRECTION('',(0.,0.,1.));
#3371=DIRECTION('center_axis',(0.,-1.,0.));
#3372=DIRECTION('ref_axis',(1.,0.,0.));
#3373=DIRECTION('',(1.,0.,0.));
#3374=DIRECTION('',(1.,0.,0.));
#3375=DIRECTION('center_axis',(0.,1.,0.));
#3376=DIRECTION('ref_axis',(-1.,0.,0.));
#3377=DIRECTION('',(-1.,0.,0.));
#3378=DIRECTION('',(-1.,0.,0.));
#3379=DIRECTION('center_axis',(0.,0.,1.));
#3380=DIRECTION('ref_axis',(-1.,0.,0.));
#3381=DIRECTION('center_axis',(0.,0.,-1.));
#3382=DIRECTION('ref_axis',(-1.,0.,0.));
#3383=DIRECTION('center_axis',(0.,0.,1.));
#3384=DIRECTION('ref_axis',(-1.,0.,0.));
#3385=DIRECTION('center_axis',(0.,0.,1.));
#3386=DIRECTION('ref_axis',(-1.,0.,0.));
#3387=DIRECTION('center_axis',(0.,0.,-1.));
#3388=DIRECTION('ref_axis',(-1.,0.,0.));
#3389=DIRECTION('center_axis',(0.,0.,1.));
#3390=DIRECTION('ref_axis',(-1.,0.,0.));
#3391=DIRECTION('center_axis',(0.,0.,-1.));
#3392=DIRECTION('ref_axis',(-1.,0.,0.));
#3393=DIRECTION('center_axis',(0.,0.,-1.));
#3394=DIRECTION('ref_axis',(-1.,0.,0.));
#3395=DIRECTION('center_axis',(0.,0.,1.));
#3396=DIRECTION('ref_axis',(-1.,0.,0.));
#3397=DIRECTION('center_axis',(0.,0.,1.));
#3398=DIRECTION('ref_axis',(-1.,0.,0.));
#3399=DIRECTION('center_axis',(0.,0.,-1.));
#3400=DIRECTION('ref_axis',(-1.,0.,0.));
#3401=DIRECTION('center_axis',(0.,0.,-1.));
#3402=DIRECTION('ref_axis',(-1.,0.,0.));
#3403=DIRECTION('center_axis',(0.,0.,1.));
#3404=DIRECTION('ref_axis',(-1.,0.,0.));
#3405=DIRECTION('center_axis',(0.,0.,1.));
#3406=DIRECTION('ref_axis',(-1.,0.,0.));
#3407=DIRECTION('center_axis',(0.,0.,-1.));
#3408=DIRECTION('ref_axis',(-1.,0.,0.));
#3409=DIRECTION('center_axis',(0.,0.,1.));
#3410=DIRECTION('ref_axis',(-1.,0.,0.));
#3411=DIRECTION('center_axis',(0.,0.,1.));
#3412=DIRECTION('ref_axis',(-1.,0.,0.));
#3413=DIRECTION('',(-0.888149710589517,-0.459554231380538,0.));
#3414=DIRECTION('',(-0.707106781186548,-0.707106781186548,0.));
#3415=DIRECTION('',(0.,-1.,0.));
#3416=DIRECTION('',(-1.,0.,0.));
#3417=DIRECTION('center_axis',(0.,0.,1.));
#3418=DIRECTION('ref_axis',(0.707106781186547,0.707106781186547,0.));
#3419=DIRECTION('',(0.,-1.,0.));
#3420=DIRECTION('center_axis',(0.,0.,1.));
#3421=DIRECTION('ref_axis',(0.707106781186547,-0.707106781186547,0.));
#3422=DIRECTION('',(-1.,0.,0.));
#3423=DIRECTION('',(0.,-1.,0.));
#3424=DIRECTION('',(0.707106781186548,-0.707106781186547,0.));
#3425=DIRECTION('',(-0.888149710589508,0.459554231380556,0.));
#3426=DIRECTION('center_axis',(0.,0.,1.));
#3427=DIRECTION('ref_axis',(-1.,0.,0.));
#3428=DIRECTION('',(-0.319119130142051,0.947714609351033,0.));
#3429=DIRECTION('',(0.707106781186547,-0.707106781186548,0.));
#3430=DIRECTION('',(-1.,0.,0.));
#3431=DIRECTION('',(0.,-1.,0.));
#3432=DIRECTION('center_axis',(0.,0.,1.));
#3433=DIRECTION('ref_axis',(0.707106781186547,-0.707106781186547,0.));
#3434=DIRECTION('',(1.,0.,0.));
#3435=DIRECTION('center_axis',(0.,0.,1.));
#3436=DIRECTION('ref_axis',(-0.707106781186547,-0.707106781186547,0.));
#3437=DIRECTION('',(0.,-1.,0.));
#3438=DIRECTION('',(-1.,0.,0.));
#3439=DIRECTION('',(-0.707106781186548,-0.707106781186548,0.));
#3440=DIRECTION('',(0.319119130142058,0.94771460935103,0.));
#3441=DIRECTION('center_axis',(0.,0.,1.));
#3442=DIRECTION('ref_axis',(-1.,0.,0.));
#3443=DIRECTION('',(0.888149710589513,0.459554231380547,0.));
#3444=DIRECTION('',(-0.707106781186548,-0.707106781186548,0.));
#3445=DIRECTION('',(0.,1.,0.));
#3446=DIRECTION('',(1.,0.,0.));
#3447=DIRECTION('center_axis',(0.,0.,1.));
#3448=DIRECTION('ref_axis',(-0.707106781186547,-0.707106781186547,0.));
#3449=DIRECTION('',(0.,1.,0.));
#3450=DIRECTION('center_axis',(0.,0.,1.));
#3451=DIRECTION('ref_axis',(-0.707106781186547,0.707106781186547,0.));
#3452=DIRECTION('',(1.,0.,0.));
#3453=DIRECTION('',(0.,1.,0.));
#3454=DIRECTION('',(-0.707106781186549,0.707106781186546,0.));
#3455=DIRECTION('',(0.888149710589514,-0.459554231380544,0.));
#3456=DIRECTION('center_axis',(0.,0.,1.));
#3457=DIRECTION('ref_axis',(-1.,0.,0.));
#3458=DIRECTION('',(0.319119130142065,-0.947714609351028,0.));
#3459=DIRECTION('',(0.707106781186548,-0.707106781186547,0.));
#3460=DIRECTION('',(1.,0.,0.));
#3461=DIRECTION('',(0.,1.,0.));
#3462=DIRECTION('center_axis',(0.,0.,1.));
#3463=DIRECTION('ref_axis',(-0.707106781186547,0.707106781186547,0.));
#3464=DIRECTION('',(-1.,0.,0.));
#3465=DIRECTION('center_axis',(0.,0.,1.));
#3466=DIRECTION('ref_axis',(0.707106781186547,0.707106781186547,0.));
#3467=DIRECTION('',(0.,1.,0.));
#3468=DIRECTION('',(1.,0.,0.));
#3469=DIRECTION('',(-0.707106781186547,-0.707106781186548,0.));
#3470=DIRECTION('',(-0.319119130142056,-0.947714609351031,0.));
#3471=DIRECTION('center_axis',(0.,0.,-1.));
#3472=DIRECTION('ref_axis',(-1.,0.,0.));
#3473=DIRECTION('center_axis',(0.,0.,-1.));
#3474=DIRECTION('ref_axis',(-1.,0.,0.));
#3475=DIRECTION('center_axis',(0.,0.,-1.));
#3476=DIRECTION('ref_axis',(-1.,0.,0.));
#3477=DIRECTION('center_axis',(0.,0.,-1.));
#3478=DIRECTION('ref_axis',(-1.,0.,0.));
#3479=DIRECTION('center_axis',(0.,0.,-1.));
#3480=DIRECTION('ref_axis',(-1.,0.,0.));
#3481=DIRECTION('center_axis',(0.,0.,-1.));
#3482=DIRECTION('ref_axis',(-1.,0.,0.));
#3483=DIRECTION('center_axis',(0.,0.,-1.));
#3484=DIRECTION('ref_axis',(-1.,0.,0.));
#3485=DIRECTION('center_axis',(0.,0.,-1.));
#3486=DIRECTION('ref_axis',(-1.,0.,0.));
#3487=DIRECTION('center_axis',(0.,0.,1.));
#3488=DIRECTION('ref_axis',(-0.707106781186547,-0.707106781186547,0.));
#3489=DIRECTION('center_axis',(0.,0.,-1.));
#3490=DIRECTION('ref_axis',(-0.707106781186547,-0.707106781186547,0.));
#3491=DIRECTION('',(0.,0.,-1.));
#3492=DIRECTION('',(0.,0.,1.));
#3493=DIRECTION('center_axis',(-1.,0.,0.));
#3494=DIRECTION('ref_axis',(0.,-1.,0.));
#3495=DIRECTION('',(0.,-1.,0.));
#3496=DIRECTION('',(0.,0.,1.));
#3497=DIRECTION('center_axis',(0.,0.,1.));
#3498=DIRECTION('ref_axis',(-0.707106781186547,0.707106781186547,0.));
#3499=DIRECTION('center_axis',(0.,0.,-1.));
#3500=DIRECTION('ref_axis',(-0.707106781186547,0.707106781186547,0.));
#3501=DIRECTION('',(0.,0.,-1.));
#3502=DIRECTION('center_axis',(0.,0.,1.));
#3503=DIRECTION('ref_axis',(-0.707106781186547,0.707106781186547,0.));
#3504=DIRECTION('center_axis',(0.,0.,-1.));
#3505=DIRECTION('ref_axis',(-0.707106781186547,0.707106781186547,0.));
#3506=DIRECTION('',(0.,0.,-1.));
#3507=DIRECTION('',(0.,0.,1.));
#3508=DIRECTION('center_axis',(0.,1.,0.));
#3509=DIRECTION('ref_axis',(-1.,0.,0.));
#3510=DIRECTION('',(-1.,0.,0.));
#3511=DIRECTION('',(0.,0.,1.));
#3512=DIRECTION('center_axis',(0.,0.,1.));
#3513=DIRECTION('ref_axis',(0.707106781186547,0.707106781186547,0.));
#3514=DIRECTION('center_axis',(0.,0.,-1.));
#3515=DIRECTION('ref_axis',(0.707106781186547,0.707106781186547,0.));
#3516=DIRECTION('',(0.,0.,-1.));
#3517=DIRECTION('center_axis',(0.,0.,1.));
#3518=DIRECTION('ref_axis',(-0.707106781186547,-0.707106781186547,0.));
#3519=DIRECTION('center_axis',(0.,0.,-1.));
#3520=DIRECTION('ref_axis',(-0.707106781186547,-0.707106781186547,0.));
#3521=DIRECTION('',(0.,0.,-1.));
#3522=DIRECTION('',(0.,0.,1.));
#3523=DIRECTION('center_axis',(0.,-1.,0.));
#3524=DIRECTION('ref_axis',(1.,0.,0.));
#3525=DIRECTION('',(0.,0.,-1.));
#3526=DIRECTION('',(1.,0.,0.));
#3527=DIRECTION('center_axis',(0.,0.,1.));
#3528=DIRECTION('ref_axis',(0.707106781186547,-0.707106781186547,0.));
#3529=DIRECTION('center_axis',(0.,0.,-1.));
#3530=DIRECTION('ref_axis',(0.707106781186547,-0.707106781186547,0.));
#3531=DIRECTION('',(0.,0.,1.));
#3532=DIRECTION('center_axis',(0.,0.,1.));
#3533=DIRECTION('ref_axis',(0.707106781186547,0.707106781186547,0.));
#3534=DIRECTION('center_axis',(0.,0.,-1.));
#3535=DIRECTION('ref_axis',(0.707106781186547,0.707106781186547,0.));
#3536=DIRECTION('',(0.,0.,-1.));
#3537=DIRECTION('',(0.,0.,1.));
#3538=DIRECTION('center_axis',(1.,0.,0.));
#3539=DIRECTION('ref_axis',(0.,1.,0.));
#3540=DIRECTION('',(0.,1.,0.));
#3541=DIRECTION('',(0.,0.,1.));
#3542=DIRECTION('center_axis',(0.,0.,1.));
#3543=DIRECTION('ref_axis',(-1.,0.,0.));
#3544=DIRECTION('',(-1.,0.,0.));
#3545=DIRECTION('',(0.,1.,0.));
#3546=DIRECTION('',(1.,0.,0.));
#3547=DIRECTION('center_axis',(0.,0.,-1.));
#3548=DIRECTION('ref_axis',(0.707106781186547,-0.707106781186547,0.));
#3549=DIRECTION('center_axis',(0.,0.,-1.));
#3550=DIRECTION('ref_axis',(-1.,0.,0.));
#3551=DIRECTION('center_axis',(0.,0.,-1.));
#3552=DIRECTION('ref_axis',(-1.,0.,0.));
#3553=DIRECTION('center_axis',(0.,0.,1.));
#3554=DIRECTION('ref_axis',(0.707106781186547,-0.707106781186547,0.));
#3555=DIRECTION('',(0.,0.,-1.));
#3556=DIRECTION('center_axis',(0.,0.,1.));
#3557=DIRECTION('ref_axis',(-1.,0.,0.));
#3558=DIRECTION('center_axis',(0.,0.,-1.));
#3559=DIRECTION('ref_axis',(-1.,0.,0.));
#3560=DIRECTION('',(0.,0.,-1.));
#3561=DIRECTION('center_axis',(0.,0.,1.));
#3562=DIRECTION('ref_axis',(-1.,0.,0.));
#3563=DIRECTION('center_axis',(0.,0.,-1.));
#3564=DIRECTION('ref_axis',(-1.,0.,0.));
#3565=DIRECTION('',(0.,0.,-1.));
#3566=DIRECTION('center_axis',(1.,0.,0.));
#3567=DIRECTION('ref_axis',(0.,1.,0.));
#3568=DIRECTION('',(0.,0.,-1.));
#3569=DIRECTION('',(0.,1.,0.));
#3570=DIRECTION('center_axis',(-1.,0.,0.));
#3571=DIRECTION('ref_axis',(0.,-1.,0.));
#3572=DIRECTION('',(0.,-1.,0.));
#3573=DIRECTION('',(0.,0.,1.));
#3574=DIRECTION('center_axis',(0.,0.,1.));
#3575=DIRECTION('ref_axis',(-1.,0.,0.));
#3576=DIRECTION('',(1.,0.,0.));
#3577=DIRECTION('center_axis',(0.,0.,1.));
#3578=DIRECTION('ref_axis',(-1.,0.,0.));
#3579=DIRECTION('center_axis',(0.,0.,-1.));
#3580=DIRECTION('ref_axis',(-1.,0.,0.));
#3581=DIRECTION('',(0.,0.,-1.));
#3582=DIRECTION('center_axis',(0.,0.,1.));
#3583=DIRECTION('ref_axis',(-1.,0.,0.));
#3584=DIRECTION('center_axis',(0.,0.,-1.));
#3585=DIRECTION('ref_axis',(-1.,0.,0.));
#3586=DIRECTION('',(0.,0.,-1.));
#3587=DIRECTION('center_axis',(-1.,0.,0.));
#3588=DIRECTION('ref_axis',(0.,-1.,0.));
#3589=DIRECTION('',(0.,0.,-1.));
#3590=DIRECTION('',(0.,-1.,0.));
#3591=DIRECTION('center_axis',(1.,0.,0.));
#3592=DIRECTION('ref_axis',(0.,1.,0.));
#3593=DIRECTION('',(0.,1.,0.));
#3594=DIRECTION('',(0.,0.,1.));
#3595=DIRECTION('center_axis',(0.,0.,1.));
#3596=DIRECTION('ref_axis',(-1.,0.,0.));
#3597=DIRECTION('',(-1.,0.,0.));
#3598=DIRECTION('center_axis',(0.,0.,1.));
#3599=DIRECTION('ref_axis',(-1.,0.,0.));
#3600=DIRECTION('center_axis',(0.,0.,-1.));
#3601=DIRECTION('ref_axis',(-1.,0.,0.));
#3602=DIRECTION('',(0.,0.,-1.));
#3603=DIRECTION('center_axis',(0.,0.,1.));
#3604=DIRECTION('ref_axis',(-1.,0.,0.));
#3605=DIRECTION('center_axis',(0.,0.,-1.));
#3606=DIRECTION('ref_axis',(-1.,0.,0.));
#3607=DIRECTION('',(0.,0.,-1.));
#3608=DIRECTION('center_axis',(0.,1.,0.));
#3609=DIRECTION('ref_axis',(-1.,0.,0.));
#3610=DIRECTION('',(-1.,0.,0.));
#3611=DIRECTION('',(0.,0.,1.));
#3612=DIRECTION('center_axis',(0.,-1.,0.));
#3613=DIRECTION('ref_axis',(1.,0.,0.));
#3614=DIRECTION('',(0.,0.,-1.));
#3615=DIRECTION('',(1.,0.,0.));
#3616=DIRECTION('center_axis',(0.,0.,1.));
#3617=DIRECTION('ref_axis',(-1.,0.,0.));
#3618=DIRECTION('',(0.,-1.,0.));
#3619=DIRECTION('center_axis',(0.,0.,1.));
#3620=DIRECTION('ref_axis',(-1.,0.,0.));
#3621=DIRECTION('',(0.,0.,-1.));
#3622=DIRECTION('center_axis',(0.,0.,1.));
#3623=DIRECTION('ref_axis',(-1.,0.,0.));
#3624=DIRECTION('',(0.,0.,-1.));
#3625=DIRECTION('center_axis',(0.,-1.,0.));
#3626=DIRECTION('ref_axis',(1.,0.,0.));
#3627=DIRECTION('',(0.,0.,1.));
#3628=DIRECTION('center_axis',(0.,1.,0.));
#3629=DIRECTION('ref_axis',(-1.,0.,0.));
#3630=DIRECTION('',(0.,0.,-1.));
#3631=DIRECTION('center_axis',(0.,0.,1.));
#3632=DIRECTION('ref_axis',(-1.,0.,0.));
#3633=DIRECTION('center_axis',(0.,0.,1.));
#3634=DIRECTION('ref_axis',(-1.,0.,0.));
#3635=DIRECTION('',(0.,0.,-1.));
#3636=DIRECTION('center_axis',(0.,0.,-1.));
#3637=DIRECTION('ref_axis',(-1.,0.,0.));
#3638=DIRECTION('center_axis',(0.,0.,1.));
#3639=DIRECTION('ref_axis',(-1.,0.,0.));
#3640=DIRECTION('center_axis',(0.,0.,1.));
#3641=DIRECTION('ref_axis',(-1.,0.,0.));
#3642=DIRECTION('center_axis',(0.,0.,1.));
#3643=DIRECTION('ref_axis',(-1.,0.,0.));
#3644=DIRECTION('',(0.,0.,-1.));
#3645=DIRECTION('center_axis',(0.,0.,-1.));
#3646=DIRECTION('ref_axis',(-1.,0.,0.));
#3647=DIRECTION('center_axis',(0.,0.,1.));
#3648=DIRECTION('ref_axis',(-1.,0.,0.));
#3649=DIRECTION('center_axis',(0.,0.,1.));
#3650=DIRECTION('ref_axis',(-1.,0.,0.));
#3651=DIRECTION('center_axis',(0.,0.,1.));
#3652=DIRECTION('ref_axis',(-1.,0.,0.));
#3653=DIRECTION('',(0.,0.,-1.));
#3654=DIRECTION('center_axis',(0.,0.,-1.));
#3655=DIRECTION('ref_axis',(-1.,0.,0.));
#3656=DIRECTION('center_axis',(0.,0.,1.));
#3657=DIRECTION('ref_axis',(-1.,0.,0.));
#3658=DIRECTION('center_axis',(0.,0.,1.));
#3659=DIRECTION('ref_axis',(-1.,0.,0.));
#3660=DIRECTION('center_axis',(0.,0.,1.));
#3661=DIRECTION('ref_axis',(-1.,0.,0.));
#3662=DIRECTION('',(0.,0.,-1.));
#3663=DIRECTION('center_axis',(0.,0.,-1.));
#3664=DIRECTION('ref_axis',(-1.,0.,0.));
#3665=DIRECTION('center_axis',(0.,0.,1.));
#3666=DIRECTION('ref_axis',(-1.,0.,0.));
#3667=DIRECTION('center_axis',(0.,0.,1.));
#3668=DIRECTION('ref_axis',(-1.,0.,0.));
#3669=DIRECTION('center_axis',(0.,0.,-1.));
#3670=DIRECTION('ref_axis',(-1.,0.,0.));
#3671=DIRECTION('',(0.,0.,-1.));
#3672=DIRECTION('center_axis',(0.,0.,1.));
#3673=DIRECTION('ref_axis',(-1.,0.,0.));
#3674=DIRECTION('center_axis',(0.,0.,1.));
#3675=DIRECTION('ref_axis',(-1.,0.,0.));
#3676=DIRECTION('center_axis',(0.,0.,1.));
#3677=DIRECTION('ref_axis',(-1.,0.,0.));
#3678=DIRECTION('',(0.,0.,-1.));
#3679=DIRECTION('center_axis',(0.,0.,-1.));
#3680=DIRECTION('ref_axis',(-1.,0.,0.));
#3681=DIRECTION('center_axis',(0.,0.,1.));
#3682=DIRECTION('ref_axis',(-1.,0.,0.));
#3683=DIRECTION('center_axis',(0.,0.,1.));
#3684=DIRECTION('ref_axis',(-1.,0.,0.));
#3685=DIRECTION('center_axis',(0.,0.,1.));
#3686=DIRECTION('ref_axis',(-1.,0.,0.));
#3687=DIRECTION('center_axis',(0.,0.,-1.));
#3688=DIRECTION('ref_axis',(-1.,0.,0.));
#3689=DIRECTION('',(0.,0.,-1.));
#3690=DIRECTION('center_axis',(0.,0.,1.));
#3691=DIRECTION('ref_axis',(-1.,0.,0.));
#3692=DIRECTION('center_axis',(0.,0.,1.));
#3693=DIRECTION('ref_axis',(-1.,0.,0.));
#3694=DIRECTION('center_axis',(0.,0.,1.));
#3695=DIRECTION('ref_axis',(-1.,0.,0.));
#3696=DIRECTION('',(0.,0.,-1.));
#3697=DIRECTION('center_axis',(0.,0.,-1.));
#3698=DIRECTION('ref_axis',(-1.,0.,0.));
#3699=DIRECTION('center_axis',(0.,0.,1.));
#3700=DIRECTION('ref_axis',(-1.,0.,0.));
#3701=DIRECTION('center_axis',(0.,0.,1.));
#3702=DIRECTION('ref_axis',(-1.,0.,0.));
#3703=DIRECTION('center_axis',(0.,0.,1.));
#3704=DIRECTION('ref_axis',(-1.,0.,0.));
#3705=DIRECTION('center_axis',(0.,0.,-1.));
#3706=DIRECTION('ref_axis',(-1.,0.,0.));
#3707=DIRECTION('',(0.,0.,-1.));
#3708=DIRECTION('center_axis',(0.,0.,1.));
#3709=DIRECTION('ref_axis',(-1.,0.,0.));
#3710=DIRECTION('center_axis',(0.,0.,1.));
#3711=DIRECTION('ref_axis',(-1.,0.,0.));
#3712=DIRECTION('center_axis',(0.,0.,1.));
#3713=DIRECTION('ref_axis',(-1.,0.,0.));
#3714=DIRECTION('',(0.,0.,-1.));
#3715=DIRECTION('center_axis',(0.,0.,-1.));
#3716=DIRECTION('ref_axis',(-1.,0.,0.));
#3717=DIRECTION('center_axis',(0.,0.,1.));
#3718=DIRECTION('ref_axis',(-1.,0.,0.));
#3719=DIRECTION('center_axis',(0.,0.,1.));
#3720=DIRECTION('ref_axis',(-1.,0.,0.));
#3721=DIRECTION('center_axis',(0.,0.,1.));
#3722=DIRECTION('ref_axis',(-1.,0.,0.));
#3723=DIRECTION('center_axis',(0.,0.,-1.));
#3724=DIRECTION('ref_axis',(-1.,0.,0.));
#3725=DIRECTION('',(0.,0.,-1.));
#3726=DIRECTION('center_axis',(0.,0.,1.));
#3727=DIRECTION('ref_axis',(-1.,0.,0.));
#3728=DIRECTION('center_axis',(0.,0.,1.));
#3729=DIRECTION('ref_axis',(-1.,0.,0.));
#3730=DIRECTION('center_axis',(0.,0.,1.));
#3731=DIRECTION('ref_axis',(-1.,0.,0.));
#3732=DIRECTION('',(0.,0.,-1.));
#3733=DIRECTION('center_axis',(0.,0.,-1.));
#3734=DIRECTION('ref_axis',(-1.,0.,0.));
#3735=DIRECTION('center_axis',(0.,0.,1.));
#3736=DIRECTION('ref_axis',(-1.,0.,0.));
#3737=DIRECTION('center_axis',(0.,0.,1.));
#3738=DIRECTION('ref_axis',(-1.,0.,0.));
#3739=DIRECTION('',(-0.888149710589508,0.459554231380556,0.));
#3740=DIRECTION('',(-0.707106781186548,0.707106781186547,0.));
#3741=DIRECTION('',(0.,1.,0.));
#3742=DIRECTION('',(0.707106781186548,0.707106781186548,0.));
#3743=DIRECTION('',(0.888149710589517,0.459554231380538,0.));
#3744=DIRECTION('center_axis',(0.,0.,1.));
#3745=DIRECTION('ref_axis',(-1.,0.,0.));
#3746=DIRECTION('center_axis',(0.,0.,1.));
#3747=DIRECTION('ref_axis',(-1.,0.,0.));
#3748=DIRECTION('',(-0.319119130142056,-0.947714609351031,0.));
#3749=DIRECTION('',(-0.707106781186547,-0.707106781186548,0.));
#3750=DIRECTION('',(-1.,0.,0.));
#3751=DIRECTION('',(-0.707106781186548,0.707106781186547,0.));
#3752=DIRECTION('',(-0.319119130142065,0.947714609351028,0.));
#3753=DIRECTION('center_axis',(0.,0.,1.));
#3754=DIRECTION('ref_axis',(-1.,0.,0.));
#3755=DIRECTION('',(0.888149710589514,-0.459554231380544,0.));
#3756=DIRECTION('',(0.707106781186549,-0.707106781186546,0.));
#3757=DIRECTION('',(0.,-1.,0.));
#3758=DIRECTION('',(-0.707106781186548,-0.707106781186548,0.));
#3759=DIRECTION('',(-0.888149710589513,-0.459554231380547,0.));
#3760=DIRECTION('center_axis',(0.,0.,1.));
#3761=DIRECTION('ref_axis',(-1.,0.,0.));
#3762=DIRECTION('',(0.319119130142058,0.94771460935103,0.));
#3763=DIRECTION('',(0.707106781186548,0.707106781186548,0.));
#3764=DIRECTION('',(1.,0.,0.));
#3765=DIRECTION('',(0.707106781186547,-0.707106781186548,0.));
#3766=DIRECTION('',(0.319119130142051,-0.947714609351033,0.));
#3767=DIRECTION('center_axis',(0.,0.,1.));
#3768=DIRECTION('ref_axis',(-1.,0.,0.));
#3769=DIRECTION('center_axis',(0.,0.,1.));
#3770=DIRECTION('ref_axis',(-1.,0.,0.));
#3771=DIRECTION('center_axis',(0.,0.,-1.));
#3772=DIRECTION('ref_axis',(-1.,0.,0.));
#3773=DIRECTION('center_axis',(0.,0.,-1.));
#3774=DIRECTION('ref_axis',(-1.,0.,0.));
#3775=DIRECTION('center_axis',(0.,0.,-1.));
#3776=DIRECTION('ref_axis',(-1.,0.,0.));
#3777=DIRECTION('center_axis',(0.,0.,-1.));
#3778=DIRECTION('ref_axis',(-1.,0.,0.));
#3779=DIRECTION('center_axis',(0.707106781186548,-0.707106781186548,0.));
#3780=DIRECTION('ref_axis',(0.707106781186548,0.707106781186548,0.));
#3781=DIRECTION('',(0.,0.,-1.));
#3782=DIRECTION('',(0.,0.,1.));
#3783=DIRECTION('center_axis',(-0.707106781186548,0.707106781186548,0.));
#3784=DIRECTION('ref_axis',(-0.707106781186548,-0.707106781186548,0.));
#3785=DIRECTION('',(0.,0.,-1.));
#3786=DIRECTION('',(0.,0.,1.));
#3787=DIRECTION('center_axis',(0.,0.,1.));
#3788=DIRECTION('ref_axis',(-1.,0.,0.));
#3789=DIRECTION('',(0.,0.,-1.));
#3790=DIRECTION('center_axis',(0.,0.,1.));
#3791=DIRECTION('ref_axis',(-1.,0.,0.));
#3792=DIRECTION('',(0.,0.,-1.));
#3793=DIRECTION('center_axis',(0.,0.,1.));
#3794=DIRECTION('ref_axis',(-1.,0.,0.));
#3795=DIRECTION('',(0.,0.,-1.));
#3796=DIRECTION('center_axis',(0.,0.,1.));
#3797=DIRECTION('ref_axis',(-1.,0.,0.));
#3798=DIRECTION('',(0.,0.,-1.));
#3799=DIRECTION('center_axis',(0.,0.,1.));
#3800=DIRECTION('ref_axis',(-1.,0.,0.));
#3801=DIRECTION('',(0.,0.,1.));
#3802=DIRECTION('',(0.,0.,-1.));
#3803=DIRECTION('',(0.,0.,1.));
#3804=DIRECTION('center_axis',(-0.947714609351033,-0.319119130142051,0.));
#3805=DIRECTION('ref_axis',(0.319119130142051,-0.947714609351033,0.));
#3806=DIRECTION('',(0.,0.,1.));
#3807=DIRECTION('center_axis',(-0.707106781186548,-0.707106781186547,0.));
#3808=DIRECTION('ref_axis',(0.707106781186547,-0.707106781186548,0.));
#3809=DIRECTION('',(0.,0.,1.));
#3810=DIRECTION('center_axis',(0.,-1.,0.));
#3811=DIRECTION('ref_axis',(1.,0.,0.));
#3812=DIRECTION('',(0.,0.,1.));
#3813=DIRECTION('center_axis',(0.707106781186548,-0.707106781186548,0.));
#3814=DIRECTION('ref_axis',(0.707106781186548,0.707106781186548,0.));
#3815=DIRECTION('',(0.,0.,1.));
#3816=DIRECTION('center_axis',(0.94771460935103,-0.319119130142058,0.));
#3817=DIRECTION('ref_axis',(0.319119130142058,0.94771460935103,0.));
#3818=DIRECTION('',(0.,0.,1.));
#3819=DIRECTION('center_axis',(0.,0.,1.));
#3820=DIRECTION('ref_axis',(-1.,0.,0.));
#3821=DIRECTION('',(0.,0.,1.));
#3822=DIRECTION('',(0.,0.,-1.));
#3823=DIRECTION('center_axis',(-0.459554231380547,0.888149710589513,0.));
#3824=DIRECTION('ref_axis',(-0.888149710589513,-0.459554231380547,0.));
#3825=DIRECTION('center_axis',(-1.,0.,0.));
#3826=DIRECTION('ref_axis',(0.,-1.,0.));
#3827=DIRECTION('',(0.,0.,1.));
#3828=DIRECTION('center_axis',(-0.707106781186546,-0.707106781186549,0.));
#3829=DIRECTION('ref_axis',(0.707106781186549,-0.707106781186546,0.));
#3830=DIRECTION('',(0.,0.,1.));
#3831=DIRECTION('center_axis',(-0.459554231380544,-0.888149710589514,0.));
#3832=DIRECTION('ref_axis',(0.888149710589514,-0.459554231380544,0.));
#3833=DIRECTION('',(0.,0.,1.));
#3834=DIRECTION('center_axis',(0.,0.,1.));
#3835=DIRECTION('ref_axis',(-1.,0.,0.));
#3836=DIRECTION('',(0.,0.,1.));
#3837=DIRECTION('',(0.,0.,-1.));
#3838=DIRECTION('center_axis',(0.947714609351028,0.319119130142065,0.));
#3839=DIRECTION('ref_axis',(-0.319119130142065,0.947714609351028,0.));
#3840=DIRECTION('',(0.,0.,1.));
#3841=DIRECTION('center_axis',(0.707106781186547,0.707106781186548,0.));
#3842=DIRECTION('ref_axis',(-0.707106781186548,0.707106781186547,0.));
#3843=DIRECTION('',(0.,0.,1.));
#3844=DIRECTION('center_axis',(0.,1.,0.));
#3845=DIRECTION('ref_axis',(-1.,0.,0.));
#3846=DIRECTION('',(0.,0.,1.));
#3847=DIRECTION('center_axis',(-0.707106781186548,0.707106781186547,0.));
#3848=DIRECTION('ref_axis',(-0.707106781186547,-0.707106781186548,0.));
#3849=DIRECTION('',(0.,0.,1.));
#3850=DIRECTION('center_axis',(-0.947714609351031,0.319119130142056,0.));
#3851=DIRECTION('ref_axis',(-0.319119130142056,-0.947714609351031,0.));
#3852=DIRECTION('',(0.,0.,1.));
#3853=DIRECTION('center_axis',(0.,0.,1.));
#3854=DIRECTION('ref_axis',(-1.,0.,0.));
#3855=DIRECTION('',(0.,0.,-1.));
#3856=DIRECTION('',(0.,0.,1.));
#3857=DIRECTION('center_axis',(0.459554231380538,-0.888149710589517,0.));
#3858=DIRECTION('ref_axis',(0.888149710589517,0.459554231380538,0.));
#3859=DIRECTION('center_axis',(1.,0.,0.));
#3860=DIRECTION('ref_axis',(0.,1.,0.));
#3861=DIRECTION('',(0.,0.,1.));
#3862=DIRECTION('center_axis',(0.707106781186547,0.707106781186548,0.));
#3863=DIRECTION('ref_axis',(-0.707106781186548,0.707106781186547,0.));
#3864=DIRECTION('',(0.,0.,1.));
#3865=DIRECTION('center_axis',(0.459554231380556,0.888149710589508,0.));
#3866=DIRECTION('ref_axis',(-0.888149710589508,0.459554231380556,0.));
#3867=DIRECTION('center_axis',(0.,0.,1.));
#3868=DIRECTION('ref_axis',(-1.,0.,0.));
#3869=DIRECTION('',(0.,0.,1.));
#3870=DIRECTION('',(1.,0.,0.));
#3871=CARTESIAN_POINT('',(0.,0.,0.));
#3872=CARTESIAN_POINT('',(0.,0.,0.));
#3873=CARTESIAN_POINT('Origin',(116.6108,-90.728,5.76));
#3874=CARTESIAN_POINT('',(118.1108,-90.728,5.76));
#3875=CARTESIAN_POINT('Origin',(116.6108,-90.728,5.76));
#3876=CARTESIAN_POINT('',(118.1108,-90.728,1.56));
#3877=CARTESIAN_POINT('',(118.1108,-90.728,5.76));
#3878=CARTESIAN_POINT('Origin',(116.6108,-90.728,1.56));
#3879=CARTESIAN_POINT('Origin',(170.1108,-90.728,5.76));
#3880=CARTESIAN_POINT('',(171.6108,-90.728,5.76));
#3881=CARTESIAN_POINT('Origin',(170.1108,-90.728,5.76));
#3882=CARTESIAN_POINT('',(171.6108,-90.728,1.56));
#3883=CARTESIAN_POINT('',(171.6108,-90.728,5.76));
#3884=CARTESIAN_POINT('Origin',(170.1108,-90.728,1.56));
#3885=CARTESIAN_POINT('Origin',(116.6108,-105.728,5.76));
#3886=CARTESIAN_POINT('',(118.1108,-105.728,5.76));
#3887=CARTESIAN_POINT('Origin',(116.6108,-105.728,5.76));
#3888=CARTESIAN_POINT('',(118.1108,-105.728,1.56));
#3889=CARTESIAN_POINT('',(118.1108,-105.728,5.76));
#3890=CARTESIAN_POINT('Origin',(116.6108,-105.728,1.56));
#3891=CARTESIAN_POINT('Origin',(170.1108,-105.728,5.76));
#3892=CARTESIAN_POINT('',(171.6108,-105.728,5.76));
#3893=CARTESIAN_POINT('Origin',(170.1108,-105.728,5.76));
#3894=CARTESIAN_POINT('',(171.6108,-105.728,1.56));
#3895=CARTESIAN_POINT('',(171.6108,-105.728,5.76));
#3896=CARTESIAN_POINT('Origin',(170.1108,-105.728,1.56));
#3897=CARTESIAN_POINT('Origin',(198.3608,-153.228,1.56));
#3898=CARTESIAN_POINT('',(198.8608,-156.439308144666,-13.24));
#3899=CARTESIAN_POINT('',(201.572108144666,-153.728,-13.24));
#3900=CARTESIAN_POINT('Origin',(198.3608,-153.228,-13.24));
#3901=CARTESIAN_POINT('',(201.572108144666,-153.728,-14.24));
#3902=CARTESIAN_POINT('',(201.572108144666,-153.728,1.56));
#3903=CARTESIAN_POINT('',(198.8608,-156.439308144666,-14.24));
#3904=CARTESIAN_POINT('Origin',(198.3608,-153.228,-14.24));
#3905=CARTESIAN_POINT('',(198.8608,-156.439308144666,1.56));
#3906=CARTESIAN_POINT('Origin',(198.3608,-153.228,1.56));
#3907=CARTESIAN_POINT('',(201.572108144666,-152.728,-13.24));
#3908=CARTESIAN_POINT('',(198.8608,-150.016691855334,-13.24));
#3909=CARTESIAN_POINT('Origin',(198.3608,-153.228,-13.24));
#3910=CARTESIAN_POINT('',(198.8608,-150.016691855334,-14.24));
#3911=CARTESIAN_POINT('',(198.8608,-150.016691855334,1.56));
#3912=CARTESIAN_POINT('',(201.572108144666,-152.728,-14.24));
#3913=CARTESIAN_POINT('Origin',(198.3608,-153.228,-14.24));
#3914=CARTESIAN_POINT('',(201.572108144666,-152.728,1.56));
#3915=CARTESIAN_POINT('Origin',(198.3608,-153.228,1.56));
#3916=CARTESIAN_POINT('',(197.8608,-150.016691855334,-13.24));
#3917=CARTESIAN_POINT('',(195.149491855334,-152.728,-13.24));
#3918=CARTESIAN_POINT('Origin',(198.3608,-153.228,-13.24));
#3919=CARTESIAN_POINT('',(195.149491855334,-152.728,-14.24));
#3920=CARTESIAN_POINT('',(195.149491855334,-152.728,1.56));
#3921=CARTESIAN_POINT('',(197.8608,-150.016691855334,-14.24));
#3922=CARTESIAN_POINT('Origin',(198.3608,-153.228,-14.24));
#3923=CARTESIAN_POINT('',(197.8608,-150.016691855334,1.56));
#3924=CARTESIAN_POINT('Origin',(198.3608,-153.228,1.56));
#3925=CARTESIAN_POINT('',(195.149491855334,-153.728,-13.24));
#3926=CARTESIAN_POINT('',(197.8608,-156.439308144666,-13.24));
#3927=CARTESIAN_POINT('Origin',(198.3608,-153.228,-13.24));
#3928=CARTESIAN_POINT('',(197.8608,-156.439308144666,-14.24));
#3929=CARTESIAN_POINT('',(197.8608,-156.439308144666,1.56));
#3930=CARTESIAN_POINT('',(195.149491855334,-153.728,-14.24));
#3931=CARTESIAN_POINT('Origin',(198.3608,-153.228,-14.24));
#3932=CARTESIAN_POINT('',(195.149491855334,-153.728,1.56));
#3933=CARTESIAN_POINT('Origin',(88.3608,-153.228,1.56));
#3934=CARTESIAN_POINT('',(88.8608,-156.439308144666,-13.24));
#3935=CARTESIAN_POINT('',(91.5721081446663,-153.728,-13.24));
#3936=CARTESIAN_POINT('Origin',(88.3608,-153.228,-13.24));
#3937=CARTESIAN_POINT('',(91.5721081446663,-153.728,-14.24));
#3938=CARTESIAN_POINT('',(91.5721081446663,-153.728,1.56));
#3939=CARTESIAN_POINT('',(88.8608,-156.439308144666,-14.24));
#3940=CARTESIAN_POINT('Origin',(88.3608,-153.228,-14.24));
#3941=CARTESIAN_POINT('',(88.8608,-156.439308144666,1.56));
#3942=CARTESIAN_POINT('Origin',(88.3608,-153.228,1.56));
#3943=CARTESIAN_POINT('',(85.1494918553337,-153.728,-13.24));
#3944=CARTESIAN_POINT('',(87.8608,-156.439308144666,-13.24));
#3945=CARTESIAN_POINT('Origin',(88.3608,-153.228,-13.24));
#3946=CARTESIAN_POINT('',(87.8608,-156.439308144666,-14.24));
#3947=CARTESIAN_POINT('',(87.8608,-156.439308144666,1.56));
#3948=CARTESIAN_POINT('',(85.1494918553337,-153.728,-14.24));
#3949=CARTESIAN_POINT('Origin',(88.3608,-153.228,-14.24));
#3950=CARTESIAN_POINT('',(85.1494918553337,-153.728,1.56));
#3951=CARTESIAN_POINT('Origin',(88.3608,-153.228,1.56));
#3952=CARTESIAN_POINT('',(87.8608,-150.016691855334,-13.24));
#3953=CARTESIAN_POINT('',(85.1494918553337,-152.728,-13.24));
#3954=CARTESIAN_POINT('Origin',(88.3608,-153.228,-13.24));
#3955=CARTESIAN_POINT('',(85.1494918553337,-152.728,-14.24));
#3956=CARTESIAN_POINT('',(85.1494918553337,-152.728,1.56));
#3957=CARTESIAN_POINT('',(87.8608,-150.016691855334,-14.24));
#3958=CARTESIAN_POINT('Origin',(88.3608,-153.228,-14.24));
#3959=CARTESIAN_POINT('',(87.8608,-150.016691855334,1.56));
#3960=CARTESIAN_POINT('Origin',(88.3608,-43.228,1.56));
#3961=CARTESIAN_POINT('',(88.8608,-46.4393081446663,-13.24));
#3962=CARTESIAN_POINT('',(91.5721081446663,-43.728,-13.24));
#3963=CARTESIAN_POINT('Origin',(88.3608,-43.228,-13.24));
#3964=CARTESIAN_POINT('',(91.5721081446663,-43.728,-14.24));
#3965=CARTESIAN_POINT('',(91.5721081446663,-43.728,1.56));
#3966=CARTESIAN_POINT('',(88.8608,-46.4393081446663,-14.24));
#3967=CARTESIAN_POINT('Origin',(88.3608,-43.228,-14.24));
#3968=CARTESIAN_POINT('',(88.8608,-46.4393081446663,1.56));
#3969=CARTESIAN_POINT('Origin',(88.3608,-43.228,1.56));
#3970=CARTESIAN_POINT('',(85.1494918553337,-43.728,-13.24));
#3971=CARTESIAN_POINT('',(87.8608,-46.4393081446663,-13.24));
#3972=CARTESIAN_POINT('Origin',(88.3608,-43.228,-13.24));
#3973=CARTESIAN_POINT('',(87.8608,-46.4393081446663,-14.24));
#3974=CARTESIAN_POINT('',(87.8608,-46.4393081446663,1.56));
#3975=CARTESIAN_POINT('',(85.1494918553337,-43.728,-14.24));
#3976=CARTESIAN_POINT('Origin',(88.3608,-43.228,-14.24));
#3977=CARTESIAN_POINT('',(85.1494918553337,-43.728,1.56));
#3978=CARTESIAN_POINT('Origin',(88.3608,-43.228,1.56));
#3979=CARTESIAN_POINT('',(87.8608,-40.0166918553337,-13.24));
#3980=CARTESIAN_POINT('',(85.1494918553337,-42.728,-13.24));
#3981=CARTESIAN_POINT('Origin',(88.3608,-43.228,-13.24));
#3982=CARTESIAN_POINT('',(85.1494918553337,-42.728,-14.24));
#3983=CARTESIAN_POINT('',(85.1494918553337,-42.728,1.56));
#3984=CARTESIAN_POINT('',(87.8608,-40.0166918553337,-14.24));
#3985=CARTESIAN_POINT('Origin',(88.3608,-43.228,-14.24));
#3986=CARTESIAN_POINT('',(87.8608,-40.0166918553337,1.56));
#3987=CARTESIAN_POINT('Origin',(198.3608,-43.228,1.56));
#3988=CARTESIAN_POINT('',(198.8608,-46.4393081446663,-13.24));
#3989=CARTESIAN_POINT('',(201.572108144666,-43.728,-13.24));
#3990=CARTESIAN_POINT('Origin',(198.3608,-43.228,-13.24));
#3991=CARTESIAN_POINT('',(201.572108144666,-43.728,-14.24));
#3992=CARTESIAN_POINT('',(201.572108144666,-43.728,1.56));
#3993=CARTESIAN_POINT('',(198.8608,-46.4393081446663,-14.24));
#3994=CARTESIAN_POINT('Origin',(198.3608,-43.228,-14.24));
#3995=CARTESIAN_POINT('',(198.8608,-46.4393081446663,1.56));
#3996=CARTESIAN_POINT('Origin',(198.3608,-43.228,1.56));
#3997=CARTESIAN_POINT('',(195.149491855334,-43.728,-13.24));
#3998=CARTESIAN_POINT('',(197.8608,-46.4393081446663,-13.24));
#3999=CARTESIAN_POINT('Origin',(198.3608,-43.228,-13.24));
#4000=CARTESIAN_POINT('',(197.8608,-46.4393081446663,-14.24));
#4001=CARTESIAN_POINT('',(197.8608,-46.4393081446663,1.56));
#4002=CARTESIAN_POINT('',(195.149491855334,-43.728,-14.24));
#4003=CARTESIAN_POINT('Origin',(198.3608,-43.228,-14.24));
#4004=CARTESIAN_POINT('',(195.149491855334,-43.728,1.56));
#4005=CARTESIAN_POINT('Origin',(198.3608,-43.228,1.56));
#4006=CARTESIAN_POINT('',(197.8608,-40.0166918553337,-13.24));
#4007=CARTESIAN_POINT('',(195.149491855334,-42.728,-13.24));
#4008=CARTESIAN_POINT('Origin',(198.3608,-43.228,-13.24));
#4009=CARTESIAN_POINT('',(195.149491855334,-42.728,-14.24));
#4010=CARTESIAN_POINT('',(195.149491855334,-42.728,1.56));
#4011=CARTESIAN_POINT('',(197.8608,-40.0166918553337,-14.24));
#4012=CARTESIAN_POINT('Origin',(198.3608,-43.228,-14.24));
#4013=CARTESIAN_POINT('',(197.8608,-40.0166918553337,1.56));
#4014=CARTESIAN_POINT('Origin',(87.8608,-150.016691855334,-14.24));
#4015=CARTESIAN_POINT('',(87.8608,-152.728,-14.24));
#4016=CARTESIAN_POINT('',(87.8608,-156.478,-14.24));
#4017=CARTESIAN_POINT('',(87.8608,-152.728,-13.24));
#4018=CARTESIAN_POINT('',(87.8608,-152.728,-14.24));
#4019=CARTESIAN_POINT('',(87.8608,-156.478,-13.24));
#4020=CARTESIAN_POINT('Origin',(88.8608,-152.728,-14.24));
#4021=CARTESIAN_POINT('',(88.8608,-150.016691855334,-14.24));
#4022=CARTESIAN_POINT('',(88.8608,-152.728,-14.24));
#4023=CARTESIAN_POINT('',(88.8608,-149.978,-14.24));
#4024=CARTESIAN_POINT('',(88.8608,-150.016691855334,-13.24));
#4025=CARTESIAN_POINT('',(88.8608,-150.016691855334,1.56));
#4026=CARTESIAN_POINT('',(88.8608,-152.728,-13.24));
#4027=CARTESIAN_POINT('',(88.8608,-149.978,-13.24));
#4028=CARTESIAN_POINT('',(88.8608,-152.728,-14.24));
#4029=CARTESIAN_POINT('Origin',(91.5721081446663,-152.728,-14.24));
#4030=CARTESIAN_POINT('',(91.5721081446663,-152.728,-14.24));
#4031=CARTESIAN_POINT('',(91.6108,-152.728,-14.24));
#4032=CARTESIAN_POINT('',(91.5721081446663,-152.728,-13.24));
#4033=CARTESIAN_POINT('',(91.6108,-152.728,-13.24));
#4034=CARTESIAN_POINT('',(91.5721081446663,-152.728,1.56));
#4035=CARTESIAN_POINT('Origin',(88.8608,-153.728,-14.24));
#4036=CARTESIAN_POINT('',(88.8608,-153.728,-14.24));
#4037=CARTESIAN_POINT('',(85.1108,-153.728,-14.24));
#4038=CARTESIAN_POINT('',(88.8608,-153.728,-13.24));
#4039=CARTESIAN_POINT('',(85.1108,-153.728,-13.24));
#4040=CARTESIAN_POINT('',(88.8608,-153.728,-14.24));
#4041=CARTESIAN_POINT('Origin',(88.8608,-156.439308144666,-14.24));
#4042=CARTESIAN_POINT('',(88.8608,-149.978,-14.24));
#4043=CARTESIAN_POINT('',(88.8608,-149.978,-13.24));
#4044=CARTESIAN_POINT('Origin',(87.8608,-153.728,-14.24));
#4045=CARTESIAN_POINT('',(87.8608,-153.728,-14.24));
#4046=CARTESIAN_POINT('',(87.8608,-156.478,-14.24));
#4047=CARTESIAN_POINT('',(87.8608,-153.728,-13.24));
#4048=CARTESIAN_POINT('',(87.8608,-156.478,-13.24));
#4049=CARTESIAN_POINT('',(87.8608,-153.728,-14.24));
#4050=CARTESIAN_POINT('Origin',(85.1494918553337,-153.728,-14.24));
#4051=CARTESIAN_POINT('',(85.1108,-153.728,-14.24));
#4052=CARTESIAN_POINT('',(85.1108,-153.728,-13.24));
#4053=CARTESIAN_POINT('Origin',(87.8608,-152.728,-14.24));
#4054=CARTESIAN_POINT('',(91.6108,-152.728,-14.24));
#4055=CARTESIAN_POINT('',(91.6108,-152.728,-13.24));
#4056=CARTESIAN_POINT('Origin',(88.3608,-153.228,-13.24));
#4057=CARTESIAN_POINT('',(92.6108,-153.228,-13.24));
#4058=CARTESIAN_POINT('Origin',(88.3608,-153.228,-13.24));
#4059=CARTESIAN_POINT('Origin',(88.3608,-153.228,-13.24));
#4060=CARTESIAN_POINT('Origin',(195.149491855334,-153.728,-14.24));
#4061=CARTESIAN_POINT('',(197.8608,-153.728,-14.24));
#4062=CARTESIAN_POINT('',(201.6108,-153.728,-14.24));
#4063=CARTESIAN_POINT('',(197.8608,-153.728,-13.24));
#4064=CARTESIAN_POINT('',(197.8608,-153.728,-14.24));
#4065=CARTESIAN_POINT('',(201.6108,-153.728,-13.24));
#4066=CARTESIAN_POINT('Origin',(197.8608,-152.728,-14.24));
#4067=CARTESIAN_POINT('',(197.8608,-152.728,-14.24));
#4068=CARTESIAN_POINT('',(195.1108,-152.728,-14.24));
#4069=CARTESIAN_POINT('',(197.8608,-152.728,-13.24));
#4070=CARTESIAN_POINT('',(195.1108,-152.728,-13.24));
#4071=CARTESIAN_POINT('',(197.8608,-152.728,-14.24));
#4072=CARTESIAN_POINT('Origin',(197.8608,-150.016691855334,-14.24));
#4073=CARTESIAN_POINT('',(197.8608,-156.478,-14.24));
#4074=CARTESIAN_POINT('',(197.8608,-156.478,-13.24));
#4075=CARTESIAN_POINT('Origin',(198.8608,-152.728,-14.24));
#4076=CARTESIAN_POINT('',(198.8608,-152.728,-14.24));
#4077=CARTESIAN_POINT('',(198.8608,-149.978,-14.24));
#4078=CARTESIAN_POINT('',(198.8608,-152.728,-13.24));
#4079=CARTESIAN_POINT('',(198.8608,-149.978,-13.24));
#4080=CARTESIAN_POINT('',(198.8608,-152.728,-14.24));
#4081=CARTESIAN_POINT('Origin',(201.572108144666,-152.728,-14.24));
#4082=CARTESIAN_POINT('',(195.1108,-152.728,-14.24));
#4083=CARTESIAN_POINT('',(195.1108,-152.728,-13.24));
#4084=CARTESIAN_POINT('Origin',(198.8608,-153.728,-14.24));
#4085=CARTESIAN_POINT('',(198.8608,-153.728,-14.24));
#4086=CARTESIAN_POINT('',(201.6108,-153.728,-14.24));
#4087=CARTESIAN_POINT('',(198.8608,-153.728,-13.24));
#4088=CARTESIAN_POINT('',(201.6108,-153.728,-13.24));
#4089=CARTESIAN_POINT('',(198.8608,-153.728,-14.24));
#4090=CARTESIAN_POINT('Origin',(198.8608,-156.439308144666,-14.24));
#4091=CARTESIAN_POINT('',(198.8608,-149.978,-14.24));
#4092=CARTESIAN_POINT('',(198.8608,-149.978,-13.24));
#4093=CARTESIAN_POINT('Origin',(197.8608,-153.728,-14.24));
#4094=CARTESIAN_POINT('',(197.8608,-156.478,-14.24));
#4095=CARTESIAN_POINT('',(197.8608,-156.478,-13.24));
#4096=CARTESIAN_POINT('Origin',(198.3608,-153.228,-13.24));
#4097=CARTESIAN_POINT('',(202.6108,-153.228,-13.24));
#4098=CARTESIAN_POINT('Origin',(198.3608,-153.228,-13.24));
#4099=CARTESIAN_POINT('Origin',(201.572108144666,-42.728,-14.24));
#4100=CARTESIAN_POINT('',(198.8608,-42.728,-14.24));
#4101=CARTESIAN_POINT('',(201.572108144666,-42.728,-14.24));
#4102=CARTESIAN_POINT('',(195.1108,-42.728,-14.24));
#4103=CARTESIAN_POINT('',(198.8608,-42.728,-13.24));
#4104=CARTESIAN_POINT('',(198.8608,-42.728,-14.24));
#4105=CARTESIAN_POINT('',(201.572108144666,-42.728,-13.24));
#4106=CARTESIAN_POINT('',(195.1108,-42.728,-13.24));
#4107=CARTESIAN_POINT('',(201.572108144666,-42.728,1.56));
#4108=CARTESIAN_POINT('Origin',(198.8608,-43.728,-14.24));
#4109=CARTESIAN_POINT('',(198.8608,-43.728,-14.24));
#4110=CARTESIAN_POINT('',(201.6108,-43.728,-14.24));
#4111=CARTESIAN_POINT('',(198.8608,-43.728,-13.24));
#4112=CARTESIAN_POINT('',(201.6108,-43.728,-13.24));
#4113=CARTESIAN_POINT('',(198.8608,-43.728,-14.24));
#4114=CARTESIAN_POINT('Origin',(198.8608,-46.4393081446663,-14.24));
#4115=CARTESIAN_POINT('',(198.8608,-39.978,-14.24));
#4116=CARTESIAN_POINT('',(198.8608,-39.978,-13.24));
#4117=CARTESIAN_POINT('Origin',(197.8608,-43.728,-14.24));
#4118=CARTESIAN_POINT('',(197.8608,-43.728,-14.24));
#4119=CARTESIAN_POINT('',(197.8608,-46.478,-14.24));
#4120=CARTESIAN_POINT('',(197.8608,-43.728,-13.24));
#4121=CARTESIAN_POINT('',(197.8608,-46.478,-13.24));
#4122=CARTESIAN_POINT('',(197.8608,-43.728,-14.24));
#4123=CARTESIAN_POINT('Origin',(195.149491855334,-43.728,-14.24));
#4124=CARTESIAN_POINT('',(201.6108,-43.728,-14.24));
#4125=CARTESIAN_POINT('',(201.6108,-43.728,-13.24));
#4126=CARTESIAN_POINT('Origin',(197.8608,-42.728,-14.24));
#4127=CARTESIAN_POINT('',(197.8608,-42.728,-14.24));
#4128=CARTESIAN_POINT('',(195.1108,-42.728,-14.24));
#4129=CARTESIAN_POINT('',(197.8608,-42.728,-13.24));
#4130=CARTESIAN_POINT('',(195.1108,-42.728,-13.24));
#4131=CARTESIAN_POINT('',(197.8608,-42.728,-14.24));
#4132=CARTESIAN_POINT('Origin',(197.8608,-40.0166918553337,-14.24));
#4133=CARTESIAN_POINT('',(197.8608,-46.478,-14.24));
#4134=CARTESIAN_POINT('',(197.8608,-46.478,-13.24));
#4135=CARTESIAN_POINT('Origin',(198.8608,-42.728,-14.24));
#4136=CARTESIAN_POINT('',(198.8608,-40.0166918553337,-14.24));
#4137=CARTESIAN_POINT('',(198.8608,-39.978,-14.24));
#4138=CARTESIAN_POINT('',(198.8608,-40.0166918553337,-13.24));
#4139=CARTESIAN_POINT('',(198.8608,-40.0166918553337,1.56));
#4140=CARTESIAN_POINT('',(198.8608,-39.978,-13.24));
#4141=CARTESIAN_POINT('Origin',(198.3608,-43.228,-13.24));
#4142=CARTESIAN_POINT('',(202.6108,-43.228,-13.24));
#4143=CARTESIAN_POINT('Origin',(198.3608,-43.228,-13.24));
#4144=CARTESIAN_POINT('Origin',(198.3608,-43.228,-13.24));
#4145=CARTESIAN_POINT('Origin',(198.3608,-43.228,1.56));
#4146=CARTESIAN_POINT('Origin',(198.3608,-43.228,-14.24));
#4147=CARTESIAN_POINT('Origin',(87.8608,-40.0166918553337,-14.24));
#4148=CARTESIAN_POINT('',(87.8608,-42.728,-14.24));
#4149=CARTESIAN_POINT('',(87.8608,-46.478,-14.24));
#4150=CARTESIAN_POINT('',(87.8608,-42.728,-13.24));
#4151=CARTESIAN_POINT('',(87.8608,-42.728,-14.24));
#4152=CARTESIAN_POINT('',(87.8608,-46.478,-13.24));
#4153=CARTESIAN_POINT('Origin',(88.8608,-42.728,-14.24));
#4154=CARTESIAN_POINT('',(88.8608,-40.0166918553337,-14.24));
#4155=CARTESIAN_POINT('',(88.8608,-42.728,-14.24));
#4156=CARTESIAN_POINT('',(88.8608,-39.978,-14.24));
#4157=CARTESIAN_POINT('',(88.8608,-40.0166918553337,-13.24));
#4158=CARTESIAN_POINT('',(88.8608,-40.0166918553337,1.56));
#4159=CARTESIAN_POINT('',(88.8608,-42.728,-13.24));
#4160=CARTESIAN_POINT('',(88.8608,-39.978,-13.24));
#4161=CARTESIAN_POINT('',(88.8608,-42.728,-14.24));
#4162=CARTESIAN_POINT('Origin',(91.5721081446663,-42.728,-14.24));
#4163=CARTESIAN_POINT('',(91.5721081446663,-42.728,-14.24));
#4164=CARTESIAN_POINT('',(91.6108,-42.728,-14.24));
#4165=CARTESIAN_POINT('',(91.5721081446663,-42.728,-13.24));
#4166=CARTESIAN_POINT('',(91.6108,-42.728,-13.24));
#4167=CARTESIAN_POINT('',(91.5721081446663,-42.728,1.56));
#4168=CARTESIAN_POINT('Origin',(88.8608,-43.728,-14.24));
#4169=CARTESIAN_POINT('',(88.8608,-43.728,-14.24));
#4170=CARTESIAN_POINT('',(85.1108,-43.728,-14.24));
#4171=CARTESIAN_POINT('',(88.8608,-43.728,-13.24));
#4172=CARTESIAN_POINT('',(85.1108,-43.728,-13.24));
#4173=CARTESIAN_POINT('',(88.8608,-43.728,-14.24));
#4174=CARTESIAN_POINT('Origin',(88.8608,-46.4393081446663,-14.24));
#4175=CARTESIAN_POINT('',(88.8608,-39.978,-14.24));
#4176=CARTESIAN_POINT('',(88.8608,-39.978,-13.24));
#4177=CARTESIAN_POINT('Origin',(87.8608,-43.728,-14.24));
#4178=CARTESIAN_POINT('',(87.8608,-43.728,-14.24));
#4179=CARTESIAN_POINT('',(87.8608,-46.478,-14.24));
#4180=CARTESIAN_POINT('',(87.8608,-43.728,-13.24));
#4181=CARTESIAN_POINT('',(87.8608,-46.478,-13.24));
#4182=CARTESIAN_POINT('',(87.8608,-43.728,-14.24));
#4183=CARTESIAN_POINT('Origin',(85.1494918553337,-43.728,-14.24));
#4184=CARTESIAN_POINT('',(85.1108,-43.728,-14.24));
#4185=CARTESIAN_POINT('',(85.1108,-43.728,-13.24));
#4186=CARTESIAN_POINT('Origin',(87.8608,-42.728,-14.24));
#4187=CARTESIAN_POINT('',(91.6108,-42.728,-14.24));
#4188=CARTESIAN_POINT('',(91.6108,-42.728,-13.24));
#4189=CARTESIAN_POINT('Origin',(88.3608,-43.228,-13.24));
#4190=CARTESIAN_POINT('',(92.6108,-43.228,-13.24));
#4191=CARTESIAN_POINT('Origin',(88.3608,-43.228,-13.24));
#4192=CARTESIAN_POINT('Origin',(88.3608,-43.228,-13.24));
#4193=CARTESIAN_POINT('Origin',(198.3608,-43.228,-14.24));
#4194=CARTESIAN_POINT('',(205.8608,-43.228,-14.24));
#4195=CARTESIAN_POINT('Origin',(198.3608,-43.228,-14.24));
#4196=CARTESIAN_POINT('Origin',(198.3608,-153.228,-14.24));
#4197=CARTESIAN_POINT('',(205.8608,-153.228,-14.24));
#4198=CARTESIAN_POINT('Origin',(198.3608,-153.228,-14.24));
#4199=CARTESIAN_POINT('Origin',(88.3608,-153.228,1.56));
#4200=CARTESIAN_POINT('Origin',(88.3608,-153.228,-14.24));
#4201=CARTESIAN_POINT('Origin',(88.3608,-153.228,-14.24));
#4202=CARTESIAN_POINT('',(95.8608,-153.228,-14.24));
#4203=CARTESIAN_POINT('Origin',(88.3608,-153.228,-14.24));
#4204=CARTESIAN_POINT('Origin',(88.3608,-43.228,1.56));
#4205=CARTESIAN_POINT('Origin',(88.3608,-43.228,-14.24));
#4206=CARTESIAN_POINT('Origin',(88.3608,-43.228,-14.24));
#4207=CARTESIAN_POINT('',(95.8608,-43.228,-14.24));
#4208=CARTESIAN_POINT('Origin',(88.3608,-43.228,-14.24));
#4209=CARTESIAN_POINT('Origin',(143.3608,-98.228,1.56));
#4210=CARTESIAN_POINT('',(190.8608,-43.228,1.56));
#4211=CARTESIAN_POINT('',(198.3608,-50.728,1.56));
#4212=CARTESIAN_POINT('Origin',(198.3608,-43.228,1.56));
#4213=CARTESIAN_POINT('',(191.699677170579,-54.174656735354,1.56));
#4214=CARTESIAN_POINT('',(198.3608,-50.728,1.56));
#4215=CARTESIAN_POINT('',(175.8608,-70.0135339059327,1.56));
#4216=CARTESIAN_POINT('',(195.652427933594,-50.2219059723385,1.56));
#4217=CARTESIAN_POINT('',(175.8608,-88.228,1.56));
#4218=CARTESIAN_POINT('',(175.8608,-125.728,1.56));
#4219=CARTESIAN_POINT('',(178.3608,-88.228,1.56));
#4220=CARTESIAN_POINT('',(183.3608,-88.228,1.56));
#4221=CARTESIAN_POINT('',(183.3608,-93.228,1.56));
#4222=CARTESIAN_POINT('Origin',(178.3608,-93.228,1.56));
#4223=CARTESIAN_POINT('',(183.3608,-103.228,1.56));
#4224=CARTESIAN_POINT('',(183.3608,-88.228,1.56));
#4225=CARTESIAN_POINT('',(178.3608,-108.228,1.56));
#4226=CARTESIAN_POINT('Origin',(178.3608,-103.228,1.56));
#4227=CARTESIAN_POINT('',(175.8608,-108.228,1.56));
#4228=CARTESIAN_POINT('',(183.3608,-108.228,1.56));
#4229=CARTESIAN_POINT('',(175.8608,-126.442466094067,1.56));
#4230=CARTESIAN_POINT('',(175.8608,-125.728,1.56));
#4231=CARTESIAN_POINT('',(191.699677170579,-142.281343264646,1.56));
#4232=CARTESIAN_POINT('',(175.146333905933,-125.728,1.56));
#4233=CARTESIAN_POINT('',(198.3608,-145.728,1.56));
#4234=CARTESIAN_POINT('',(198.3608,-145.728,1.56));
#4235=CARTESIAN_POINT('',(190.8608,-153.228,1.56));
#4236=CARTESIAN_POINT('Origin',(198.3608,-153.228,1.56));
#4237=CARTESIAN_POINT('',(188.467406523935,-146.120140429867,1.56));
#4238=CARTESIAN_POINT('',(190.8608,-153.228,1.56));
#4239=CARTESIAN_POINT('',(168.075266094067,-125.728,1.56));
#4240=CARTESIAN_POINT('',(168.075266094067,-125.728,1.56));
#4241=CARTESIAN_POINT('',(153.3608,-125.728,1.56));
#4242=CARTESIAN_POINT('',(175.8608,-125.728,1.56));
#4243=CARTESIAN_POINT('',(153.3608,-128.228,1.56));
#4244=CARTESIAN_POINT('',(153.3608,-125.728,1.56));
#4245=CARTESIAN_POINT('',(148.3608,-133.228,1.56));
#4246=CARTESIAN_POINT('Origin',(148.3608,-128.228,1.56));
#4247=CARTESIAN_POINT('',(138.3608,-133.228,1.56));
#4248=CARTESIAN_POINT('',(133.3608,-133.228,1.56));
#4249=CARTESIAN_POINT('',(133.3608,-128.228,1.56));
#4250=CARTESIAN_POINT('Origin',(138.3608,-128.228,1.56));
#4251=CARTESIAN_POINT('',(133.3608,-125.728,1.56));
#4252=CARTESIAN_POINT('',(133.3608,-125.728,1.56));
#4253=CARTESIAN_POINT('',(118.646333905933,-125.728,1.56));
#4254=CARTESIAN_POINT('',(175.8608,-125.728,1.56));
#4255=CARTESIAN_POINT('',(98.2541934760655,-146.120140429867,1.56));
#4256=CARTESIAN_POINT('',(118.646333905933,-125.728,1.56));
#4257=CARTESIAN_POINT('',(95.8608,-153.228,1.56));
#4258=CARTESIAN_POINT('',(95.8608,-153.228,1.56));
#4259=CARTESIAN_POINT('',(88.3608,-145.728,1.56));
#4260=CARTESIAN_POINT('Origin',(88.3608,-153.228,1.56));
#4261=CARTESIAN_POINT('',(95.0219228294214,-142.281343264646,1.56));
#4262=CARTESIAN_POINT('',(88.3608,-145.728,1.56));
#4263=CARTESIAN_POINT('',(110.8608,-126.442466094067,1.56));
#4264=CARTESIAN_POINT('',(111.575266094067,-125.728,1.56));
#4265=CARTESIAN_POINT('',(110.8608,-108.228,1.56));
#4266=CARTESIAN_POINT('',(110.8608,-70.728,1.56));
#4267=CARTESIAN_POINT('',(108.3608,-108.228,1.56));
#4268=CARTESIAN_POINT('',(103.3608,-108.228,1.56));
#4269=CARTESIAN_POINT('',(103.3608,-103.228,1.56));
#4270=CARTESIAN_POINT('Origin',(108.3608,-103.228,1.56));
#4271=CARTESIAN_POINT('',(103.3608,-93.228,1.56));
#4272=CARTESIAN_POINT('',(103.3608,-98.228,1.56));
#4273=CARTESIAN_POINT('',(108.3608,-88.228,1.56));
#4274=CARTESIAN_POINT('Origin',(108.3608,-93.228,1.56));
#4275=CARTESIAN_POINT('',(110.8608,-88.228,1.56));
#4276=CARTESIAN_POINT('',(103.3608,-88.228,1.56));
#4277=CARTESIAN_POINT('',(110.8608,-70.0135339059327,1.56));
#4278=CARTESIAN_POINT('',(110.8608,-70.728,1.56));
#4279=CARTESIAN_POINT('',(95.0219228294213,-54.1746567353541,1.56));
#4280=CARTESIAN_POINT('',(111.575266094067,-70.728,1.56));
#4281=CARTESIAN_POINT('',(88.3608,-50.728,1.56));
#4282=CARTESIAN_POINT('',(88.3608,-50.728,1.56));
#4283=CARTESIAN_POINT('',(95.8608,-43.228,1.56));
#4284=CARTESIAN_POINT('Origin',(88.3608,-43.228,1.56));
#4285=CARTESIAN_POINT('',(98.2541934760655,-50.3358595701327,1.56));
#4286=CARTESIAN_POINT('',(95.8608,-43.228,1.56));
#4287=CARTESIAN_POINT('',(118.646333905933,-70.728,1.56));
#4288=CARTESIAN_POINT('',(94.8707146169218,-46.9523807109891,1.56));
#4289=CARTESIAN_POINT('',(133.3608,-70.728,1.56));
#4290=CARTESIAN_POINT('',(110.8608,-70.728,1.56));
#4291=CARTESIAN_POINT('',(133.3608,-68.228,1.56));
#4292=CARTESIAN_POINT('',(133.3608,-70.728,1.56));
#4293=CARTESIAN_POINT('',(138.3608,-63.228,1.56));
#4294=CARTESIAN_POINT('Origin',(138.3608,-68.228,1.56));
#4295=CARTESIAN_POINT('',(148.3608,-63.228,1.56));
#4296=CARTESIAN_POINT('',(153.3608,-63.228,1.56));
#4297=CARTESIAN_POINT('',(153.3608,-68.228,1.56));
#4298=CARTESIAN_POINT('Origin',(148.3608,-68.228,1.56));
#4299=CARTESIAN_POINT('',(153.3608,-70.728,1.56));
#4300=CARTESIAN_POINT('',(153.3608,-70.728,1.56));
#4301=CARTESIAN_POINT('',(168.075266094067,-70.728,1.56));
#4302=CARTESIAN_POINT('',(110.8608,-70.728,1.56));
#4303=CARTESIAN_POINT('',(188.467406523935,-50.3358595701328,1.56));
#4304=CARTESIAN_POINT('',(191.850885383078,-46.9523807109891,1.56));
#4305=CARTESIAN_POINT('',(190.8608,-43.228,1.56));
#4306=CARTESIAN_POINT('',(181.1108,-103.228,1.56));
#4307=CARTESIAN_POINT('Origin',(179.6108,-103.228,1.56));
#4308=CARTESIAN_POINT('',(181.1108,-93.228,1.56));
#4309=CARTESIAN_POINT('Origin',(179.6108,-93.228,1.56));
#4310=CARTESIAN_POINT('',(108.6108,-93.228,1.56));
#4311=CARTESIAN_POINT('Origin',(107.1108,-93.228,1.56));
#4312=CARTESIAN_POINT('',(108.6108,-103.228,1.56));
#4313=CARTESIAN_POINT('Origin',(107.1108,-103.228,1.56));
#4314=CARTESIAN_POINT('',(139.8608,-66.978,1.56));
#4315=CARTESIAN_POINT('Origin',(138.3608,-66.978,1.56));
#4316=CARTESIAN_POINT('',(149.8608,-66.978,1.56));
#4317=CARTESIAN_POINT('Origin',(148.3608,-66.978,1.56));
#4318=CARTESIAN_POINT('',(149.8608,-129.478,1.56));
#4319=CARTESIAN_POINT('Origin',(148.3608,-129.478,1.56));
#4320=CARTESIAN_POINT('',(139.8608,-129.478,1.56));
#4321=CARTESIAN_POINT('Origin',(138.3608,-129.478,1.56));
#4322=CARTESIAN_POINT('Origin',(108.3608,-103.228,1.56));
#4323=CARTESIAN_POINT('',(108.3608,-108.228,3.66));
#4324=CARTESIAN_POINT('',(103.3608,-103.228,3.66));
#4325=CARTESIAN_POINT('Origin',(108.3608,-103.228,3.66));
#4326=CARTESIAN_POINT('',(103.3608,-103.228,1.56));
#4327=CARTESIAN_POINT('',(108.3608,-108.228,1.56));
#4328=CARTESIAN_POINT('Origin',(103.3608,-88.228,1.56));
#4329=CARTESIAN_POINT('',(103.3608,-93.228,3.66));
#4330=CARTESIAN_POINT('',(103.3608,-98.228,3.66));
#4331=CARTESIAN_POINT('',(103.3608,-93.228,1.56));
#4332=CARTESIAN_POINT('Origin',(108.3608,-93.228,1.56));
#4333=CARTESIAN_POINT('',(108.3608,-88.228,3.66));
#4334=CARTESIAN_POINT('Origin',(108.3608,-93.228,3.66));
#4335=CARTESIAN_POINT('',(108.3608,-88.228,1.56));
#4336=CARTESIAN_POINT('Origin',(138.3608,-68.228,1.56));
#4337=CARTESIAN_POINT('',(133.3608,-68.228,3.66));
#4338=CARTESIAN_POINT('',(138.3608,-63.228,3.66));
#4339=CARTESIAN_POINT('Origin',(138.3608,-68.228,3.66));
#4340=CARTESIAN_POINT('',(138.3608,-63.228,1.56));
#4341=CARTESIAN_POINT('',(133.3608,-68.228,1.56));
#4342=CARTESIAN_POINT('Origin',(153.3608,-63.228,1.56));
#4343=CARTESIAN_POINT('',(148.3608,-63.228,3.66));
#4344=CARTESIAN_POINT('',(153.3608,-63.228,3.66));
#4345=CARTESIAN_POINT('',(148.3608,-63.228,1.56));
#4346=CARTESIAN_POINT('Origin',(148.3608,-68.228,1.56));
#4347=CARTESIAN_POINT('',(153.3608,-68.228,3.66));
#4348=CARTESIAN_POINT('Origin',(148.3608,-68.228,3.66));
#4349=CARTESIAN_POINT('',(153.3608,-68.228,1.56));
#4350=CARTESIAN_POINT('Origin',(138.3608,-128.228,1.56));
#4351=CARTESIAN_POINT('',(138.3608,-133.228,3.66));
#4352=CARTESIAN_POINT('',(133.3608,-128.228,3.66));
#4353=CARTESIAN_POINT('Origin',(138.3608,-128.228,3.66));
#4354=CARTESIAN_POINT('',(133.3608,-128.228,1.56));
#4355=CARTESIAN_POINT('',(138.3608,-133.228,1.56));
#4356=CARTESIAN_POINT('Origin',(133.3608,-133.228,1.56));
#4357=CARTESIAN_POINT('',(148.3608,-133.228,3.66));
#4358=CARTESIAN_POINT('',(148.3608,-133.228,1.56));
#4359=CARTESIAN_POINT('',(133.3608,-133.228,3.66));
#4360=CARTESIAN_POINT('Origin',(148.3608,-128.228,1.56));
#4361=CARTESIAN_POINT('',(153.3608,-128.228,3.66));
#4362=CARTESIAN_POINT('Origin',(148.3608,-128.228,3.66));
#4363=CARTESIAN_POINT('',(153.3608,-128.228,1.56));
#4364=CARTESIAN_POINT('Origin',(178.3608,-93.228,1.56));
#4365=CARTESIAN_POINT('',(178.3608,-88.228,3.66));
#4366=CARTESIAN_POINT('',(183.3608,-93.228,3.66));
#4367=CARTESIAN_POINT('Origin',(178.3608,-93.228,3.66));
#4368=CARTESIAN_POINT('',(183.3608,-93.228,1.56));
#4369=CARTESIAN_POINT('',(178.3608,-88.228,1.56));
#4370=CARTESIAN_POINT('Origin',(183.3608,-108.228,1.56));
#4371=CARTESIAN_POINT('',(183.3608,-103.228,3.66));
#4372=CARTESIAN_POINT('',(183.3608,-88.228,3.66));
#4373=CARTESIAN_POINT('',(183.3608,-103.228,1.56));
#4374=CARTESIAN_POINT('Origin',(179.6108,-98.228,3.66));
#4375=CARTESIAN_POINT('',(175.8608,-88.228,3.66));
#4376=CARTESIAN_POINT('',(183.3608,-88.228,3.66));
#4377=CARTESIAN_POINT('',(175.8608,-108.228,3.66));
#4378=CARTESIAN_POINT('',(175.8608,-111.978,3.66));
#4379=CARTESIAN_POINT('',(178.3608,-108.228,3.66));
#4380=CARTESIAN_POINT('',(183.3608,-108.228,3.66));
#4381=CARTESIAN_POINT('Origin',(178.3608,-103.228,3.66));
#4382=CARTESIAN_POINT('',(181.1108,-103.228,3.66));
#4383=CARTESIAN_POINT('Origin',(179.6108,-103.228,3.66));
#4384=CARTESIAN_POINT('',(181.1108,-93.228,3.66));
#4385=CARTESIAN_POINT('Origin',(179.6108,-93.228,3.66));
#4386=CARTESIAN_POINT('Origin',(178.3608,-103.228,1.56));
#4387=CARTESIAN_POINT('',(178.3608,-108.228,1.56));
#4388=CARTESIAN_POINT('Origin',(138.3608,-129.478,1.56));
#4389=CARTESIAN_POINT('',(139.8608,-129.478,3.66));
#4390=CARTESIAN_POINT('Origin',(138.3608,-129.478,3.66));
#4391=CARTESIAN_POINT('',(139.8608,-129.478,1.56));
#4392=CARTESIAN_POINT('Origin',(148.3608,-129.478,1.56));
#4393=CARTESIAN_POINT('',(149.8608,-129.478,3.66));
#4394=CARTESIAN_POINT('Origin',(148.3608,-129.478,3.66));
#4395=CARTESIAN_POINT('',(149.8608,-129.478,1.56));
#4396=CARTESIAN_POINT('Origin',(153.3608,-133.228,1.56));
#4397=CARTESIAN_POINT('',(153.3608,-125.728,3.66));
#4398=CARTESIAN_POINT('',(153.3608,-125.728,1.56));
#4399=CARTESIAN_POINT('',(153.3608,-125.728,3.66));
#4400=CARTESIAN_POINT('Origin',(133.3608,-125.728,1.56));
#4401=CARTESIAN_POINT('',(133.3608,-125.728,3.66));
#4402=CARTESIAN_POINT('',(133.3608,-125.728,3.66));
#4403=CARTESIAN_POINT('',(133.3608,-125.728,1.56));
#4404=CARTESIAN_POINT('Origin',(143.3608,-129.478,3.66));
#4405=CARTESIAN_POINT('',(131.003566952966,-125.728,3.66));
#4406=CARTESIAN_POINT('Origin',(148.3608,-66.978,1.56));
#4407=CARTESIAN_POINT('',(149.8608,-66.978,3.66));
#4408=CARTESIAN_POINT('Origin',(148.3608,-66.978,3.66));
#4409=CARTESIAN_POINT('',(149.8608,-66.978,1.56));
#4410=CARTESIAN_POINT('Origin',(138.3608,-66.978,1.56));
#4411=CARTESIAN_POINT('',(139.8608,-66.978,3.66));
#4412=CARTESIAN_POINT('Origin',(138.3608,-66.978,3.66));
#4413=CARTESIAN_POINT('',(139.8608,-66.978,1.56));
#4414=CARTESIAN_POINT('Origin',(133.3608,-63.228,1.56));
#4415=CARTESIAN_POINT('',(133.3608,-70.728,3.66));
#4416=CARTESIAN_POINT('',(133.3608,-70.728,1.56));
#4417=CARTESIAN_POINT('',(133.3608,-70.728,3.66));
#4418=CARTESIAN_POINT('Origin',(153.3608,-70.728,1.56));
#4419=CARTESIAN_POINT('',(153.3608,-70.728,3.66));
#4420=CARTESIAN_POINT('',(153.3608,-70.728,3.66));
#4421=CARTESIAN_POINT('',(153.3608,-70.728,1.56));
#4422=CARTESIAN_POINT('Origin',(143.3608,-66.978,3.66));
#4423=CARTESIAN_POINT('',(155.718033047034,-70.728,3.66));
#4424=CARTESIAN_POINT('Origin',(107.1108,-103.228,1.56));
#4425=CARTESIAN_POINT('',(108.6108,-103.228,3.66));
#4426=CARTESIAN_POINT('Origin',(107.1108,-103.228,3.66));
#4427=CARTESIAN_POINT('',(108.6108,-103.228,1.56));
#4428=CARTESIAN_POINT('Origin',(107.1108,-93.228,1.56));
#4429=CARTESIAN_POINT('',(108.6108,-93.228,3.66));
#4430=CARTESIAN_POINT('Origin',(107.1108,-93.228,3.66));
#4431=CARTESIAN_POINT('',(108.6108,-93.228,1.56));
#4432=CARTESIAN_POINT('Origin',(110.8608,-88.228,1.56));
#4433=CARTESIAN_POINT('',(110.8608,-88.228,3.66));
#4434=CARTESIAN_POINT('',(103.3608,-88.228,3.66));
#4435=CARTESIAN_POINT('',(110.8608,-88.228,1.56));
#4436=CARTESIAN_POINT('Origin',(103.3608,-108.228,1.56));
#4437=CARTESIAN_POINT('',(110.8608,-108.228,3.66));
#4438=CARTESIAN_POINT('',(110.8608,-108.228,1.56));
#4439=CARTESIAN_POINT('',(103.3608,-108.228,3.66));
#4440=CARTESIAN_POINT('Origin',(107.1108,-98.228,3.66));
#4441=CARTESIAN_POINT('',(110.8608,-84.478,3.66));
#4442=CARTESIAN_POINT('Origin',(179.6108,-93.228,1.56));
#4443=CARTESIAN_POINT('',(181.1108,-93.228,1.56));
#4444=CARTESIAN_POINT('Origin',(179.6108,-103.228,1.56));
#4445=CARTESIAN_POINT('',(181.1108,-103.228,1.56));
#4446=CARTESIAN_POINT('Origin',(175.8608,-108.228,1.56));
#4447=CARTESIAN_POINT('',(175.8608,-108.228,1.56));
#4448=CARTESIAN_POINT('Origin',(183.3608,-88.228,1.56));
#4449=CARTESIAN_POINT('',(175.8608,-88.228,1.56));
#4450=CARTESIAN_POINT('Origin',(165.8208,-80.228,5.76));
#4451=CARTESIAN_POINT('',(166.720799,-80.228,9.76));
#4452=CARTESIAN_POINT('Origin',(165.8208,-80.228,9.76));
#4453=CARTESIAN_POINT('',(166.720799,-80.228,5.76));
#4454=CARTESIAN_POINT('',(166.720799,-80.228,5.76));
#4455=CARTESIAN_POINT('Origin',(165.8208,-80.228,5.76));
#4456=CARTESIAN_POINT('Origin',(165.8208,-80.228,9.76));
#4457=CARTESIAN_POINT('Origin',(137.67,-92.73,5.76));
#4458=CARTESIAN_POINT('',(138.569999,-92.73,9.76));
#4459=CARTESIAN_POINT('Origin',(137.67,-92.73,9.76));
#4460=CARTESIAN_POINT('',(138.569999,-92.73,5.76));
#4461=CARTESIAN_POINT('',(138.569999,-92.73,5.76));
#4462=CARTESIAN_POINT('Origin',(137.67,-92.73,5.76));
#4463=CARTESIAN_POINT('Origin',(137.67,-92.73,9.76));
#4464=CARTESIAN_POINT('Origin',(120.9008,-80.228,5.76));
#4465=CARTESIAN_POINT('',(121.800799,-80.228,9.76));
#4466=CARTESIAN_POINT('Origin',(120.9008,-80.228,9.76));
#4467=CARTESIAN_POINT('',(121.800799,-80.228,5.76));
#4468=CARTESIAN_POINT('',(121.800799,-80.228,5.76));
#4469=CARTESIAN_POINT('Origin',(120.9008,-80.228,5.76));
#4470=CARTESIAN_POINT('Origin',(120.9008,-80.228,9.76));
#4471=CARTESIAN_POINT('Origin',(149.081,-92.73,5.76));
#4472=CARTESIAN_POINT('',(149.980999,-92.73,9.76));
#4473=CARTESIAN_POINT('Origin',(149.081,-92.73,9.76));
#4474=CARTESIAN_POINT('',(149.980999,-92.73,5.76));
#4475=CARTESIAN_POINT('',(149.980999,-92.73,5.76));
#4476=CARTESIAN_POINT('Origin',(149.081,-92.73,5.76));
#4477=CARTESIAN_POINT('Origin',(149.081,-92.73,9.76));
#4478=CARTESIAN_POINT('Origin',(120.9008,-80.228,5.76));
#4479=CARTESIAN_POINT('',(121.900799,-80.228,7.76));
#4480=CARTESIAN_POINT('Origin',(120.9008,-80.228,7.76));
#4481=CARTESIAN_POINT('',(121.900799,-80.228,5.76));
#4482=CARTESIAN_POINT('',(121.900799,-80.228,5.76));
#4483=CARTESIAN_POINT('Origin',(120.9008,-80.228,5.76));
#4484=CARTESIAN_POINT('Origin',(120.9008,-80.228,5.76));
#4485=CARTESIAN_POINT('',(122.900799,-80.228,7.76));
#4486=CARTESIAN_POINT('Origin',(120.9008,-80.228,7.76));
#4487=CARTESIAN_POINT('',(122.900799,-80.228,5.76));
#4488=CARTESIAN_POINT('',(122.900799,-80.228,5.76));
#4489=CARTESIAN_POINT('Origin',(120.9008,-80.228,5.76));
#4490=CARTESIAN_POINT('Origin',(120.9008,-80.228,7.76));
#4491=CARTESIAN_POINT('Origin',(143.3608,-98.228,5.76));
#4492=CARTESIAN_POINT('Origin',(165.8208,-80.228,5.76));
#4493=CARTESIAN_POINT('',(166.820799,-80.228,7.76));
#4494=CARTESIAN_POINT('Origin',(165.8208,-80.228,7.76));
#4495=CARTESIAN_POINT('',(166.820799,-80.228,5.76));
#4496=CARTESIAN_POINT('',(166.820799,-80.228,5.76));
#4497=CARTESIAN_POINT('Origin',(165.8208,-80.228,5.76));
#4498=CARTESIAN_POINT('Origin',(165.8208,-80.228,5.76));
#4499=CARTESIAN_POINT('',(167.820799,-80.228,7.76));
#4500=CARTESIAN_POINT('Origin',(165.8208,-80.228,7.76));
#4501=CARTESIAN_POINT('',(167.820799,-80.228,5.76));
#4502=CARTESIAN_POINT('',(167.820799,-80.228,5.76));
#4503=CARTESIAN_POINT('Origin',(165.8208,-80.228,5.76));
#4504=CARTESIAN_POINT('Origin',(165.8208,-80.228,7.76));
#4505=CARTESIAN_POINT('Origin',(143.3608,-98.228,5.76));
#4506=CARTESIAN_POINT('Origin',(137.67,-92.73,5.76));
#4507=CARTESIAN_POINT('',(138.669999,-92.73,7.76));
#4508=CARTESIAN_POINT('Origin',(137.67,-92.73,7.76));
#4509=CARTESIAN_POINT('',(138.669999,-92.73,5.76));
#4510=CARTESIAN_POINT('',(138.669999,-92.73,5.76));
#4511=CARTESIAN_POINT('Origin',(137.67,-92.73,5.76));
#4512=CARTESIAN_POINT('Origin',(137.67,-92.73,5.76));
#4513=CARTESIAN_POINT('',(139.669999,-92.73,7.76));
#4514=CARTESIAN_POINT('Origin',(137.67,-92.73,7.76));
#4515=CARTESIAN_POINT('',(139.669999,-92.73,5.76));
#4516=CARTESIAN_POINT('',(139.669999,-92.73,5.76));
#4517=CARTESIAN_POINT('Origin',(137.67,-92.73,5.76));
#4518=CARTESIAN_POINT('Origin',(137.67,-92.73,7.76));
#4519=CARTESIAN_POINT('Origin',(143.3608,-98.228,5.76));
#4520=CARTESIAN_POINT('Origin',(149.081,-92.73,5.76));
#4521=CARTESIAN_POINT('',(150.080999,-92.73,7.76));
#4522=CARTESIAN_POINT('Origin',(149.081,-92.73,7.76));
#4523=CARTESIAN_POINT('',(150.080999,-92.73,5.76));
#4524=CARTESIAN_POINT('',(150.080999,-92.73,5.76));
#4525=CARTESIAN_POINT('Origin',(149.081,-92.73,5.76));
#4526=CARTESIAN_POINT('Origin',(149.081,-92.73,5.76));
#4527=CARTESIAN_POINT('',(151.080999,-92.73,7.76));
#4528=CARTESIAN_POINT('Origin',(149.081,-92.73,7.76));
#4529=CARTESIAN_POINT('',(151.080999,-92.73,5.76));
#4530=CARTESIAN_POINT('',(151.080999,-92.73,5.76));
#4531=CARTESIAN_POINT('Origin',(149.081,-92.73,5.76));
#4532=CARTESIAN_POINT('Origin',(149.081,-92.73,7.76));
#4533=CARTESIAN_POINT('Origin',(143.3608,-98.228,5.76));
#4534=CARTESIAN_POINT('',(198.3608,-145.728,5.76));
#4535=CARTESIAN_POINT('',(191.699677170579,-142.281343264646,5.76));
#4536=CARTESIAN_POINT('',(198.3608,-145.728,5.76));
#4537=CARTESIAN_POINT('',(175.8608,-126.442466094067,5.76));
#4538=CARTESIAN_POINT('',(175.146333905933,-125.728,5.76));
#4539=CARTESIAN_POINT('',(175.8608,-70.0135339059327,5.76));
#4540=CARTESIAN_POINT('',(175.8608,-125.728,5.76));
#4541=CARTESIAN_POINT('',(191.699677170579,-54.174656735354,5.76));
#4542=CARTESIAN_POINT('',(195.652427933594,-50.2219059723385,5.76));
#4543=CARTESIAN_POINT('',(198.3608,-50.728,5.76));
#4544=CARTESIAN_POINT('',(198.3608,-50.728,5.76));
#4545=CARTESIAN_POINT('',(205.8608,-43.228,5.76));
#4546=CARTESIAN_POINT('Origin',(198.3608,-43.228,5.76));
#4547=CARTESIAN_POINT('',(190.8608,-43.228,5.76));
#4548=CARTESIAN_POINT('Origin',(198.3608,-43.228,5.76));
#4549=CARTESIAN_POINT('',(188.467406523935,-50.3358595701327,5.76));
#4550=CARTESIAN_POINT('',(190.8608,-43.228,5.76));
#4551=CARTESIAN_POINT('',(168.075266094067,-70.728,5.76));
#4552=CARTESIAN_POINT('',(191.850885383078,-46.9523807109891,5.76));
#4553=CARTESIAN_POINT('',(118.646333905933,-70.728,5.76));
#4554=CARTESIAN_POINT('',(110.8608,-70.728,5.76));
#4555=CARTESIAN_POINT('',(98.2541934760655,-50.3358595701327,5.76));
#4556=CARTESIAN_POINT('',(94.8707146169218,-46.9523807109891,5.76));
#4557=CARTESIAN_POINT('',(95.8608,-43.228,5.76));
#4558=CARTESIAN_POINT('',(95.8608,-43.228,5.76));
#4559=CARTESIAN_POINT('',(88.3608,-50.728,5.76));
#4560=CARTESIAN_POINT('Origin',(88.3608,-43.228,5.76));
#4561=CARTESIAN_POINT('',(95.0219228294213,-54.1746567353541,5.76));
#4562=CARTESIAN_POINT('',(88.3608,-50.728,5.76));
#4563=CARTESIAN_POINT('',(110.8608,-70.0135339059327,5.76));
#4564=CARTESIAN_POINT('',(111.575266094067,-70.728,5.76));
#4565=CARTESIAN_POINT('',(110.8608,-126.442466094067,5.76));
#4566=CARTESIAN_POINT('',(110.8608,-70.728,5.76));
#4567=CARTESIAN_POINT('',(95.0219228294214,-142.281343264646,5.76));
#4568=CARTESIAN_POINT('',(111.575266094067,-125.728,5.76));
#4569=CARTESIAN_POINT('',(88.3608,-145.728,5.76));
#4570=CARTESIAN_POINT('',(88.3608,-145.728,5.76));
#4571=CARTESIAN_POINT('',(95.8608,-153.228,5.76));
#4572=CARTESIAN_POINT('Origin',(88.3608,-153.228,5.76));
#4573=CARTESIAN_POINT('',(98.2541934760655,-146.120140429867,5.76));
#4574=CARTESIAN_POINT('',(95.8608,-153.228,5.76));
#4575=CARTESIAN_POINT('',(118.646333905933,-125.728,5.76));
#4576=CARTESIAN_POINT('',(118.646333905933,-125.728,5.76));
#4577=CARTESIAN_POINT('',(168.075266094067,-125.728,5.76));
#4578=CARTESIAN_POINT('',(175.8608,-125.728,5.76));
#4579=CARTESIAN_POINT('',(188.467406523935,-146.120140429867,5.76));
#4580=CARTESIAN_POINT('',(168.075266094067,-125.728,5.76));
#4581=CARTESIAN_POINT('',(190.8608,-153.228,5.76));
#4582=CARTESIAN_POINT('',(190.8608,-153.228,5.76));
#4583=CARTESIAN_POINT('',(205.8608,-153.228,5.76));
#4584=CARTESIAN_POINT('Origin',(198.3608,-153.228,5.76));
#4585=CARTESIAN_POINT('Origin',(198.3608,-153.228,5.76));
#4586=CARTESIAN_POINT('',(92.6108,-153.228,5.76));
#4587=CARTESIAN_POINT('Origin',(88.3608,-153.228,5.76));
#4588=CARTESIAN_POINT('',(202.6108,-43.228,5.76));
#4589=CARTESIAN_POINT('Origin',(198.3608,-43.228,5.76));
#4590=CARTESIAN_POINT('',(92.6108,-43.228,5.76));
#4591=CARTESIAN_POINT('Origin',(88.3608,-43.228,5.76));
#4592=CARTESIAN_POINT('',(202.6108,-153.228,5.76));
#4593=CARTESIAN_POINT('Origin',(198.3608,-153.228,5.76));
#4594=CARTESIAN_POINT('Origin',(175.146333905933,-70.728,1.56));
#4595=CARTESIAN_POINT('',(175.8608,-70.0135339059327,1.56));
#4596=CARTESIAN_POINT('',(191.699677170579,-54.174656735354,1.56));
#4597=CARTESIAN_POINT('Origin',(111.575266094067,-125.728,1.56));
#4598=CARTESIAN_POINT('',(110.8608,-126.442466094067,1.56));
#4599=CARTESIAN_POINT('',(95.0219228294214,-142.281343264646,1.56));
#4600=CARTESIAN_POINT('Origin',(88.3608,-153.228,1.56));
#4601=CARTESIAN_POINT('',(92.6108,-153.228,1.56));
#4602=CARTESIAN_POINT('Origin',(198.3608,-43.228,1.56));
#4603=CARTESIAN_POINT('',(202.6108,-43.228,1.56));
#4604=CARTESIAN_POINT('Origin',(88.3608,-43.228,1.56));
#4605=CARTESIAN_POINT('',(92.6108,-43.228,1.56));
#4606=CARTESIAN_POINT('Origin',(198.3608,-153.228,1.56));
#4607=CARTESIAN_POINT('',(202.6108,-153.228,1.56));
#4608=CARTESIAN_POINT('Origin',(198.3608,-153.228,1.56));
#4609=CARTESIAN_POINT('',(198.3608,-145.728,1.56));
#4610=CARTESIAN_POINT('',(205.8608,-153.228,1.56));
#4611=CARTESIAN_POINT('',(190.8608,-153.228,1.56));
#4612=CARTESIAN_POINT('Origin',(188.467406523935,-146.120140429867,1.56));
#4613=CARTESIAN_POINT('',(188.467406523935,-146.120140429867,1.56));
#4614=CARTESIAN_POINT('Origin',(168.075266094067,-125.728,1.56));
#4615=CARTESIAN_POINT('',(168.075266094067,-125.728,1.56));
#4616=CARTESIAN_POINT('Origin',(118.646333905933,-125.728,1.56));
#4617=CARTESIAN_POINT('',(118.646333905933,-125.728,1.56));
#4618=CARTESIAN_POINT('Origin',(98.2541934760655,-146.120140429867,1.56));
#4619=CARTESIAN_POINT('',(98.2541934760655,-146.120140429867,1.56));
#4620=CARTESIAN_POINT('Origin',(95.8608,-153.228,1.56));
#4621=CARTESIAN_POINT('',(95.8608,-153.228,1.56));
#4622=CARTESIAN_POINT('Origin',(88.3608,-153.228,1.56));
#4623=CARTESIAN_POINT('',(88.3608,-145.728,1.56));
#4624=CARTESIAN_POINT('',(95.8608,-153.228,1.56));
#4625=CARTESIAN_POINT('Origin',(95.0219228294214,-142.281343264646,1.56));
#4626=CARTESIAN_POINT('Origin',(110.8608,-70.728,1.56));
#4627=CARTESIAN_POINT('',(110.8608,-70.0135339059327,1.56));
#4628=CARTESIAN_POINT('Origin',(95.0219228294213,-54.1746567353541,1.56));
#4629=CARTESIAN_POINT('',(95.0219228294213,-54.1746567353541,1.56));
#4630=CARTESIAN_POINT('Origin',(88.3608,-50.728,1.56));
#4631=CARTESIAN_POINT('',(88.3608,-50.728,1.56));
#4632=CARTESIAN_POINT('Origin',(88.3608,-43.228,1.56));
#4633=CARTESIAN_POINT('',(95.8608,-43.228,1.56));
#4634=CARTESIAN_POINT('',(95.8608,-43.228,1.56));
#4635=CARTESIAN_POINT('Origin',(98.2541934760655,-50.3358595701327,1.56));
#4636=CARTESIAN_POINT('',(98.2541934760655,-50.3358595701327,1.56));
#4637=CARTESIAN_POINT('Origin',(118.646333905933,-70.728,1.56));
#4638=CARTESIAN_POINT('',(118.646333905933,-70.728,1.56));
#4639=CARTESIAN_POINT('Origin',(168.075266094067,-70.728,1.56));
#4640=CARTESIAN_POINT('',(168.075266094067,-70.728,1.56));
#4641=CARTESIAN_POINT('Origin',(188.467406523935,-50.3358595701327,1.56));
#4642=CARTESIAN_POINT('',(188.467406523935,-50.3358595701328,1.56));
#4643=CARTESIAN_POINT('Origin',(190.8608,-43.228,1.56));
#4644=CARTESIAN_POINT('',(190.8608,-43.228,1.56));
#4645=CARTESIAN_POINT('Origin',(198.3608,-43.228,1.56));
#4646=CARTESIAN_POINT('',(205.8608,-43.228,1.56));
#4647=CARTESIAN_POINT('',(198.3608,-50.728,1.56));
#4648=CARTESIAN_POINT('Origin',(191.699677170579,-54.174656735354,1.56));
#4649=CARTESIAN_POINT('Origin',(175.8608,-125.728,1.56));
#4650=CARTESIAN_POINT('',(175.8608,-126.442466094067,1.56));
#4651=CARTESIAN_POINT('Origin',(191.699677170579,-142.281343264646,1.56));
#4652=CARTESIAN_POINT('',(191.699677170579,-142.281343264646,1.56));
#4653=CARTESIAN_POINT('Origin',(198.3608,-145.728,1.56));
#4654=CARTESIAN_POINT('Origin',(143.3608,-98.228,5.76));
#4655=CARTESIAN_POINT('',(0.,0.,0.));
#4656=UNCERTAINTY_MEASURE_WITH_UNIT(LENGTH_MEASURE(0.01),#4662,
'DISTANCE_ACCURACY_VALUE',
'Maximum model space distance between geometric entities at asserted c
onnectivities');
#4657=UNCERTAINTY_MEASURE_WITH_UNIT(LENGTH_MEASURE(0.01),#4662,
'DISTANCE_ACCURACY_VALUE',
'Maximum model space distance between geometric entities at asserted c
onnectivities');
#4658=UNCERTAINTY_MEASURE_WITH_UNIT(LENGTH_MEASURE(0.01),#4662,
'DISTANCE_ACCURACY_VALUE',
'Maximum model space distance between geometric entities at asserted c
onnectivities');
#4659=(
GEOMETRIC_REPRESENTATION_CONTEXT(3)
GLOBAL_UNCERTAINTY_ASSIGNED_CONTEXT((#4656))
GLOBAL_UNIT_ASSIGNED_CONTEXT((#4662,#4664,#4665))
REPRESENTATION_CONTEXT('','3D')
);
#4660=(
GEOMETRIC_REPRESENTATION_CONTEXT(3)
GLOBAL_UNCERTAINTY_ASSIGNED_CONTEXT((#4657))
GLOBAL_UNIT_ASSIGNED_CONTEXT((#4662,#4664,#4665))
REPRESENTATION_CONTEXT('','3D')
);
#4661=(
GEOMETRIC_REPRESENTATION_CONTEXT(3)
GLOBAL_UNCERTAINTY_ASSIGNED_CONTEXT((#4658))
GLOBAL_UNIT_ASSIGNED_CONTEXT((#4662,#4664,#4665))
REPRESENTATION_CONTEXT('','3D')
);
#4662=(
LENGTH_UNIT()
NAMED_UNIT(*)
SI_UNIT(.MILLI.,.METRE.)
);
#4663=(
LENGTH_UNIT()
NAMED_UNIT(*)
SI_UNIT($,.METRE.)
);
#4664=(
NAMED_UNIT(*)
PLANE_ANGLE_UNIT()
SI_UNIT($,.RADIAN.)
);
#4665=(
NAMED_UNIT(*)
SI_UNIT($,.STERADIAN.)
SOLID_ANGLE_UNIT()
);
#4666=SHAPE_DEFINITION_REPRESENTATION(#4668,#4671);
#4667=SHAPE_DEFINITION_REPRESENTATION(#4669,#4672);
#4668=PRODUCT_DEFINITION_SHAPE('',$,#4674);
#4669=PRODUCT_DEFINITION_SHAPE('',$,#4675);
#4670=PRODUCT_DEFINITION_SHAPE($,$,#16);
#4671=SHAPE_REPRESENTATION('',(#2806,#3072),#4659);
#4672=SHAPE_REPRESENTATION('',(#2807),#4660);
#4673=PRODUCT_DEFINITION_CONTEXT('part definition',#4681,'design');
#4674=PRODUCT_DEFINITION('Quad0_PCB 1','Quad0_PCB (1)',#4676,#4673);
#4675=PRODUCT_DEFINITION('2026-09-12-17-08-20-928','BrushedFrame',#4677,
#4673);
#4676=PRODUCT_DEFINITION_FORMATION('',$,#4683);
#4677=PRODUCT_DEFINITION_FORMATION('',$,#4684);
#4678=PRODUCT_RELATED_PRODUCT_CATEGORY('Quad0_PCB (1)','Quad0_PCB (1)',
(#4683));
#4679=PRODUCT_RELATED_PRODUCT_CATEGORY('BrushedFrame','BrushedFrame',(#4684));
#4680=APPLICATION_PROTOCOL_DEFINITION('international standard',
'automotive_design',2009,#4681);
#4681=APPLICATION_CONTEXT(
'Core Data for Automotive Mechanical Design Process');
#4682=PRODUCT_CONTEXT('part definition',#4681,'mechanical');
#4683=PRODUCT('Quad0_PCB 1','Quad0_PCB (1)','KiCad electronic assembly',
(#4682));
#4684=PRODUCT('2026-09-12-17-08-20-928','BrushedFrame',$,(#4682));
#4685=PRESENTATION_STYLE_ASSIGNMENT((#4686));
#4686=SURFACE_STYLE_USAGE(.BOTH.,#4687);
#4687=SURFACE_SIDE_STYLE('',(#4688));
#4688=SURFACE_STYLE_FILL_AREA(#4689);
#4689=FILL_AREA_STYLE('Steel - Satin',(#4690));
#4690=FILL_AREA_STYLE_COLOUR('Steel - Satin',#4691);
#4691=COLOUR_RGB('Steel - Satin',0.627450980392157,0.627450980392157,0.627450980392157);
ENDSEC;
END-ISO-10303-21;
